again,0.5058848261833191,0.2561582326889038,-0.9264500737190247,0.5311499238014221,0.20927423238754272,-0.8918563723564148,0.5461950898170471,0.21192222833633423,-0.8916651606559753,0.5592705011367798,0.21444667875766754,-0.8916905522346497,0.4797658920288086,0.20281243324279785,-0.8897792100906372,0.4637471139431,0.20398014783859253,-0.8901278376579285,0.4498376250267029,0.20708543062210083,-0.8904665112495422,0.5753452777862549,0.24356447160243988,-0.6087868809700012,0.42614373564720154,0.24461132287979126,-0.5885319113731384,0.5357157588005066,0.3299653232097626,-0.8148651123046875,0.47392886877059937,0.32080286741256714,-0.8116506338119507,0.6695735454559326,0.5199698805809021,-0.42914995551109314,0.316888689994812,0.49954116344451904,-0.3241671621799469,0.7722655534744263,0.9700892567634583,-0.5830657482147217,0.01773291826248169,0.660425066947937,-0.7022544741630554,0.6401199102401733,0.7974846363067627,-0.868851363658905,0.16754348576068878,0.35783058404922485,-1.2226556539535522,0.579826295375824,0.7889670133590698,-0.9232040643692017,0.22744302451610565,0.3168719410896301,-1.3051228523254395,0.558800220489502,0.7104572057723999,-0.8471959829330444,0.27018797397613525,0.30395573377609253,-1.1989600658416748,0.5742508172988892,0.7139276266098022,-0.840660572052002,0.2578711211681366,0.3324401080608368,-1.1945987939834595,0.588184118270874,1.0829514265060425,-0.0142724784091115,0.36856648325920105,1.0164968967437744,0.01671566255390644,0.6102604866027832,1.5149657726287842,0.00710922759026289,0.3398946225643158,1.518054485321045,0.22650544345378876,0.5696333050727844,1.899681568145752,0.6960561275482178,0.3333103358745575,1.8943982124328613,0.7372592091560364,0.5632598996162415,1.9614007472991943,0.7513893842697144,0.3305332660675049,1.9535521268844604,0.780857264995575,0.5360383987426758,2.063058853149414,0.39444699883461,0.35451486706733704,2.060333728790283,0.40262898802757263,0.20178955793380737,0.31929323077201843,0.0,0.22849217057228088,0.27824637293815613,-0.0031381798908114433,0.270079642534256,0.2525964677333832,-0.01830371282994747,0.30540287494659424,0.2412349283695221,-0.031243279576301575,0.33197200298309326,0.22576585412025452,-0.044286809861660004,0.2676392197608948,0.23782432079315186,-0.05623919516801834,0.32048389315605164,0.271096795797348,-0.07668213546276093,0.3562430143356323,0.2932061553001404,-0.08303944021463394,0.385802686214447,0.31113553047180176,-0.08605600148439407,0.25622066855430603,0.2682834565639496,-0.06384475529193878,0.32022741436958313,0.3051831126213074,-0.08936465531587601,0.36151638627052307,0.3265799283981323,-0.09363860636949539,0.39389193058013916,0.34139174222946167,-0.09556319564580917,0.24731747806072235,0.308445543050766,-0.06767738610506058,0.3098745346069336,0.33776533603668213,-0.08853417634963989,0.3469536304473877,0.3574971556663513,-0.08669978380203247,0.3760720491409302,0.3676571846008301,-0.08455582708120346,0.2406722605228424,0.3494248688220978,-0.07000057399272919,0.2893502116203308,0.3648940324783325,-0.08293311297893524,0.317013680934906,0.37450018525123596,-0.08046866953372955,0.3401777148246765,0.38060349225997925,-0.078426793217659
again,0.49353891611099243,0.2709568738937378,-0.4894707202911377,0.5267759561538696,0.2235812544822693,-0.46252650022506714,0.5417575836181641,0.22351938486099243,-0.4627813398838043,0.5536586046218872,0.22411584854125977,-0.46280965209007263,0.4755460321903229,0.22051268815994263,-0.4473654627799988,0.46000784635543823,0.21969491243362427,-0.4471309185028076,0.4464508593082428,0.2197083830833435,-0.4477127492427826,0.5705643892288208,0.24600988626480103,-0.21140357851982117,0.43113845586776733,0.2393045425415039,-0.1276133507490158,0.5235674977302551,0.32575559616088867,-0.38918134570121765,0.4599151015281677,0.3206959366798401,-0.36989617347717285,0.665523886680603,0.509087324142456,-0.118463896214962,0.3274769186973572,0.4647124409675598,0.12431846559047699,0.7467516660690308,0.961536705493927,-0.3709140419960022,0.005772382020950317,0.5841334462165833,-0.30998900532722473,0.6003050208091736,0.7504301071166992,-0.6522003412246704,0.22800084948539734,0.35266774892807007,-0.9117587804794312,0.5325225591659546,0.7138935327529907,-0.7033637762069702,0.30222079157829285,0.3246517777442932,-0.9938477277755737,0.5342196226119995,0.6302018761634827,-0.5998819470405579,0.340012788772583,0.3196210265159607,-0.8673999905586243,0.5465435981750488,0.6512113809585571,-0.6090314984321594,0.32594504952430725,0.34369927644729614,-0.8752951622009277,0.5737954378128052,1.1006795167922974,-0.0886315107345581,0.35912638902664185,0.9989071488380432,0.09144411981105804,0.5253796577453613,1.5733311176300049,-0.22681298851966858,0.2772672772407532,1.5300160646438599,0.24846753478050232,0.48946112394332886,2.0232677459716797,0.07096996903419495,0.2567937970161438,1.9775276184082031,0.4787595868110657,0.4935525059700012,2.0860257148742676,0.08123739063739777,0.2522844672203064,2.0384621620178223,0.4927448630332947,0.43649110198020935,2.174205780029297,-0.35042765736579895,0.2622583508491516,2.1338322162628174,0.09844274073839188,0.6144174933433533,0.7657422423362732,0.0,0.6251816749572754,0.7112852334976196,-0.025707725435495377,0.6186284422874451,0.6591569781303406,-0.04392589256167412,0.5966580510139465,0.6333270072937012,-0.05417475476861,0.5763739943504333,0.6238311529159546,-0.062266312539577484,0.5704044699668884,0.688476026058197,-0.06638187915086746,0.5186361074447632,0.6578762531280518,-0.08268119394779205,0.4902759790420532,0.6306819915771484,-0.08887965977191925,0.46726036071777344,0.6115173101425171,-0.09265358000993729,0.5512329339981079,0.7098032832145691,-0.05573037639260292,0.49581268429756165,0.6745938658714294,-0.07970727980136871,0.46599435806274414,0.6395702958106995,-0.08952111750841141,0.44111621379852295,0.612903892993927,-0.09544716030359268,0.5415797233581543,0.7196351289749146,-0.042030930519104004,0.494619756937027,0.6860010623931885,-0.0603790245950222,0.4647650122642517,0.6542174816131592,-0.06998607516288757,0.4408288598060608,0.6283087134361267,-0.07536789029836655,0.5378000736236572,0.7203813791275024,-0.02850024402141571,0.501499593257904,0.6938032507896423,-0.04068226367235184,0.47600680589675903,0.6700350642204285,-0.04824868217110634,0.45683470368385315,0.6484865546226501,-0.05353058502078056
again,0.5020661354064941,0.2889922261238098,-1.1796883344650269,0.5328786969184875,0.23467861115932465,-1.1535917520523071,0.5480193495750427,0.23401588201522827,-1.1536109447479248,0.5610955357551575,0.23399853706359863,-1.1538002490997314,0.47887811064720154,0.2342585176229477,-1.148693323135376,0.46043720841407776,0.23355692625045776,-1.1487222909927368,0.4457687437534332,0.23323005437850952,-1.1490302085876465,0.5820091962814331,0.2519227862358093,-0.8261967897415161,0.4270811975002289,0.2490220069885254,-0.7996811866760254,0.5344531536102295,0.3542819619178772,-1.0432584285736084,0.47043925523757935,0.34727948904037476,-1.0390195846557617,0.6628485918045044,0.5136624574661255,-0.6706670522689819,0.33343520760536194,0.45372268557548523,-0.42443376779556274,0.7241236567497253,0.9796451330184937,-0.9952973127365112,0.007156878709793091,0.5261015295982361,-0.6129727959632874,0.5701119899749756,0.7243619561195374,-1.2864904403686523,0.17076420783996582,0.40878885984420776,-0.8393846750259399,0.5011468529701233,0.6228876113891602,-1.3419173955917358,0.2082204520702362,0.3874461352825165,-0.8467583656311035,0.5210718512535095,0.5477941036224365,-1.236354947090149,0.23091550171375275,0.36600369215011597,-0.7656365036964417,0.5276561975479126,0.5804723501205444,-1.2445787191390991,0.22133894264698029,0.38933128118515015,-0.8136822581291199,0.6021701693534851,1.1060636043548584,-0.07239630818367004,0.3873497247695923,1.0102403163909912,0.07553532719612122,0.5788153409957886,1.5662806034088135,0.06658446043729782,0.33301764726638794,1.532177209854126,0.33649712800979614,0.543482780456543,1.9484165906906128,0.8013372421264648,0.3119261860847473,1.9127256870269775,0.9504696130752563,0.5467708110809326,2.012303590774536,0.8571775555610657,0.30089449882507324,1.9786598682403564,1.0090625286102295,0.4977715015411377,2.118335247039795,0.4380651116371155,0.3409935235977173,2.084285259246826,0.5763505101203918,0.6671937704086304,0.6037293672561646,0.0,0.6242203116416931,0.5646712183952332,-0.003498228034004569,0.5974560976028442,0.5096890330314636,-0.012157890945672989,0.583356499671936,0.4707123339176178,-0.023492567241191864,0.5699958801269531,0.43951132893562317,-0.0326659232378006,0.6209227442741394,0.44226452708244324,-0.01593802124261856,0.5879334211349487,0.4459346830844879,-0.034579046070575714,0.5793329477310181,0.49300840497016907,-0.03874104470014572,0.5792512893676758,0.5309733152389526,-0.03857873007655144,0.6497147679328918,0.4512416124343872,-0.025544548407197,0.6190090179443359,0.4709538519382477,-0.04351797327399254,0.6065979599952698,0.5273122191429138,-0.03968333080410957,0.6027652621269226,0.5705308318138123,-0.03446817770600319,0.6783543825149536,0.4758645296096802,-0.03630681708455086,0.6506152153015137,0.5054293274879456,-0.05404280498623848,0.6374834179878235,0.5597599744796753,-0.04430872201919556,0.631575345993042,0.5986854434013367,-0.03446144610643387,0.7040950059890747,0.5091588497161865,-0.04834170639514923,0.6833041906356812,0.5330520272254944,-0.059487078338861465,0.6668301224708557,0.5720939636230469,-0.05255240201950073,0.6565477848052979,0.6035804748535156,-0.044188085943460464
again,0.49070921540260315,0.276192307472229,-1.2086143493652344,0.5240877270698547,0.22432006895542145,-1.1740907430648804,0.5412864089012146,0.223361074924469,-1.174134612083435,0.5554556250572205,0.22301989793777466,-1.1743528842926025,0.4700801372528076,0.22496742010116577,-1.1639882326126099,0.45470482110977173,0.22489053010940552,-1.1641062498092651,0.44135531783103943,0.2250528335571289,-1.1645255088806152,0.5757108926773071,0.2423090934753418,-0.8197996020317078,0.4239584803581238,0.24319106340408325,-0.76869797706604,0.5262053608894348,0.337486207485199,-1.0629857778549194,0.4609437584877014,0.33509361743927,-1.051899790763855,0.6583459973335266,0.5065988898277283,-0.6689225435256958,0.3373022675514221,0.45055192708969116,-0.4147440791130066,0.7226513624191284,0.9678343534469604,-1.0910142660140991,0.039936572313308716,0.5295502543449402,-0.8082472681999207,0.5764085054397583,0.7327032089233398,-1.4707530736923218,0.32875293493270874,0.4382505416870117,-1.2098491191864014,0.5053790211677551,0.6678346395492554,-1.5448544025421143,0.3932380974292755,0.43818414211273193,-1.2552094459533691,0.5240267515182495,0.5936197638511658,-1.437785029411316,0.42662858963012695,0.4098343253135681,-1.1283620595932007,0.5388760566711426,0.6217654943466187,-1.429207682609558,0.40234166383743286,0.4287399649620056,-1.1691678762435913,0.5955843329429626,1.0936170816421509,-0.09103549271821976,0.35855165123939514,1.0732057094573975,0.09363739937543869,0.5699096918106079,1.5206847190856934,-0.025830041617155075,0.3447737395763397,1.492802381515503,0.457925021648407,0.546911358833313,1.9072788953781128,0.7674403786659241,0.33308160305023193,1.8733747005462646,1.190773844718933,0.5529781579971313,1.9749476909637451,0.8292847871780396,0.32654398679733276,1.9399502277374268,1.2604820728302002,0.5002036690711975,2.071711778640747,0.4052138924598694,0.3502064049243927,2.040929079055786,0.8530562520027161,0.6635867357254028,0.6421627998352051,0.0,0.6200259923934937,0.6156122088432312,0.006003049202263355,0.5868697166442871,0.560585618019104,0.0047542499378323555,0.5706843733787537,0.5177760720252991,-0.002433731686323881,0.5628315210342407,0.4824109971523285,-0.007434227038174868,0.605461835861206,0.4780808389186859,0.014646358788013458,0.5846506357192993,0.4492831826210022,-0.000301018008030951,0.5742950439453125,0.49157705903053284,-0.005105002783238888,0.5716129541397095,0.5323067307472229,-0.004866261966526508,0.6315183639526367,0.4739389717578888,0.0015341907273977995,0.6080400943756104,0.4589571952819824,-0.013367573730647564,0.5943269729614258,0.5131492018699646,-0.014142937026917934,0.5910362601280212,0.5597186088562012,-0.01035598199814558,0.6580403447151184,0.4816688299179077,-0.014398105442523956,0.6357102394104004,0.4779001474380493,-0.030483467504382133,0.6223353147506714,0.5332050323486328,-0.024578595533967018,0.6183324456214905,0.5777904987335205,-0.015782952308654785,0.6845391988754272,0.500834047794342,-0.03132539242506027,0.6640445590019226,0.49851441383361816,-0.04044470936059952,0.6497254371643066,0.5407596230506897,-0.03433854132890701,0.6437230110168457,0.5793271660804749,-0.025873150676488876
again,0.4909798502922058,0.2809187173843384,-0.9196790456771851,0.5268586874008179,0.2334194779396057,-0.8971296548843384,0.5439171195030212,0.2331807017326355,-0.8971880674362183,0.5574802756309509,0.23335552215576172,-0.8974906206130981,0.4697580337524414,0.2301279455423355,-0.8824521899223328,0.4544290006160736,0.2285173535346985,-0.882485032081604,0.44243377447128296,0.22785323858261108,-0.8828800320625305,0.5775892734527588,0.2525660991668701,-0.6227750182151794,0.4299141764640808,0.24501872062683105,-0.5484291911125183,0.5292643904685974,0.3476545214653015,-0.8043230175971985,0.4616709351539612,0.3383341431617737,-0.7864008545875549,0.6682509183883667,0.5272439122200012,-0.5252174735069275,0.34470754861831665,0.4469950795173645,-0.25884318351745605,0.7144699096679688,0.9782410264015198,-0.8730751872062683,0.059925466775894165,0.512940526008606,-0.5526473522186279,0.5687005519866943,0.7147205471992493,-1.1288108825683594,0.26115554571151733,0.4247932434082031,-0.8117399215698242,0.503971517086029,0.6287806034088135,-1.182395577430725,0.35993653535842896,0.4264785647392273,-0.8339387774467468,0.5248537063598633,0.5557588338851929,-1.0808278322219849,0.397613525390625,0.40090322494506836,-0.7223106026649475,0.5394802093505859,0.5908355712890625,-1.0873723030090332,0.36305975914001465,0.417726993560791,-0.7761349678039551,0.5822739601135254,1.0328900814056396,-0.07272671163082123,0.3809973895549774,0.9895643591880798,0.07559682428836823,0.5563364624977112,1.5086731910705566,-0.036457326263189316,0.3154560327529907,1.4696224927902222,0.36503440141677856,0.5213037729263306,1.86107337474823,0.7588258385658264,0.3053848147392273,1.8277090787887573,1.032300353050232,0.5215117335319519,1.922466516494751,0.8262234926223755,0.30160069465637207,1.893413782119751,1.0955692529678345,0.47638648748397827,2.0244388580322266,0.4546923041343689,0.31178271770477295,1.9865528345108032,0.722649335861206,0.6593271493911743,0.6194678544998169,0.0,0.615513026714325,0.5843698978424072,-0.0033159772865474224,0.5885229110717773,0.5289283394813538,-0.012630926445126534,0.5744557976722717,0.48956841230392456,-0.025855643674731255,0.5599128007888794,0.45699578523635864,-0.03714963048696518,0.6152095198631287,0.4541013240814209,-0.012475458905100822,0.5888423919677734,0.4373794496059418,-0.033752892166376114,0.5776053071022034,0.48179489374160767,-0.040413327515125275,0.5730851888656616,0.5222362875938416,-0.04149019345641136,0.643865704536438,0.4588724374771118,-0.023614561185240746,0.6189593076705933,0.45325955748558044,-0.04604479297995567,0.6026835441589355,0.5098859667778015,-0.045900627970695496,0.5953823328018188,0.5572903156280518,-0.04140007868409157,0.6717605590820312,0.4780479073524475,-0.03676663711667061,0.6502569317817688,0.48133495450019836,-0.05877602472901344,0.6350502967834473,0.5367835164070129,-0.05167808756232262,0.6279792189598083,0.582649827003479,-0.041892100125551224,0.6971728801727295,0.5077199339866638,-0.05127642676234245,0.6791568398475647,0.5112234950065613,-0.06473523378372192,0.6627504825592041,0.5500563979148865,-0.05877881124615669,0.6534745097160339,0.5869731307029724,-0.05029408633708954
again,0.49653714895248413,0.2561286687850952,-0.9100466966629028,0.5227870941162109,0.2142636775970459,-0.8825474977493286,0.5383979082107544,0.2157912254333496,-0.8827314376831055,0.5518629550933838,0.21730655431747437,-0.8828808069229126,0.47300615906715393,0.20928873121738434,-0.8773332834243774,0.4584742486476898,0.20890945196151733,-0.877130389213562,0.44618701934814453,0.20961755514144897,-0.8776620030403137,0.569381833076477,0.23674464225769043,-0.5899924635887146,0.4332748353481293,0.2337656021118164,-0.556926429271698,0.5321230888366699,0.3162931203842163,-0.7920728325843811,0.4673406183719635,0.31220531463623047,-0.7858642339706421,0.6605424880981445,0.510703980922699,-0.4704628586769104,0.3403519093990326,0.46446937322616577,-0.2685730755329132,0.7222814559936523,0.9522907733917236,-0.760306179523468,0.06854844093322754,0.5972432494163513,-0.49263936281204224,0.5647189617156982,0.7266496419906616,-1.1148077249526978,0.01633518934249878,0.5251631736755371,-1.0299291610717773,0.495222270488739,0.6808553338050842,-1.1895791292190552,-0.012935459613800049,0.5099879503250122,-1.1029343605041504,0.5138047933578491,0.6001065969467163,-1.1193231344223022,-0.002774953842163086,0.476762592792511,-1.1203198432922363,0.5247550010681152,0.6217801570892334,-1.0935362577438354,0.014800578355789185,0.49644115567207336,-1.0609244108200073,0.5905728340148926,1.0410237312316895,-0.03902982547879219,0.3916497528553009,1.0237749814987183,0.04313884302973747,0.5761269330978394,1.538859248161316,0.02423183247447014,0.3433525860309601,1.5007798671722412,0.02794707752764225,0.5526196956634521,1.9399372339248657,0.5670380592346191,0.3195997476577759,1.9028007984161377,0.4233570992946625,0.5600544810295105,2.0073094367980957,0.5987365245819092,0.3101455569267273,1.974341869354248,0.4518800377845764,0.49404698610305786,2.086500883102417,0.1555638164281845,0.33225017786026,2.045410394668579,-0.01619291678071022,0.6732401847839355,0.6344417333602905,0.0,0.6178242564201355,0.5835909843444824,0.007708687800914049,0.5859296321868896,0.5157970190048218,0.0037174043245613575,0.5701228976249695,0.4630680978298187,-0.005947185214608908,0.5584285855293274,0.41945767402648926,-0.013206521980464458,0.6077898740768433,0.4539543688297272,0.0010503027588129044,0.5708763003349304,0.44983726739883423,-0.014993617311120033,0.5636292695999146,0.5024239420890808,-0.01802639104425907,0.5654798746109009,0.5464456081390381,-0.016912851482629776,0.6349382400512695,0.45406287908554077,-0.013487065210938454,0.5992336273193359,0.4660393297672272,-0.02840074896812439,0.5901731252670288,0.52381432056427,-0.024708211421966553,0.5911520719528198,0.5696662068367004,-0.019476719200611115,0.6626518368721008,0.46850624680519104,-0.02929086796939373,0.6317349672317505,0.4847402572631836,-0.04353688657283783,0.6227812767028809,0.5408617258071899,-0.033204544335603714,0.6220662593841553,0.5851424932479858,-0.023378930985927582,0.6896997690200806,0.4918816089630127,-0.04568002000451088,0.664358377456665,0.5009638071060181,-0.052919644862413406,0.651700496673584,0.5431100130081177,-0.0439385250210762,0.6472514271736145,0.5810476541519165,-0.03449948504567146
again,0.49039584398269653,0.2947279214859009,-0.8678193092346191,0.5091786980628967,0.2577722668647766,-0.8234432935714722,0.5199126601219177,0.2576811909675598,-0.8235228657722473,0.5302717685699463,0.2581849694252014,-0.8232508897781372,0.4707738757133484,0.2571790814399719,-0.8266181945800781,0.45570117235183716,0.25687408447265625,-0.8266922235488892,0.442573606967926,0.2571558356285095,-0.827039361000061,0.5403296947479248,0.275870680809021,-0.5071634650230408,0.4200454652309418,0.27839553356170654,-0.5195568203926086,0.5115649700164795,0.3411378860473633,-0.7476670742034912,0.46276625990867615,0.343169629573822,-0.7529358267784119,0.6343249082565308,0.5239864587783813,-0.3115827143192291,0.3133734166622162,0.5229716300964355,-0.23622171580791473,0.7039403915405273,0.9059083461761475,-0.6419546008110046,0.18206612765789032,0.826349139213562,-0.33350422978401184,0.6208031177520752,0.6978088617324829,-1.266760230064392,0.1884031593799591,0.8363596796989441,-0.8245651125907898,0.590499222278595,0.6412080526351929,-1.3716480731964111,0.19481244683265686,0.8762978911399841,-0.8923045992851257,0.5913196802139282,0.6033198833465576,-1.3110439777374268,0.21060892939567566,0.8285530209541321,-0.8950350880622864,0.5922947525978088,0.6243700385093689,-1.2527215480804443,0.2148800641298294,0.8202569484710693,-0.8370267152786255,0.5617554783821106,1.0187979936599731,-0.04027978330850601,0.3739887773990631,1.0294673442840576,0.04325829818844795,0.581818163394928,1.4708741903305054,0.009483172558248043,0.37888196110725403,1.4666413068771362,0.1399061232805252,0.5767020583152771,1.8336036205291748,0.5003606677055359,0.37886226177215576,1.8246487379074097,0.5379828810691833,0.5826102495193481,1.8933899402618408,0.5292910933494568,0.37208157777786255,1.8863446712493896,0.5672820806503296,0.5405482053756714,1.969000220298767,0.14148829877376556,0.4080909788608551,1.9555892944335938,0.16811998188495636,0.6156955361366272,0.6877936720848083,0.0,0.6254642009735107,0.6503688097000122,-0.009869089350104332,0.6243184804916382,0.6124393343925476,-0.020272882655262947,0.61507248878479,0.5899145007133484,-0.030718445777893066,0.6048614978790283,0.5832322835922241,-0.04092862084507942,0.6189987659454346,0.6095232963562012,-0.030437443405389786,0.615379273891449,0.5807868838310242,-0.04940095543861389,0.6111377477645874,0.5786463022232056,-0.05712515488266945,0.6074522137641907,0.5787496566772461,-0.06070099025964737,0.6007356643676758,0.6201138496398926,-0.03496790677309036,0.5636460781097412,0.5937560796737671,-0.05554749816656113,0.5381674766540527,0.5797162652015686,-0.06306935846805573,0.518192708492279,0.562404990196228,-0.06792296469211578,0.5851130485534668,0.6296746730804443,-0.03993106633424759,0.5482655763626099,0.6018299460411072,-0.059044234454631805,0.5254542827606201,0.5835945010185242,-0.06572314351797104,0.5078867673873901,0.5636743307113647,-0.06930246204137802,0.5736997723579407,0.6377779841423035,-0.04534760117530823,0.5450507998466492,0.6104541420936584,-0.059626802802085876,0.5276989340782166,0.593543529510498,-0.06526113301515579,0.5145131945610046,0.5762870907783508,-0.06891769915819168
again,0.49777430295944214,0.29596948623657227,-0.7534390687942505,0.5170431137084961,0.2555077075958252,-0.7107123136520386,0.5280637741088867,0.2556350827217102,-0.7107698321342468,0.5385036468505859,0.25669407844543457,-0.7105688452720642,0.47594428062438965,0.25454181432724,-0.7021788358688354,0.46104803681373596,0.2544978857040405,-0.7023172378540039,0.4463120102882385,0.254957377910614,-0.7027802467346191,0.5512773990631104,0.2783675193786621,-0.42587345838546753,0.4246619641780853,0.2734478712081909,-0.3788819909095764,0.5199911594390869,0.34806203842163086,-0.6478024125099182,0.4691465497016907,0.3449100852012634,-0.6379956603050232,0.6473091840744019,0.5293827056884766,-0.3033692240715027,0.32378914952278137,0.4876689314842224,-0.12525826692581177,0.723722517490387,0.9236590266227722,-0.6594535112380981,0.05081343650817871,0.5593606233596802,-0.5101629495620728,0.635687530040741,0.6891540288925171,-1.0288885831832886,0.23940220475196838,0.3013309836387634,-0.9176396131515503,0.6045128107070923,0.6257321238517761,-1.0853303670883179,0.2898084223270416,0.23667138814926147,-0.9833982586860657,0.6035513877868652,0.5797396898269653,-0.9748846292495728,0.32130008935928345,0.2518659234046936,-0.8427486419677734,0.6013206243515015,0.6040573716163635,-0.9889310002326965,0.31801432371139526,0.2882075309753418,-0.876229465007782,0.5513346791267395,1.0138740539550781,-0.06838652491569519,0.3566311299800873,1.0093849897384644,0.07084092497825623,0.5656610727310181,1.4695379734039307,-0.1322859823703766,0.35709044337272644,1.4600050449371338,0.25149959325790405,0.5546293258666992,1.8439055681228638,0.32283422350883484,0.34863415360450745,1.824177861213684,0.620175838470459,0.5610058307647705,1.9020905494689941,0.3513093590736389,0.34059906005859375,1.8808329105377197,0.651357114315033,0.5174140930175781,1.984938144683838,-0.05031426623463631,0.37278398871421814,1.967322587966919,0.2730428874492645,0.6288564801216125,0.6947658658027649,0.0,0.6327894330024719,0.6490158438682556,-0.005493667908012867,0.6263659596443176,0.6039600372314453,-0.017525630071759224,0.6172620058059692,0.5771540403366089,-0.02847280353307724,0.6044044494628906,0.5768337845802307,-0.03810830041766167,0.6032127737998962,0.6115356683731079,-0.038275156170129776,0.5662057995796204,0.583497166633606,-0.05672077462077141,0.5510537028312683,0.572913646697998,-0.06436009705066681,0.5412967801094055,0.5657299757003784,-0.06851368397474289,0.5975598692893982,0.6278066635131836,-0.04251587763428688,0.5425146222114563,0.5993152260780334,-0.06606562435626984,0.5139437317848206,0.5744805932044983,-0.07534775882959366,0.49199455976486206,0.5532161593437195,-0.08130493760108948,0.5926615595817566,0.6402474045753479,-0.04494290426373482,0.5425023436546326,0.6129987239837646,-0.06280792504549026,0.5145022869110107,0.5858266353607178,-0.06874983012676239,0.49309471249580383,0.5629104971885681,-0.07238028198480606,0.5899572968482971,0.648499071598053,-0.04686269164085388,0.5508700609207153,0.6218773722648621,-0.05788721889257431,0.529329776763916,0.6001303791999817,-0.06195586174726486,0.5135459303855896,0.5807464718818665,-0.06536607444286346
again,0.5022338628768921,0.2986530065536499,-0.720815896987915,0.521281898021698,0.25636613368988037,-0.678192675113678,0.5320899486541748,0.2572861909866333,-0.678184449672699,0.5429606437683105,0.2583175301551819,-0.6780515313148499,0.4810616970062256,0.2550152540206909,-0.6718223690986633,0.4637741446495056,0.2544592022895813,-0.6717816591262817,0.4481196999549866,0.254761278629303,-0.6721174716949463,0.5515774488449097,0.2784682512283325,-0.38947373628616333,0.4214068055152893,0.27388566732406616,-0.3515574038028717,0.5217835307121277,0.3501906394958496,-0.6140254139900208,0.46959471702575684,0.3467909097671509,-0.606764018535614,0.6422045230865479,0.5274239182472229,-0.28190353512763977,0.31697654724121094,0.4896809756755829,-0.08682726323604584,0.7321656942367554,0.913446307182312,-0.5938606858253479,0.05051639676094055,0.5658882260322571,-0.45653992891311646,0.6402681469917297,0.6886985301971436,-0.8918832540512085,0.233529731631279,0.31119734048843384,-0.8356277346611023,0.6044061779975891,0.6225322484970093,-0.9463187456130981,0.28235292434692383,0.24901598691940308,-0.894427478313446,0.5984445810317993,0.5809252262115479,-0.8312968015670776,0.3098653554916382,0.2615649104118347,-0.7519602179527283,0.5987614989280701,0.6005212068557739,-0.8502596616744995,0.30532631278038025,0.29660671949386597,-0.7944945693016052,0.5542176961898804,1.0138580799102783,-0.09258825331926346,0.36553409695625305,1.0141701698303223,0.09536855667829514,0.5707150101661682,1.4832390546798706,-0.07398653030395508,0.3625966012477875,1.4771897792816162,0.3476940989494324,0.5667543411254883,1.8682316541671753,0.333915114402771,0.3650374114513397,1.8452447652816772,0.7321170568466187,0.5759924650192261,1.9284192323684692,0.35477718710899353,0.35861289501190186,1.9016737937927246,0.7663931846618652,0.5314098000526428,2.003054618835449,-0.05372444540262222,0.3867102265357971,1.9850609302520752,0.3806498646736145,0.2571219801902771,0.2659927308559418,0.0,0.2803328037261963,0.23065213859081268,0.0012444769963622093,0.3100079298019409,0.20558179914951324,-0.008288751356303692,0.3363315761089325,0.1937505304813385,-0.0179664958268404,0.35650184750556946,0.1853773593902588,-0.02712533436715603,0.31368592381477356,0.18642790615558624,-0.03241574019193649,0.3620550036430359,0.21490420401096344,-0.04829028993844986,0.3892694413661957,0.23617984354496002,-0.05393276736140251,0.41164320707321167,0.252084344625473,-0.05698952451348305,0.3032355308532715,0.20612254738807678,-0.042499810457229614,0.3607647120952606,0.2395997941493988,-0.060933925211429596,0.3920691907405853,0.25920969247817993,-0.06375456601381302,0.4174138605594635,0.27262184023857117,-0.06581426411867142,0.29563549160957336,0.2343009114265442,-0.05063159391283989,0.3501596450805664,0.2601044178009033,-0.06553252786397934,0.3808131217956543,0.27473676204681396,-0.06443857401609421,0.4053857922554016,0.2815667390823364,-0.06397828459739685,0.2903102934360504,0.26492926478385925,-0.0579865425825119,0.3306836187839508,0.2824110984802246,-0.06815522164106369,0.35415711998939514,0.2904464602470398,-0.06685885041952133,0.37367990612983704,0.29440411925315857,-0.06615673750638962
again,0.5130641460418701,0.305230975151062,-0.6952877044677734,0.528175950050354,0.2609621286392212,-0.646463930606842,0.5371060371398926,0.2613216042518616,-0.6465213298797607,0.5454896092414856,0.26243430376052856,-0.6463614702224731,0.4921749234199524,0.26025593280792236,-0.6451395153999329,0.47512131929397583,0.25914454460144043,-0.645078182220459,0.45982152223587036,0.25900471210479736,-0.6455413699150085,0.5474292635917664,0.28242456912994385,-0.3397864103317261,0.42872896790504456,0.27810466289520264,-0.3269331157207489,0.5275064706802368,0.3560523986816406,-0.5838190317153931,0.48053184151649475,0.35278576612472534,-0.5839791893959045,0.6437637805938721,0.5349000692367554,-0.2240592986345291,0.3188403248786926,0.49389827251434326,-0.06889612972736359,0.7390261292457581,0.9176684617996216,-0.5591614842414856,0.03796127438545227,0.5517951846122742,-0.4425887167453766,0.6258647441864014,0.6939173936843872,-0.8728494644165039,0.256149023771286,0.3122462034225464,-0.766698956489563,0.5896266102790833,0.6402778625488281,-0.9282515645027161,0.3178088665008545,0.27078235149383545,-0.8258436918258667,0.5838495492935181,0.5915319323539734,-0.8075687289237976,0.34550216794013977,0.27674973011016846,-0.6689602136611938,0.5855932831764221,0.6151933073997498,-0.8302229046821594,0.33212435245513916,0.29737168550491333,-0.7188007831573486,0.5525711178779602,1.0447136163711548,-0.07622434198856354,0.3681592643260956,1.024400234222412,0.07891083508729935,0.5687957406044006,1.5292788743972778,-0.08779597282409668,0.3520820736885071,1.5178078413009644,0.22353634238243103,0.5577149987220764,1.9249823093414307,0.346712201833725,0.35023802518844604,1.9035592079162598,0.5459595322608948,0.5647964477539062,1.9829788208007812,0.37014853954315186,0.34289219975471497,1.959928035736084,0.5729053020477295,0.5239256620407104,2.0647215843200684,-0.04208841174840927,0.3750882148742676,2.0468311309814453,0.17180761694908142,0.6373577117919922,0.7055027484893799,0.0,0.6371006965637207,0.6604453921318054,-0.004241923335939646,0.6263614892959595,0.6171450614929199,-0.014111044816672802,0.6112858057022095,0.5947696566581726,-0.024120815098285675,0.5947274565696716,0.5937981605529785,-0.033106353133916855,0.6111183166503906,0.6126525402069092,-0.028099363669753075,0.5714576244354248,0.5943266749382019,-0.04425092414021492,0.5551928281784058,0.5907522439956665,-0.05016104131937027,0.5434576869010925,0.5839716196060181,-0.05263492092490196,0.6038508415222168,0.6308379173278809,-0.033436354249715805,0.5481589436531067,0.6114781498908997,-0.052285075187683105,0.5179737210273743,0.5948354601860046,-0.05792684108018875,0.4932924509048462,0.576910674571991,-0.06125596910715103,0.5979506373405457,0.6471930146217346,-0.03807978704571724,0.5468031764030457,0.6270043849945068,-0.053699951618909836,0.5178900957107544,0.6078981757164001,-0.056927915662527084,0.4958077073097229,0.5900396108627319,-0.05843457207083702,0.5935559272766113,0.6599771976470947,-0.04257237911224365,0.5559514760971069,0.6415403485298157,-0.05204509571194649,0.5350468754768372,0.6240653991699219,-0.05379128456115723,0.5197456479072571,0.6083259582519531,-0.055086955428123474
again,0.5095171332359314,0.3031310439109802,-0.7315808534622192,0.5278152227401733,0.259244441986084,-0.6756483316421509,0.5381999015808105,0.2595696449279785,-0.675792932510376,0.5483905673027039,0.26000863313674927,-0.6755767464637756,0.4915012717247009,0.2568550109863281,-0.6802229881286621,0.4755133092403412,0.2553572654724121,-0.6801276206970215,0.4605805277824402,0.2543846368789673,-0.680654764175415,0.5564829111099243,0.2800717353820801,-0.3287048935890198,0.4315783977508545,0.2763700485229492,-0.3427516222000122,0.5268557667732239,0.35775190591812134,-0.6054490804672241,0.48328477144241333,0.3578410744667053,-0.6134775876998901,0.6453586220741272,0.5397922396659851,-0.18474988639354706,0.32312390208244324,0.5000064373016357,-0.0997135117650032,0.7320301532745361,0.9324085712432861,-0.5709402561187744,0.04978117346763611,0.5146470665931702,-0.5291233658790588,0.6229947209358215,0.7222998142242432,-1.0023771524429321,0.2985215187072754,0.32938820123672485,-0.9015107154846191,0.5855048894882202,0.6789000034332275,-1.07609224319458,0.367403119802475,0.3101586699485779,-0.9671922922134399,0.5771515965461731,0.6256808042526245,-0.9593673944473267,0.38663750886917114,0.30952417850494385,-0.8195353746414185,0.582383930683136,0.6447413563728333,-0.9638420343399048,0.3726136386394501,0.3239041566848755,-0.8556243777275085,0.5832663774490356,1.0905112028121948,-0.06076566129922867,0.3610576391220093,1.031083345413208,0.06326627731323242,0.5628430247306824,1.5251811742782593,-0.17367291450500488,0.3506609797477722,1.5169835090637207,0.19517315924167633,0.5475461483001709,1.9263839721679688,0.2281026542186737,0.34033918380737305,1.9058113098144531,0.5295990109443665,0.5549421310424805,1.9830046892166138,0.24599170684814453,0.3313378691673279,1.9605965614318848,0.5561490654945374,0.5108336806297302,2.0655860900878906,-0.19024571776390076,0.36545562744140625,2.0493075847625732,0.13403497636318207,0.339330792427063,0.3067845106124878,0.0,0.36444222927093506,0.27581551671028137,-0.0026797878090292215,0.404965877532959,0.2693844139575958,-0.013051592744886875,0.43914785981178284,0.27760666608810425,-0.02168199047446251,0.46294736862182617,0.2857058048248291,-0.030505655333399773,0.41856610774993896,0.2710017263889313,-0.04113117605447769,0.45350438356399536,0.32185259461402893,-0.05540909618139267,0.47536319494247437,0.35706138610839844,-0.05913279578089714,0.4915633201599121,0.38380974531173706,-0.06080104410648346,0.4066786468029022,0.2923065423965454,-0.04681003838777542,0.4478583037853241,0.35180601477622986,-0.06378539651632309,0.473131388425827,0.3886013627052307,-0.06596039980649948,0.49379652738571167,0.41598719358444214,-0.0671130046248436,0.3910844922065735,0.3209296762943268,-0.049825988709926605,0.432560533285141,0.37352868914604187,-0.06443588435649872,0.45623454451560974,0.40610015392303467,-0.063895583152771,0.4759756326675415,0.42714041471481323,-0.06319504976272583,0.37565308809280396,0.35053420066833496,-0.05179503932595253,0.41048020124435425,0.38780540227890015,-0.06236027926206589,0.4302363991737366,0.41073814034461975,-0.06176866963505745,0.44818276166915894,0.427702933549881,-0.06095977500081062
again,0.5120768547058105,0.30524909496307373,-0.7202469110488892,0.5279667973518372,0.2617596983909607,-0.6596301794052124,0.5386791825294495,0.2623804211616516,-0.6596699357032776,0.5479081869125366,0.2634516954421997,-0.6595363020896912,0.49453526735305786,0.2593560218811035,-0.674092710018158,0.4809323847293854,0.2573202848434448,-0.6740233302116394,0.4653679430484772,0.25567692518234253,-0.6745906472206116,0.5470883250236511,0.285074919462204,-0.2914070188999176,0.4289114475250244,0.27353715896606445,-0.3516489267349243,0.5290117263793945,0.35963523387908936,-0.5850169062614441,0.4861510396003723,0.35858219861984253,-0.6061508655548096,0.6378679275512695,0.5375376343727112,-0.12413183599710464,0.30809712409973145,0.4985201954841614,-0.1485573649406433,0.7291959524154663,0.9265418648719788,-0.5531880259513855,0.05232536792755127,0.48704612255096436,-0.5884266495704651,0.6177023649215698,0.715917706489563,-1.032421588897705,0.3290524184703827,0.3377695083618164,-0.8984049558639526,0.5717222690582275,0.6698487997055054,-1.1094461679458618,0.3961080312728882,0.3242436647415161,-0.9559630155563354,0.570703387260437,0.6202079057693481,-0.9804625511169434,0.41425809264183044,0.32357871532440186,-0.8171781301498413,0.5766841173171997,0.6382638216018677,-0.9912999868392944,0.39956459403038025,0.3362981081008911,-0.8527374267578125,0.5487189292907715,1.036462426185608,-0.02475055493414402,0.3599570393562317,1.0221916437149048,0.02744913659989834,0.5545077323913574,1.5291666984558105,-0.042467113584280014,0.34092915058135986,1.513394832611084,0.17112745344638824,0.5352736115455627,1.909533143043518,0.36958542466163635,0.32953929901123047,1.8909121751785278,0.5110830664634705,0.5370503067970276,1.96671724319458,0.39032629132270813,0.31736883521080017,1.9492552280426025,0.5361378192901611,0.5070449113845825,2.052013874053955,-0.035886459052562714,0.36075085401535034,2.030870199203491,0.10959075391292572,0.6197378039360046,0.7194892764091492,0.0,0.6269757747650146,0.6768265962600708,-0.008915013633668423,0.6208125948905945,0.6344509124755859,-0.020816221833229065,0.6085752248764038,0.6146306991577148,-0.03098604455590248,0.595665454864502,0.613519549369812,-0.04003250226378441,0.5876136422157288,0.6391869187355042,-0.032788585871458054,0.548996090888977,0.6139134168624878,-0.04621949419379234,0.5236725807189941,0.5956321358680725,-0.052874110639095306,0.5043776035308838,0.5826916098594666,-0.05717680975794792,0.5796496272087097,0.6547908782958984,-0.03367277979850769,0.5326635837554932,0.6297838687896729,-0.05200611427426338,0.5051858425140381,0.6056472659111023,-0.06056912615895271,0.4841809570789337,0.5860002040863037,-0.06603733450174332,0.5742599964141846,0.6689107418060303,-0.03301803767681122,0.534127950668335,0.6431005001068115,-0.04684619978070259,0.5094168782234192,0.6184536218643188,-0.0532003752887249,0.49080169200897217,0.5968536138534546,-0.05703248828649521,0.5721684098243713,0.6788866519927979,-0.03234900161623955,0.5417540073394775,0.6525634527206421,-0.04106615111231804,0.5242495536804199,0.6303609013557434,-0.045286599546670914,0.5118563175201416,0.6106078624725342,-0.04860026016831398
again,0.5169597864151001,0.3093927502632141,-0.6850338578224182,0.5326754450798035,0.26734769344329834,-0.6182623505592346,0.5428861975669861,0.26919078826904297,-0.6184206604957581,0.5525436997413635,0.2713377773761749,-0.6182735562324524,0.4983426034450531,0.26351094245910645,-0.6450796127319336,0.48458629846572876,0.2620370388031006,-0.6451433897018433,0.47019100189208984,0.2610520124435425,-0.6457802653312683,0.5508812665939331,0.2924202084541321,-0.2240746021270752,0.42917102575302124,0.2841089963912964,-0.34349679946899414,0.532339870929718,0.3683573603630066,-0.5378969311714172,0.48736900091171265,0.3673817813396454,-0.5760071277618408,0.6344059109687805,0.5454218983650208,-0.023236088454723358,0.31507354974746704,0.5042555332183838,-0.16681446135044098,0.7063912749290466,0.925490140914917,-0.4329611659049988,0.06503963470458984,0.474019318819046,-0.5838947892189026,0.6040464639663696,0.7059097290039062,-0.9469455480575562,0.3496907353401184,0.3526571989059448,-0.8453820943832397,0.5706424713134766,0.6463167071342468,-1.0302507877349854,0.4195116460323334,0.3490550220012665,-0.9035488367080688,0.5730080604553223,0.5996889472007751,-0.9221948385238647,0.43885526061058044,0.34556710720062256,-0.7801920771598816,0.5789104104042053,0.6205087304115295,-0.9162666201591492,0.41931647062301636,0.35281068086624146,-0.8041236996650696,0.5632524490356445,1.0937817096710205,0.019115209579467773,0.36425942182540894,1.0240004062652588,-0.01693430170416832,0.5491211414337158,1.5020769834518433,-0.0345328226685524,0.36023128032684326,1.4828205108642578,-0.0090712895616889,0.540856659412384,1.886467695236206,0.3515176773071289,0.3450370132923126,1.8698315620422363,0.27811524271965027,0.5448617935180664,1.9430768489837646,0.36893054842948914,0.3326030373573303,1.9291726350784302,0.2944081127643585,0.515369713306427,2.0165855884552,-0.03292427957057953,0.37286022305488586,1.9964958429336548,-0.12330932915210724,0.3880014419555664,0.3277236223220825,0.0,0.42239251732826233,0.3029315173625946,0.0005254512652754784,0.4638955891132355,0.3067883551120758,-0.006335846614092588,0.4966222941875458,0.3253847062587738,-0.012793567962944508,0.5184634327888489,0.3429425358772278,-0.0187639482319355,0.47781673073768616,0.3224380910396576,-0.026402119547128677,0.5076143145561218,0.3840065002441406,-0.03693050518631935,0.522373378276825,0.42029884457588196,-0.0389825701713562,0.5331116318702698,0.4459684491157532,-0.039931975305080414,0.46309059858322144,0.3449762463569641,-0.034083206206560135,0.49731355905532837,0.4130522310733795,-0.04550274834036827,0.5173535346984863,0.4513557553291321,-0.04546554759144783,0.5320897698402405,0.47941267490386963,-0.04626741260290146,0.44425535202026367,0.37005940079689026,-0.04005111753940582,0.47899726033210754,0.4300040006637573,-0.05031656473875046,0.4982089698314667,0.46510955691337585,-0.048438917845487595,0.5139467120170593,0.4881141185760498,-0.04774055257439613,0.4247964024543762,0.39461660385131836,-0.045482903718948364,0.45347288250923157,0.43836480379104614,-0.055059563368558884,0.47040534019470215,0.46353527903556824,-0.05472283437848091,0.48574256896972656,0.4821751117706299,-0.05416223034262657
again,0.5125178694725037,0.32620781660079956,-0.6297323703765869,0.5287047624588013,0.28033459186553955,-0.5693159103393555,0.5398311018943787,0.28253668546676636,-0.5694382786750793,0.5495492219924927,0.2849549651145935,-0.5693784952163696,0.49337244033813477,0.27393656969070435,-0.5981613993644714,0.479228675365448,0.27112245559692383,-0.5981700420379639,0.4642152190208435,0.26890069246292114,-0.5987696647644043,0.5495467185974121,0.302032470703125,-0.18285471200942993,0.4244898855686188,0.2852039337158203,-0.31343114376068115,0.5254141688346863,0.3852232098579407,-0.4816737174987793,0.4813503324985504,0.3805307149887085,-0.5224843621253967,0.6264944672584534,0.5424696207046509,0.023157162591814995,0.3122692108154297,0.4870610237121582,-0.14107342064380646,0.6913163661956787,0.923410952091217,-0.3875492513179779,0.07773759961128235,0.4574123024940491,-0.5453959107398987,0.6042873859405518,0.687382161617279,-0.9130953550338745,0.3623475134372711,0.37936222553253174,-0.7818257212638855,0.5782491564750671,0.6194294691085815,-0.9947006106376648,0.43936529755592346,0.38921868801116943,-0.8312398195266724,0.5861525535583496,0.5727510452270508,-0.8959699869155884,0.4618699550628662,0.38689395785331726,-0.7184607982635498,0.5883010625839233,0.5989570617675781,-0.8869396448135376,0.4375666081905365,0.3880659341812134,-0.743465781211853,0.5534319281578064,1.0724585056304932,0.03380177170038223,0.36989736557006836,1.008707046508789,-0.031619664281606674,0.5394914746284485,1.4642772674560547,-0.043994367122650146,0.35824888944625854,1.4349452257156372,-0.07246512174606323,0.5346280932426453,1.8420132398605347,0.28065982460975647,0.3422794044017792,1.8242894411087036,0.20885798335075378,0.5391629934310913,1.899687647819519,0.2931823432445526,0.327980101108551,1.8874965906143188,0.22519156336784363,0.5112741589546204,1.9708657264709473,-0.09163670986890793,0.38046783208847046,1.9464917182922363,-0.18302768468856812,0.4123685956001282,0.3535322844982147,0.0,0.45148172974586487,0.33349496126174927,0.0015493417158722878,0.49469515681266785,0.34151196479797363,-0.005661940202116966,0.5263156890869141,0.36505648493766785,-0.013190084137022495,0.5443075895309448,0.38787925243377686,-0.019428443163633347,0.5099585056304932,0.35821533203125,-0.02306688204407692,0.5335188508033752,0.4233211278915405,-0.03218025714159012,0.5444275140762329,0.4623073637485504,-0.03421039134263992,0.5542438626289368,0.4900580048561096,-0.03580820932984352,0.4931510090827942,0.37760990858078003,-0.031835705041885376,0.5194748640060425,0.4527512192726135,-0.04207449033856392,0.5346641540527344,0.4930473268032074,-0.04172283038496971,0.546421229839325,0.5200379490852356,-0.04269249364733696,0.47160863876342773,0.4008854031562805,-0.03866155818104744,0.49688756465911865,0.46581509709358215,-0.044152162969112396,0.496672123670578,0.472846120595932,-0.03486275672912598,0.4936262369155884,0.4662257134914398,-0.0299525149166584,0.4501590430736542,0.4247816205024719,-0.045848604291677475,0.47520366311073303,0.4741819500923157,-0.04965266212821007,0.47410812973976135,0.47810500860214233,-0.04240639880299568,0.4708462953567505,0.4713447093963623,-0.03728834167122841
again,0.5126825571060181,0.31723716855049133,-0.5871322751045227,0.5300310254096985,0.2770814895629883,-0.5314672589302063,0.541579008102417,0.27901262044906616,-0.5314967036247253,0.5531826615333557,0.28105613589286804,-0.5315577387809753,0.4929042458534241,0.27189838886260986,-0.5539655089378357,0.47764497995376587,0.26966768503189087,-0.5539647340774536,0.46167469024658203,0.26771676540374756,-0.5544463992118835,0.5567511320114136,0.29749155044555664,-0.1760137379169464,0.42117252945899963,0.2815459370613098,-0.27761438488960266,0.5291697978973389,0.37377554178237915,-0.4473811984062195,0.48232442140579224,0.37051117420196533,-0.4792729318141937,0.6265548467636108,0.5419961810112,0.001128911622799933,0.31037086248397827,0.4862019717693329,-0.07905732095241547,0.6921777725219727,0.9279261827468872,-0.3778291940689087,0.0789228081703186,0.45751988887786865,-0.42892494797706604,0.5855029821395874,0.6976784467697144,-0.7836291790008545,0.3693801164627075,0.42176496982574463,-0.5872431397438049,0.5487453937530518,0.6285291910171509,-0.8450099229812622,0.4513548016548157,0.4399213194847107,-0.6143563389778137,0.5599788427352905,0.577485978603363,-0.7353824973106384,0.47482284903526306,0.43589872121810913,-0.5116227865219116,0.5684844851493835,0.6045469641685486,-0.7482191324234009,0.4522032141685486,0.4431441128253937,-0.5497702360153198,0.5482097268104553,1.0125064849853516,0.002383989281952381,0.36238497495651245,1.007029414176941,-0.000810011406429112,0.5373135805130005,1.3685468435287476,-0.20248505473136902,0.31948322057724,1.2987840175628662,-0.4558201730251312,0.5379014015197754,1.7472960948944092,0.1091095432639122,0.34478726983070374,1.7425940036773682,-0.13436850905418396,0.5401753783226013,1.808485507965088,0.12417548894882202,0.3456672430038452,1.8166699409484863,-0.11102823168039322,0.5159350633621216,1.8819403648376465,-0.21743230521678925,0.34912851452827454,1.8650233745574951,-0.4523559510707855,0.43598175048828125,0.3880835175514221,0.0,0.4716588258743286,0.37125658988952637,-0.0004546366981230676,0.5116062164306641,0.38290712237358093,-0.007148718927055597,0.5400537848472595,0.4081026315689087,-0.012994744814932346,0.5564621090888977,0.42945224046707153,-0.01828465610742569,0.5235723257064819,0.40452682971954346,-0.02553030475974083,0.5425337553024292,0.4647062420845032,-0.03444097191095352,0.5518589615821838,0.5018225908279419,-0.03510583937168121,0.5584993958473206,0.527851939201355,-0.03471216559410095,0.5033802390098572,0.42237114906311035,-0.030814925208687782,0.5260972380638123,0.49024733901023865,-0.03996711224317551,0.54045170545578,0.523628830909729,-0.037432655692100525,0.5512264966964722,0.5465341806411743,-0.03604747727513313,0.4798240661621094,0.4410898983478546,-0.03440545126795769,0.5048319697380066,0.4987938106060028,-0.041912566870450974,0.518683135509491,0.5285513401031494,-0.03658762574195862,0.5296449661254883,0.5474812984466553,-0.03335070237517357,0.4564734995365143,0.45989763736724854,-0.037643782794475555,0.4828435778617859,0.4984327554702759,-0.044131215661764145,0.4952153265476227,0.515792965888977,-0.04080987349152565,0.504858672618866,0.5279293060302734,-0.037918880581855774
again,0.5130441188812256,0.3160778284072876,-0.7511705756187439,0.5301514863967896,0.2746756672859192,-0.6975337862968445,0.5420852303504944,0.27632445096969604,-0.6974562406539917,0.5535959601402283,0.27837073802948,-0.6975454092025757,0.4922059178352356,0.2708415985107422,-0.7189799547195435,0.4764937460422516,0.2692806124687195,-0.7190784811973572,0.4600708484649658,0.2679476737976074,-0.7194974422454834,0.5571684837341309,0.29678189754486084,-0.3341611623764038,0.41991645097732544,0.2825566530227661,-0.43245404958724976,0.5324538946151733,0.3717532157897949,-0.6078574061393738,0.4833199083805084,0.36855220794677734,-0.6385888457298279,0.6279875040054321,0.5406882166862488,-0.14774161577224731,0.3104340434074402,0.4903704524040222,-0.20604529976844788,0.6901043653488159,0.9247294664382935,-0.5647849440574646,0.07527163624763489,0.4645863175392151,-0.5819689035415649,0.5905818343162537,0.6801235675811768,-0.9822372198104858,0.35491693019866943,0.4266819357872009,-0.746594250202179,0.5544740557670593,0.6074851751327515,-1.0456758737564087,0.4326436519622803,0.43551450967788696,-0.7766134142875671,0.5627083778381348,0.5611489415168762,-0.9311367273330688,0.45727354288101196,0.4323369264602661,-0.6596010327339172,0.5695856213569641,0.5861071348190308,-0.9452909231185913,0.41355571150779724,0.4437856078147888,-0.7045191526412964,0.5501524209976196,1.011338472366333,0.005844571627676487,0.36116474866867065,1.010703206062317,-0.004274514503777027,0.5323519110679626,1.3857945203781128,-0.14716817438602448,0.330300897359848,1.3045834302902222,-0.42516955733299255,0.5432119369506836,1.7593858242034912,0.27136534452438354,0.34493592381477356,1.7488545179367065,-0.02893754467368126,0.5503344535827637,1.818688988685608,0.2982881963253021,0.34135597944259644,1.8223124742507935,0.0029216897673904896,0.5127699971199036,1.9027767181396484,-0.03425300121307373,0.3618766665458679,1.8809926509857178,-0.3511728048324585,0.43206533789634705,0.38762494921684265,0.0,0.4696553945541382,0.37006857991218567,-0.0009417233522981405,0.5099501013755798,0.38309282064437866,-0.006871793419122696,0.5384241938591003,0.40966519713401794,-0.011866009794175625,0.5550292730331421,0.4314005672931671,-0.016120973974466324,0.5203819274902344,0.40683624148368835,-0.022393561899662018,0.5397936701774597,0.46430665254592896,-0.030627427622675896,0.5505001544952393,0.5001887083053589,-0.031467143446207047,0.5583875775337219,0.5262142419815063,-0.031237073242664337,0.5005651116371155,0.42679664492607117,-0.02687695249915123,0.5233718752861023,0.4906153380870819,-0.03571627289056778,0.5396561026573181,0.5248687267303467,-0.03390797600150108,0.5517004132270813,0.5493478775024414,-0.032973334193229675,0.4782402813434601,0.4460471570491791,-0.02992498315870762,0.502929151058197,0.5006371140480042,-0.03766007348895073,0.5187047123908997,0.5311604738235474,-0.03349563106894493,0.531131386756897,0.5508880019187927,-0.030799468979239464,0.45651230216026306,0.4636365473270416,-0.0327298566699028,0.4815898835659027,0.5021352767944336,-0.03975909203290939,0.4961237907409668,0.5216155052185059,-0.03764526918530464,0.5082826018333435,0.5355348587036133,-0.03544800728559494
again,0.5002954006195068,0.32544463872909546,-0.7589870095252991,0.5195019841194153,0.28437262773513794,-0.7105028033256531,0.5329554080963135,0.28671151399612427,-0.7103609442710876,0.5460811853408813,0.28886526823043823,-0.7104524970054626,0.4806649684906006,0.27744320034980774,-0.7276486158370972,0.46459466218948364,0.27461597323417664,-0.7276677489280701,0.4476686120033264,0.272256076335907,-0.7279894351959229,0.5548824667930603,0.3059993386268616,-0.3649768829345703,0.409257173538208,0.2844870388507843,-0.4456600546836853,0.5207308530807495,0.3848455548286438,-0.620780885219574,0.4705224633216858,0.37772953510284424,-0.6462472677230835,0.6264804005622864,0.5413283705711365,-0.1831362098455429,0.3052292466163635,0.4865516424179077,-0.21462658047676086,0.6829367280006409,0.9211335778236389,-0.5717873573303223,0.07207009196281433,0.46556776762008667,-0.5877100229263306,0.5796605944633484,0.6762124300003052,-0.9442100524902344,0.34325283765792847,0.4300113320350647,-0.7776579856872559,0.5479151606559753,0.6042119264602661,-0.9950005412101746,0.4162261486053467,0.4354897141456604,-0.8001024127006531,0.5611414909362793,0.5536748170852661,-0.8812130093574524,0.4459528923034668,0.43597549200057983,-0.6839081645011902,0.5630421042442322,0.5782716870307922,-0.9051169157028198,0.4012172818183899,0.453729510307312,-0.7360433340072632,0.5469168424606323,0.9965347647666931,-0.004947227891534567,0.3634818196296692,0.9991242289543152,0.006599609740078449,0.5482245683670044,1.346474289894104,-0.18358388543128967,0.330519437789917,1.3007280826568604,-0.3837067782878876,0.5550740361213684,1.7159161567687988,0.2427949607372284,0.35539180040359497,1.7166531085968018,-0.0035451531875878572,0.5591524243354797,1.775079369544983,0.2715906798839569,0.3552991449832916,1.7874575853347778,0.02747582271695137,0.5332079529762268,1.8603167533874512,-0.03706967830657959,0.3667605221271515,1.8421425819396973,-0.3011241853237152,0.428422749042511,0.3840723931789398,0.0,0.4657275974750519,0.3686196208000183,-0.0014904472045600414,0.5062446594238281,0.3798184394836426,-0.008638035506010056,0.5350950956344604,0.4053613841533661,-0.0148465009406209,0.5512206554412842,0.42959287762641907,-0.020305214449763298,0.5162985920906067,0.4067002832889557,-0.024063004180788994,0.5344153642654419,0.4635261595249176,-0.032799188047647476,0.5450468063354492,0.49944302439689636,-0.03387586772441864,0.5527769923210144,0.5252929925918579,-0.03379170596599579,0.4956270754337311,0.42547789216041565,-0.02850199304521084,0.5175250768661499,0.48876848816871643,-0.03789044916629791,0.533107340335846,0.5220155715942383,-0.03613660857081413,0.5454300045967102,0.5455923676490784,-0.035131558775901794,0.4723505675792694,0.4437327980995178,-0.031401123851537704,0.4960899353027344,0.4971097707748413,-0.039259061217308044,0.5114921927452087,0.52641361951828,-0.034607596695423126,0.5242359638214111,0.5454424023628235,-0.031475767493247986,0.45000800490379333,0.4608999490737915,-0.0340457521378994,0.47460639476776123,0.4982377588748932,-0.04068632796406746,0.48818203806877136,0.5163131356239319,-0.03795446455478668,0.4996652603149414,0.5290059447288513,-0.03528551384806633
again,0.5032660961151123,0.3229564428329468,-0.795077919960022,0.5212148427963257,0.279138445854187,-0.7415812611579895,0.5335819721221924,0.2803914248943329,-0.7415434718132019,0.5454896688461304,0.2817365527153015,-0.7415598630905151,0.48303359746932983,0.27520352602005005,-0.7610931992530823,0.46696561574935913,0.27275675535202026,-0.7610582709312439,0.449733167886734,0.27060526609420776,-0.7614984512329102,0.5525116324424744,0.29982584714889526,-0.367020845413208,0.409934937953949,0.2856147885322571,-0.459123432636261,0.5203604102134705,0.3812915086746216,-0.6477351784706116,0.47211188077926636,0.37894684076309204,-0.6769943833351135,0.6283895373344421,0.539819061756134,-0.16973887383937836,0.3015831708908081,0.49129629135131836,-0.20932412147521973,0.685613751411438,0.924487829208374,-0.572898805141449,0.05967521667480469,0.47800177335739136,-0.5771792531013489,0.5779569149017334,0.6701220273971558,-0.9877979159355164,0.3386075496673584,0.4450540542602539,-0.7687861919403076,0.5494085550308228,0.5868412256240845,-1.0523951053619385,0.41769805550575256,0.44858258962631226,-0.7998024821281433,0.5568069815635681,0.5454368591308594,-0.9443508386611938,0.44891172647476196,0.4481717348098755,-0.6844154596328735,0.5611385703086853,0.5693550109863281,-0.9545608758926392,0.3972248136997223,0.45847147703170776,-0.729842483997345,0.5487369298934937,1.003820538520813,-0.0028784521855413914,0.36707985401153564,0.9986979365348816,0.004803023766726255,0.5281683802604675,1.4060742855072021,-0.11351971328258514,0.33268436789512634,1.3597767353057861,-0.27431124448776245,0.5357621908187866,1.7876019477844238,0.23361888527870178,0.3485705554485321,1.7872262001037598,0.04538069665431976,0.5443861484527588,1.849186658859253,0.25059276819229126,0.345045804977417,1.8595701456069946,0.06690847873687744,0.5048468708992004,1.9211198091506958,-0.1120237335562706,0.36772310733795166,1.9099153280258179,-0.31118497252464294,0.4165060818195343,0.3919643759727478,0.0,0.4574773609638214,0.3743107318878174,-0.0007846843218430877,0.5008805394172668,0.3865138292312622,-0.00656988425180316,0.532566487789154,0.41358381509780884,-0.011647499166429043,0.5505635738372803,0.4385206699371338,-0.015717443078756332,0.5134821534156799,0.4131844639778137,-0.019467012956738472,0.53431236743927,0.47152432799339294,-0.026669686660170555,0.5453501343727112,0.506027340888977,-0.027216363698244095,0.5546165108680725,0.5320503115653992,-0.027038579806685448,0.4945317804813385,0.43536102771759033,-0.0241107065230608,0.5174164772033691,0.4997606873512268,-0.03188590705394745,0.5326019525527954,0.5334191918373108,-0.02980523370206356,0.5439077019691467,0.5586627125740051,-0.028953785076737404,0.4729367196559906,0.4565218985080719,-0.027462968602776527,0.49864211678504944,0.5096634030342102,-0.03386237472295761,0.514715313911438,0.5389831066131592,-0.02928171493113041,0.5273221731185913,0.5592978000640869,-0.026695020496845245,0.45173609256744385,0.47550034523010254,-0.030783003196120262,0.47857755422592163,0.5119932293891907,-0.036519937217235565,0.4934611916542053,0.5301966071128845,-0.033982448279857635,0.5059264898300171,0.5440613031387329,-0.031755246222019196
again,0.49896687269210815,0.20099234580993652,-0.8515452146530151,0.525637686252594,0.1636207103729248,-0.8104962110519409,0.5401169061660767,0.1648603081703186,-0.8103944063186646,0.5532022714614868,0.166409432888031,-0.8103078603744507,0.4779159426689148,0.16120344400405884,-0.8098324537277222,0.4615394175052643,0.16134613752365112,-0.8096291422843933,0.4465869069099426,0.16237026453018188,-0.8099144697189331,0.5721015930175781,0.19564753770828247,-0.5471742153167725,0.42460498213768005,0.19117146730422974,-0.5260494947433472,0.5277423858642578,0.26094067096710205,-0.7543604969978333,0.46539774537086487,0.2589103579521179,-0.7484467625617981,0.6766803860664368,0.5134824514389038,-0.42317166924476624,0.3045817017555237,0.5025708675384521,-0.3978562653064728,0.7021028399467468,0.9294611215591431,-0.41209712624549866,0.2577734589576721,0.8997576832771301,-0.3302127420902252,0.6400600671768188,1.1165854930877686,-0.6708845496177673,0.2994827628135681,1.131993055343628,-0.6267392039299011,0.6432686448097229,1.2025787830352783,-0.7692104578018188,0.2964412271976471,1.2191327810287476,-0.7030759453773499,0.6025586724281311,1.1822937726974487,-0.7915989756584167,0.3282392621040344,1.197083592414856,-0.7638276815414429,0.5951681733131409,1.1439497470855713,-0.690367579460144,0.3354963958263397,1.160949468612671,-0.6572551727294922,0.5815764665603638,1.0579886436462402,-0.05228046327829361,0.3738950490951538,1.1231290102005005,0.05553489923477173,0.5864280462265015,1.5799771547317505,0.0963553637266159,0.38461539149284363,1.5889570713043213,0.2669152319431305,0.5759016871452332,1.9761130809783936,0.6764779090881348,0.38429969549179077,1.9785537719726562,0.7316381335258484,0.5830050706863403,2.0460703372955322,0.7133692502975464,0.3791917860507965,2.0501646995544434,0.7689147591590881,0.5345955491065979,2.1299822330474854,0.3325919508934021,0.40553516149520874,2.125603199005127,0.36004897952079773,0.6553283929824829,0.9589692950248718,0.0,0.6702018976211548,0.9418615102767944,-0.0045614526607096195,0.6906864643096924,0.9329924583435059,-0.010085237212479115,0.7068146467208862,0.9269245862960815,-0.017722677439451218,0.7200868129730225,0.9243155717849731,-0.02386190928518772,0.7272809147834778,0.9638072848320007,-0.0007017794414423406,0.7368668913841248,0.9461866617202759,-0.010322080925107002,0.7216944694519043,0.9315468668937683,-0.014144811779260635,0.7064643502235413,0.9273913502693176,-0.015210556797683239,0.7278770208358765,0.9705215096473694,-0.004809511359781027,0.735944390296936,0.9525430798530579,-0.014097800478339195,0.7190558910369873,0.9362350702285767,-0.014557430520653725,0.705038845539093,0.9318065643310547,-0.012908786535263062,0.7233731746673584,0.9744784235954285,-0.010885179974138737,0.7328158617019653,0.9558590650558472,-0.02009345404803753,0.7170345187187195,0.9399682283401489,-0.01752590574324131,0.7037855982780457,0.9362987875938416,-0.013699551112949848,0.7144349217414856,0.9771132469177246,-0.018073879182338715,0.7240397334098816,0.9581433534622192,-0.023138055577874184,0.7130860686302185,0.9439996480941772,-0.020715977996587753,0.702052891254425,0.9391800165176392,-0.01721399649977684
again,0.5432048439979553,0.19490021467208862,-0.8334873914718628,0.5768738985061646,0.12035506218671799,-0.7843151092529297,0.592836856842041,0.12059027701616287,-0.7842075228691101,0.6064897775650024,0.12237650901079178,-0.7840686440467834,0.5182607173919678,0.11870551109313965,-0.7772510647773743,0.49576982855796814,0.11682295799255371,-0.7769486308097839,0.4757328927516937,0.11522191017866135,-0.7773110866546631,0.6184002161026001,0.1480002999305725,-0.43192800879478455,0.4464251399040222,0.13398565351963043,-0.3824518322944641,0.563677191734314,0.26967090368270874,-0.7018384337425232,0.5028074979782104,0.25904029607772827,-0.6912937760353088,0.6966242790222168,0.49163082242012024,-0.28609058260917664,0.3157680332660675,0.4272063970565796,-0.14853857457637787,0.8009578585624695,0.9781736731529236,-0.7117889523506165,-0.0021971464157104492,0.5249106287956238,-0.6450722813606262,0.7238410711288452,0.7690200209617615,-1.2258678674697876,0.19062106311321259,0.17365360260009766,-1.1661312580108643,0.6679444313049316,0.7388244867324829,-1.3240677118301392,0.27734580636024475,0.09844344109296799,-1.2592825889587402,0.6467733979225159,0.6530317664146423,-1.2121679782867432,0.3180130124092102,0.10251695662736893,-1.111600637435913,0.6468494534492493,0.676068127155304,-1.1924289464950562,0.3005148470401764,0.13726860284805298,-1.1269631385803223,0.5827663540840149,1.1971714496612549,-0.04662763327360153,0.34532856941223145,1.061896562576294,0.05126156657934189,0.5506365299224854,1.72446870803833,0.14167636632919312,0.2607930302619934,1.6864187717437744,0.44352588057518005,0.5184476971626282,2.1834797859191895,0.8578779101371765,0.2441132813692093,2.138179302215576,1.1545915603637695,0.5160962343215942,2.257887601852417,0.9099342226982117,0.23322758078575134,2.20892071723938,1.2194998264312744,0.4746124744415283,2.3638391494750977,0.4209659695625305,0.2681029140949249,2.3236899375915527,0.7208213806152344,0.7015358805656433,0.7640933990478516,0.0,0.747334897518158,0.7200362682342529,-0.013032292015850544,0.7651431560516357,0.6687728762626648,-0.025589613243937492,0.7541433572769165,0.6268744468688965,-0.03692932799458504,0.7426599264144897,0.5996152758598328,-0.04753831401467323,0.715164065361023,0.7102739810943604,-0.04492874816060066,0.6642224192619324,0.6991895437240601,-0.060242749750614166,0.6383779048919678,0.6810393333435059,-0.06272793561220169,0.6134114861488342,0.6598875522613525,-0.06265101581811905,0.6716408729553223,0.7233873009681702,-0.04583490639925003,0.6229755282402039,0.7117242217063904,-0.05984623730182648,0.598817765712738,0.6898447275161743,-0.056090641766786575,0.5778976082801819,0.6639866232872009,-0.05439028516411781,0.6396993398666382,0.7293953895568848,-0.044422220438718796,0.59885174036026,0.7122370004653931,-0.058648861944675446,0.5740466713905334,0.6886839866638184,-0.05201413109898567,0.5530333518981934,0.6628826856613159,-0.0480213388800621,0.6144280433654785,0.7290256023406982,-0.04353760927915573,0.585220217704773,0.704195499420166,-0.05369776114821434,0.5647765398025513,0.6845930814743042,-0.050395093858242035,0.5454163551330566,0.6673524975776672,-0.047428783029317856
again,0.5021103024482727,0.22526097297668457,-0.3869631290435791,0.5376805663108826,0.187235489487648,-0.3564872443675995,0.5532734990119934,0.19122672080993652,-0.356641560792923,0.5767420530319214,0.19597071409225464,-0.35701146721839905,0.48664674162864685,0.18743199110031128,-0.3665006160736084,0.4700283408164978,0.1912263035774231,-0.3666117191314697,0.45964914560317993,0.19526362419128418,-0.3671015501022339,0.5844072699546814,0.21883362531661987,-0.15392805635929108,0.43848171830177307,0.2170151323080063,-0.19735446572303772,0.5294095873832703,0.2774283289909363,-0.3061523735523224,0.4739895761013031,0.28063470125198364,-0.3199348747730255,0.6046618819236755,0.44800302386283875,-0.06728967279195786,0.3364441990852356,0.4385841190814972,-0.10435925424098969,0.6989766359329224,0.7424730062484741,-0.2973574995994568,0.11708009243011475,0.5382623076438904,-0.41671499609947205,0.6885510683059692,0.6433448791503906,-0.6233184933662415,0.2948649823665619,0.5367388129234314,-0.7443024516105652,0.6876511573791504,0.5975848436355591,-0.685501217842102,0.330077588558197,0.5315834283828735,-0.7917178869247437,0.6762403249740601,0.5634694695472717,-0.6393119096755981,0.3518576920032501,0.4973388910293579,-0.7430369853973389,0.6747375726699829,0.5959963202476501,-0.6101126074790955,0.34498679637908936,0.5113613605499268,-0.7312558889389038,0.5336348414421082,0.944402277469635,0.02556859888136387,0.3710143566131592,0.9448023438453674,-0.023882579058408737,0.5608723759651184,1.3046292066574097,0.16945935785770416,0.3933072090148926,1.313697099685669,0.21392962336540222,0.5675653219223022,1.6115949153900146,0.8375690579414368,0.40579813718795776,1.6223664283752441,0.7369383573532104,0.5705606937408447,1.6572778224945068,0.8955448269844055,0.4001592695713043,1.6717841625213623,0.7856937646865845,0.5503491759300232,1.747739315032959,0.6478002071380615,0.4371594488620758,1.744546890258789,0.5036637187004089,0.7198683619499207,0.609721302986145,0.0,0.7022313475608826,0.5706755518913269,0.0027004650328308344,0.6962293982505798,0.5270839929580688,-0.0022816054988652468,0.6936244964599609,0.4981123208999634,-0.010183822363615036,0.6921128630638123,0.47828468680381775,-0.016825323924422264,0.7252662777900696,0.4983169734477997,-0.0030854702927172184,0.7244874238967896,0.4650629162788391,-0.014826332218945026,0.7119873762130737,0.44713038206100464,-0.021322915330529213,0.6996029615402222,0.437504380941391,-0.024956021457910538,0.7320132255554199,0.5135854482650757,-0.012911186553537846,0.7168478965759277,0.4954758882522583,-0.025147153064608574,0.6979168653488159,0.5078029632568359,-0.02505425177514553,0.686873733997345,0.5232464075088501,-0.02365362085402012,0.7344135046005249,0.5369759202003479,-0.023790471255779266,0.7148101925849915,0.5266525745391846,-0.03361339867115021,0.6971282958984375,0.5377461910247803,-0.027770470827817917,0.6867963671684265,0.5508993864059448,-0.022839296609163284,0.7335382699966431,0.565904438495636,-0.035637013614177704,0.713801920413971,0.5571590065956116,-0.04185594245791435,0.6980640292167664,0.5613588690757751,-0.0379360057413578,0.6875861287117004,0.5691436529159546,-0.03399195149540901
again,0.49285879731178284,0.3355594873428345,-0.9755604863166809,0.5148646235466003,0.28860175609588623,-0.9399815797805786,0.5275112986564636,0.2879757881164551,-0.9399204254150391,0.5389820337295532,0.2874978184700012,-0.9400618672370911,0.4741407036781311,0.2890844941139221,-0.9331085085868835,0.45987266302108765,0.28975868225097656,-0.9332253336906433,0.4462771415710449,0.29106050729751587,-0.9336673021316528,0.552094042301178,0.3019452691078186,-0.6043781638145447,0.4229591488838196,0.3113853335380554,-0.5691885948181152,0.518791675567627,0.3915060758590698,-0.8399308323860168,0.4685400128364563,0.3881286382675171,-0.8330706357955933,0.6497650146484375,0.5373592376708984,-0.41325873136520386,0.3411223292350769,0.48247891664505005,-0.2905225455760956,0.7283329963684082,0.9284964799880981,-0.8703206181526184,0.11776985973119736,0.38370925188064575,-0.6853510737419128,0.5768495202064514,0.7384003400802612,-1.3177977800369263,0.37706074118614197,0.3851529359817505,-1.0162354707717896,0.5249325037002563,0.7034395933151245,-1.3956223726272583,0.4416409134864807,0.3761976957321167,-1.0763391256332397,0.5202407240867615,0.6247049570083618,-1.2910796403884888,0.44969168305397034,0.3786050081253052,-0.950173556804657,0.5311084985733032,0.6423879861831665,-1.280446171760559,0.43251579999923706,0.3987942337989807,-0.9762722253799438,0.567585825920105,1.0083608627319336,-0.036267928779125214,0.37920674681663513,1.001097321510315,0.037993788719177246,0.5670918822288513,1.441506266593933,-0.09985480457544327,0.3840818405151367,1.4036355018615723,-0.08604370057582855,0.5618867874145508,1.7730374336242676,0.46556490659713745,0.36814171075820923,1.75605046749115,0.30485090613365173,0.565079391002655,1.823501467704773,0.5060908198356628,0.35849055647850037,1.8200981616973877,0.3365475833415985,0.53010493516922,1.9234793186187744,0.13345633447170258,0.394418329000473,1.8784198760986328,-0.062493763864040375,0.6601047515869141,0.6247537732124329,0.0,0.6188071370124817,0.6264601349830627,-0.0019628023728728294,0.5815994143486023,0.611069917678833,-0.00997582171112299,0.5630755424499512,0.5916100740432739,-0.02049255557358265,0.5553649663925171,0.5734499096870422,-0.028589986264705658,0.5776077508926392,0.514156699180603,-0.0035434686578810215,0.5604313015937805,0.5236360430717468,-0.016827542334794998,0.5657652020454407,0.5616812705993652,-0.022021951153874397,0.5725185871124268,0.5922613143920898,-0.023433007299900055,0.5994780659675598,0.4955226480960846,-0.011546903289854527,0.5799553394317627,0.5184652209281921,-0.02250724844634533,0.5824313759803772,0.5589784979820251,-0.02273050881922245,0.588756799697876,0.5893020629882812,-0.022104401141405106,0.6249618530273438,0.49074244499206543,-0.021253688260912895,0.6038292050361633,0.5271137356758118,-0.031182294711470604,0.6054396629333496,0.5679060220718384,-0.02777102030813694,0.6113461852073669,0.594174325466156,-0.02409769967198372,0.652947723865509,0.4953606128692627,-0.03222644701600075,0.6314769387245178,0.5293285250663757,-0.03671232610940933,0.628639817237854,0.5651353597640991,-0.032930243760347366,0.6323304772377014,0.5888686180114746,-0.028785085305571556
again,0.4992285370826721,0.34179359674453735,-0.7531456351280212,0.515191376209259,0.28922054171562195,-0.713962733745575,0.5263136029243469,0.28662002086639404,-0.7141509652137756,0.5363421440124512,0.28447073698043823,-0.7142220735549927,0.4725952744483948,0.29498785734176636,-0.7106525897979736,0.4557432234287262,0.29645565152168274,-0.7104415893554688,0.44073086977005005,0.29824715852737427,-0.7109372019767761,0.5492634773254395,0.29533064365386963,-0.3627527058124542,0.417564332485199,0.31672197580337524,-0.3388638496398926,0.5242298245429993,0.39176517724990845,-0.6155872941017151,0.4727550446987152,0.39787232875823975,-0.612806499004364,0.6427779197692871,0.5335738062858582,-0.2094031572341919,0.34166908264160156,0.48661214113235474,-0.07560373097658157,0.7213630080223083,0.9328380823135376,-0.6746131181716919,0.09628307819366455,0.4454590976238251,-0.46943312883377075,0.5495089888572693,0.7483255863189697,-1.1790218353271484,0.37584757804870605,0.49597662687301636,-0.8649624586105347,0.4753773808479309,0.7006002068519592,-1.2715418338775635,0.4425602853298187,0.5293799638748169,-0.9298433065414429,0.4946322441101074,0.6251088380813599,-1.1660209894180298,0.47174662351608276,0.5141359567642212,-0.8188575506210327,0.5075844526290894,0.6565021872520447,-1.1444252729415894,0.44410425424575806,0.5250711441040039,-0.8329139947891235,0.570698618888855,1.0332142114639282,-0.06528956443071365,0.3816187381744385,1.029695749282837,0.06795010715723038,0.5710229873657227,1.5082670450210571,-0.039284732192754745,0.3620191514492035,1.4910180568695068,0.33411672711372375,0.562862753868103,1.8927061557769775,0.3605799078941345,0.3635118007659912,1.8688448667526245,0.7766153812408447,0.5708844661712646,1.9532955884933472,0.37826892733573914,0.3574398159980774,1.9266916513442993,0.8130599856376648,0.5275334119796753,2.0302364826202393,-0.07540831714868546,0.3935146927833557,2.011026382446289,0.38015350699424744,0.6504335403442383,0.6215623021125793,0.0,0.6193662881851196,0.6274648308753967,-0.005946388002485037,0.5905126333236694,0.6236230134963989,-0.01762435771524906,0.5829958319664001,0.6217594146728516,-0.031881581991910934,0.5862039923667908,0.625159740447998,-0.045529015362262726,0.5832493901252747,0.5339170694351196,-0.009542233310639858,0.5671573281288147,0.5098586082458496,-0.023855164647102356,0.5561106204986572,0.5055884122848511,-0.034415945410728455,0.5462817549705505,0.5078886151313782,-0.04047119989991188,0.6017241477966309,0.5142838358879089,-0.016076713800430298,0.5817466974258423,0.5128757953643799,-0.0292845256626606,0.5753037333488464,0.539680004119873,-0.03473428264260292,0.5723287463188171,0.5650108456611633,-0.037098754197359085,0.6239398121833801,0.5065996050834656,-0.024008750915527344,0.6025761961936951,0.5202159881591797,-0.035229865461587906,0.5982723236083984,0.5552535057067871,-0.034447081387043,0.5981135368347168,0.5840860605239868,-0.03244103491306305,0.6479891538619995,0.5083210468292236,-0.0336056686937809,0.6264422535896301,0.5190839767456055,-0.03931974247097969,0.6191496253013611,0.5492539405822754,-0.03642922639846802,0.6174389719963074,0.5754169225692749,-0.033110152930021286
again,0.5016953945159912,0.342722624540329,-1.1122348308563232,0.5174523591995239,0.29368650913238525,-1.0691332817077637,0.5286288261413574,0.29125940799713135,-1.069124698638916,0.539457380771637,0.2892884612083435,-1.0692496299743652,0.4774496555328369,0.29889801144599915,-1.0683330297470093,0.46231818199157715,0.300578773021698,-1.068508505821228,0.4480677545070648,0.3024764060974121,-1.0689212083816528,0.553490161895752,0.30062609910964966,-0.693644642829895,0.42379647493362427,0.3224554657936096,-0.6869351863861084,0.5256215929985046,0.39064639806747437,-0.9652528762817383,0.4777294993400574,0.39402130246162415,-0.9661291241645813,0.6466898322105408,0.5366878509521484,-0.4734622836112976,0.34086740016937256,0.509475588798523,-0.3884913921356201,0.7267380952835083,0.9289227724075317,-0.8525959253311157,0.09634310007095337,0.549070417881012,-0.7652202844619751,0.5486234426498413,0.8006654381752014,-1.3496869802474976,0.32969433069229126,0.4948664903640747,-1.172760248184204,0.474631130695343,0.7840378284454346,-1.444865345954895,0.3734782338142395,0.481714129447937,-1.2487872838974,0.4862190783023834,0.7395492196083069,-1.3669441938400269,0.3958527445793152,0.4716370403766632,-1.146281123161316,0.49984151124954224,0.7502723932266235,-1.326738953590393,0.3823545575141907,0.4824520945549011,-1.1429694890975952,0.5742905139923096,1.014875054359436,-0.040977537631988525,0.3858146071434021,1.0080592632293701,0.043493300676345825,0.5715833902359009,1.4793504476547241,0.07347423583269119,0.3660832941532135,1.4734371900558472,0.2976224720478058,0.5657608509063721,1.8332064151763916,0.6715826392173767,0.36938396096229553,1.8256862163543701,0.8655256032943726,0.5704702734947205,1.892198920249939,0.7114675045013428,0.3641799986362457,1.8819442987442017,0.9130538702011108,0.5421946048736572,1.9737941026687622,0.27918076515197754,0.4084102511405945,1.9708583354949951,0.4626263678073883,0.656600832939148,0.6379554867744446,0.0,0.6167910099029541,0.6205688714981079,0.003503211308270693,0.5829102396965027,0.5832858085632324,-0.0004651081981137395,0.5694063305854797,0.5477651953697205,-0.008350042626261711,0.5659385323524475,0.5247183442115784,-0.01406288705766201,0.5822680592536926,0.5075598359107971,0.0049876803532242775,0.5627730488777161,0.4962138235569,-0.008647235110402107,0.5563255548477173,0.52497398853302,-0.014371423050761223,0.5515624284744263,0.5512645244598389,-0.015784118324518204,0.6037874221801758,0.4938150644302368,-0.005709461402148008,0.5767863988876343,0.4960300624370575,-0.018445096909999847,0.5678994059562683,0.5319249629974365,-0.020406434312462807,0.563492476940155,0.5621772408485413,-0.019921809434890747,0.6286921501159668,0.491258442401886,-0.018105028197169304,0.6000043749809265,0.512151837348938,-0.0301339253783226,0.5970229506492615,0.5594350099563599,-0.025198182091116905,0.5975582599639893,0.5944878458976746,-0.019215771928429604,0.6555479764938354,0.49970224499702454,-0.03155915066599846,0.6279194951057434,0.5148369073867798,-0.03724374249577522,0.6216539144515991,0.553608238697052,-0.0314246341586113,0.6217412352561951,0.5846701860427856,-0.024856150150299072
