finally,0.45413851737976074,0.3396299481391907,-0.748012363910675,0.47112980484962463,0.287293016910553,-0.7360620498657227,0.4845375120639801,0.2858372926712036,-0.7357272505760193,0.49796542525291443,0.283370703458786,-0.7356563210487366,0.4354662001132965,0.2858138084411621,-0.7310348749160767,0.4241298735141754,0.2839862108230591,-0.7311736345291138,0.4128173887729645,0.28121548891067505,-0.7315704822540283,0.5193781852722168,0.27563905715942383,-0.5449074506759644,0.39468812942504883,0.2824646830558777,-0.4960111975669861,0.4779812693595886,0.38806813955307007,-0.6635109782218933,0.43269091844558716,0.389925092458725,-0.6511042714118958,0.6382317543029785,0.4921824634075165,-0.3489166498184204,0.28438064455986023,0.4834960699081421,-0.3362553119659424,0.7413256764411926,0.9368034601211548,-0.6344788074493408,0.2162363976240158,0.9264392256736755,-0.624203085899353,0.6069908738136292,0.579582929611206,-0.930044949054718,0.30464106798171997,0.5622020959854126,-0.9837064743041992,0.5679429769515991,0.49458545446395874,-0.9542074203491211,0.3502848148345947,0.469818651676178,-1.0173503160476685,0.5722432136535645,0.42270615696907043,-0.8340202569961548,0.3281373679637909,0.4249493181705475,-0.9382463693618774,0.5788887739181519,0.450643390417099,-0.8825117945671082,0.34043413400650024,0.4682426452636719,-0.9574819803237915,0.5565509796142578,0.9806064367294312,0.01871534250676632,0.3557216227054596,0.981001079082489,-0.01503260899335146,0.5408912301063538,1.4117518663406372,-0.040101632475852966,0.344078004360199,1.3799549341201782,-0.018591130152344704,0.5102380514144897,1.7151424884796143,0.6625275015830994,0.3154676556587219,1.699204921722412,0.44928184151649475,0.5095193386077881,1.7670109272003174,0.715528130531311,0.30462348461151123,1.7587898969650269,0.4852924942970276,0.4754362106323242,1.8650012016296387,0.4090697765350342,0.33508023619651794,1.847842812538147,0.13653387129306793,0.6347899436950684,0.5605645775794983,0.0,0.6349575519561768,0.4878363609313965,0.009375974535942078,0.6090113520622253,0.43082955479621887,0.002281946362927556,0.5670112371444702,0.4065994918346405,-0.006959106773138046,0.5329260230064392,0.4025118947029114,-0.01486838050186634,0.5916687250137329,0.39855507016181946,-0.018614085391163826,0.5474879741668701,0.339155912399292,-0.030307356268167496,0.5189325213432312,0.29615873098373413,-0.03748242184519768,0.4970729351043701,0.26267167925834656,-0.042922042310237885,0.5700874328613281,0.42002439498901367,-0.03065127693116665,0.5227011442184448,0.4034089744091034,-0.033197708427906036,0.5291350483894348,0.4269123375415802,-0.022824907675385475,0.5454685688018799,0.4424491226673126,-0.01779802143573761,0.5513537526130676,0.4525528848171234,-0.04182431846857071,0.5115744471549988,0.4393484890460968,-0.03960012272000313,0.5175831317901611,0.45875340700149536,-0.025751663371920586,0.5327874422073364,0.46884751319885254,-0.020296741276979446,0.5387102365493774,0.4879288971424103,-0.05338917672634125,0.5078396797180176,0.4728686213493347,-0.05060213431715965,0.5131142139434814,0.48924458026885986,-0.040936823934316635,0.5247319936752319,0.5008352994918823,-0.0359756164252758
finally,0.4656481146812439,0.1722429394721985,-0.9906449317932129,0.4892272353172302,0.10224420577287674,-0.9599951505661011,0.5051138401031494,0.10470783710479736,-0.9596775770187378,0.5197017788887024,0.10807497054338455,-0.9590160250663757,0.440697580575943,0.10109073668718338,-0.9486132860183716,0.42361873388290405,0.10380363464355469,-0.9487093091011047,0.4074340760707855,0.10706925392150879,-0.9488169550895691,0.5352050065994263,0.14401745796203613,-0.6675761938095093,0.37890926003456116,0.14397019147872925,-0.5994516611099243,0.4942588210105896,0.24184097349643707,-0.8753358125686646,0.4340530335903168,0.23960614204406738,-0.8573908805847168,0.655622124671936,0.45278090238571167,-0.4897158741950989,0.27519863843917847,0.46241214871406555,-0.3396454453468323,0.7424142360687256,0.9503980278968811,-0.8303543329238892,0.204488605260849,0.9415187239646912,-0.6911141872406006,0.6320955753326416,0.6490240097045898,-1.3666502237319946,0.28996193408966064,0.6069363355636597,-1.3999704122543335,0.5766807794570923,0.5453301668167114,-1.4642046689987183,0.3151196837425232,0.5104105472564697,-1.4985463619232178,0.6009922027587891,0.48358553647994995,-1.370022177696228,0.3206493556499481,0.4612472653388977,-1.4362291097640991,0.5980027318000793,0.5140838027000427,-1.336484670639038,0.3183101415634155,0.4825531840324402,-1.3913178443908691,0.5836296677589417,1.0396369695663452,-0.06727388501167297,0.3535710871219635,1.044600486755371,0.07121244817972183,0.5946104526519775,1.5649702548980713,0.14876298606395721,0.3609869182109833,1.5808805227279663,0.41588693857192993,0.6012810468673706,1.9625132083892822,0.8248761296272278,0.3745492100715637,1.9731857776641846,1.0392534732818604,0.6104093790054321,2.030304431915283,0.8704797625541687,0.3699601888656616,2.042971134185791,1.094157338142395,0.5688667893409729,2.117947578430176,0.4501991271972656,0.39762669801712036,2.1257805824279785,0.6629929542541504,0.6561551094055176,0.5646885633468628,0.0,0.6454102396965027,0.49834004044532776,0.009245955385267735,0.6188376545906067,0.43810704350471497,-0.0009741618414409459,0.5842628479003906,0.41089576482772827,-0.015245496295392513,0.5504313111305237,0.4125683605670929,-0.028509315103292465,0.6104050874710083,0.4019138813018799,-0.021408917382359505,0.5594477653503418,0.3449086546897888,-0.036598943173885345,0.5319571495056152,0.31686872243881226,-0.04208248481154442,0.5116816759109497,0.2935212254524231,-0.04641176760196686,0.603502631187439,0.4278799593448639,-0.03798510134220123,0.5318921208381653,0.42917728424072266,-0.049553558230400085,0.5374460220336914,0.4580702483654022,-0.03901616483926773,0.5556738972663879,0.46959033608436584,-0.0315982922911644,0.5962069034576416,0.46515071392059326,-0.05388858541846275,0.5290465354919434,0.4699825346469879,-0.061785582453012466,0.5388815402984619,0.4980863630771637,-0.045727770775556564,0.5591755509376526,0.5025496482849121,-0.036697715520858765,0.589192807674408,0.504414975643158,-0.06994755566120148,0.5349271297454834,0.5067810416221619,-0.07387177646160126,0.5411080121994019,0.5288338661193848,-0.06250375509262085,0.5577995777130127,0.5361782312393188,-0.05509360507130623
finally,0.4536845088005066,0.22909879684448242,-1.0286694765090942,0.47746363282203674,0.14794057607650757,-1.0032427310943604,0.4946311414241791,0.15001188218593597,-1.00287663936615,0.5105505585670471,0.1535329818725586,-1.002349615097046,0.4281104505062103,0.14518247544765472,-0.9923370480537415,0.4131126403808594,0.1454542726278305,-0.9925717115402222,0.3994298577308655,0.14597266912460327,-0.9927083849906921,0.5283926129341125,0.1751602292060852,-0.7299808859825134,0.37678807973861694,0.1702633500099182,-0.6642438173294067,0.4848841726779938,0.283338725566864,-0.9203262329101562,0.4273720383644104,0.2771766781806946,-0.9031127691268921,0.6490062475204468,0.46364307403564453,-0.5250603556632996,0.28025537729263306,0.4846334457397461,-0.414520800113678,0.7447072863578796,0.9446067214012146,-0.8360589742660522,0.200028657913208,0.9508542418479919,-0.7366030812263489,0.6622461080551147,0.6657066345214844,-1.379498839378357,0.2396576851606369,0.6270126104354858,-1.448236346244812,0.6233996748924255,0.5686174631118774,-1.4696406126022339,0.25056225061416626,0.5320490002632141,-1.5382694005966187,0.6218476295471191,0.5097291469573975,-1.3805400133132935,0.2548331916332245,0.481549471616745,-1.4951205253601074,0.6226033568382263,0.542063295841217,-1.3501302003860474,0.2580476701259613,0.5011669397354126,-1.4441803693771362,0.5738586187362671,1.0233371257781982,-0.05052071064710617,0.3595685660839081,1.030485987663269,0.05408025532960892,0.5949386954307556,1.504738688468933,0.11510835587978363,0.36577677726745605,1.515702486038208,0.36484014987945557,0.6021542549133301,1.8681731224060059,0.8118821382522583,0.3824083209037781,1.8731049299240112,1.0065205097198486,0.609541118144989,1.9305942058563232,0.8603655695915222,0.37823784351348877,1.9373595714569092,1.0622457265853882,0.5760071277618408,2.0234785079956055,0.4728335738182068,0.41315650939941406,2.0277206897735596,0.6537689566612244,0.2261514961719513,0.5820997357368469,0.0,0.2667621374130249,0.5539523959159851,-0.007621791213750839,0.29509401321411133,0.5157737731933594,-0.026281101629137993,0.30862316489219666,0.48575589060783386,-0.04621768742799759,0.3170586824417114,0.4671638607978821,-0.06267976015806198,0.25411731004714966,0.42139601707458496,-0.026954907923936844,0.2802753746509552,0.3720043897628784,-0.055760372430086136,0.2944291830062866,0.33173900842666626,-0.07552839815616608,0.30452826619148254,0.2956360876560211,-0.08811849355697632,0.2281573861837387,0.4264976382255554,-0.037244539707899094,0.2922174036502838,0.4557139575481415,-0.0637977197766304,0.2946430742740631,0.49698159098625183,-0.06300880759954453,0.279937207698822,0.5040843486785889,-0.060703251510858536,0.21385827660560608,0.45718467235565186,-0.04972120374441147,0.2795133590698242,0.4946879744529724,-0.0713687613606453,0.2765626311302185,0.5226507186889648,-0.06228230148553848,0.2592104375362396,0.5246480703353882,-0.055123452097177505,0.2078491896390915,0.4960993826389313,-0.06462453305721283,0.2608596682548523,0.52452552318573,-0.07477286458015442,0.2627139985561371,0.5444951057434082,-0.06896018236875534,0.24996283650398254,0.5490443110466003,-0.06453441083431244
finally,0.4576522707939148,0.23959451913833618,-0.2877581715583801,0.4762759804725647,0.16173267364501953,-0.2792748510837555,0.49082255363464355,0.1630457490682602,-0.27914419770240784,0.5082617998123169,0.16629552841186523,-0.27920758724212646,0.43826642632484436,0.1938610076904297,-0.2844424843788147,0.42696887254714966,0.19555026292800903,-0.2847180962562561,0.41570910811424255,0.1973610520362854,-0.2855376899242401,0.5230641961097717,0.19845342636108398,-0.18112002313137054,0.4064868092536926,0.22757381200790405,-0.18454396724700928,0.48252072930336,0.29016998410224915,-0.24983832240104675,0.440361887216568,0.293159544467926,-0.2520971894264221,0.626594066619873,0.47938284277915955,-0.07612165063619614,0.31426751613616943,0.46907541155815125,-0.11105354875326157,0.7362576723098755,0.9256376624107361,-0.3613989055156708,0.19379757344722748,0.9136155247688293,-0.31376537680625916,0.6736268401145935,0.6252618432044983,-0.8267863988876343,0.21094456315040588,0.5918128490447998,-0.7088223695755005,0.6331179141998291,0.5800843834877014,-0.8566703796386719,0.1914995014667511,0.5164450407028198,-0.7250926494598389,0.6475719213485718,0.529706597328186,-0.7690261006355286,0.22152283787727356,0.4723562002182007,-0.6891562938690186,0.6432967185974121,0.5544115304946899,-0.7960859537124634,0.23506717383861542,0.4972877502441406,-0.6972869634628296,0.5630024671554565,0.9847914576530457,0.027014276012778282,0.37324637174606323,0.9616391658782959,-0.02448097988963127,0.5656003952026367,1.3478031158447266,0.10275660455226898,0.37475496530532837,1.3389575481414795,0.07251589745283127,0.5390791893005371,1.651902437210083,0.6427779197692871,0.36006736755371094,1.64103364944458,0.45377200841903687,0.5397820472717285,1.699971079826355,0.6786157488822937,0.35419589281082153,1.6945955753326416,0.4791263937950134,0.5094461441040039,1.7797116041183472,0.4061015248298645,0.3752657175064087,1.773936152458191,0.16869279742240906,0.21968933939933777,0.585294246673584,0.0,0.24940934777259827,0.5556357502937317,-0.011187618598341942,0.27189797163009644,0.5033780932426453,-0.02730189450085163,0.2704554796218872,0.466232031583786,-0.04386921972036362,0.24491927027702332,0.4546736776828766,-0.05668378248810768,0.2320382297039032,0.41742631793022156,-0.018985554575920105,0.2382161021232605,0.35520386695861816,-0.03875117003917694,0.2425585240125656,0.3164423704147339,-0.05144122242927551,0.24179941415786743,0.2790836691856384,-0.06006137281656265,0.19482944905757904,0.4217139780521393,-0.025454817339777946,0.23404966294765472,0.4372257888317108,-0.04321170970797539,0.24318581819534302,0.48045796155929565,-0.03945489227771759,0.23054882884025574,0.48561596870422363,-0.03573044762015343,0.16966676712036133,0.4475707411766052,-0.03451109305024147,0.2091764658689499,0.47426649928092957,-0.04801405593752861,0.21778853237628937,0.5060480833053589,-0.040296781808137894,0.20437262952327728,0.5078383088111877,-0.035513535141944885,0.14917689561843872,0.48055002093315125,-0.04626290872693062,0.1836032122373581,0.5000075697898865,-0.050427909940481186,0.19671759009361267,0.5188146829605103,-0.04568067565560341,0.1897137612104416,0.520649790763855,-0.0428059883415699
finally,0.4627699851989746,0.25031107664108276,-0.5475993156433105,0.4716736674308777,0.20304979383945465,-0.5292942523956299,0.4819266200065613,0.2045152187347412,-0.5290862321853638,0.49143821001052856,0.2048221230506897,-0.5290502905845642,0.44677287340164185,0.1984771341085434,-0.5329186916351318,0.43929773569107056,0.19679981470108032,-0.5330919027328491,0.42918628454208374,0.1948871612548828,-0.5334869027137756,0.500055193901062,0.21889376640319824,-0.37619009613990784,0.4017450213432312,0.2244381308555603,-0.38202768564224243,0.4755890369415283,0.3043786287307739,-0.4903486371040344,0.44080621004104614,0.303308367729187,-0.4937504827976227,0.6014454364776611,0.5141346454620361,-0.23620609939098358,0.27916520833969116,0.5074665546417236,-0.24092862010002136,0.7415289878845215,0.9603582620620728,-0.3698407709598541,0.18769067525863647,0.9500393271446228,-0.4805477559566498,0.6823757886886597,0.6533529758453369,-0.6525106430053711,0.1765643060207367,0.588850736618042,-0.9553501009941101,0.6726183891296387,0.5705431699752808,-0.6978699564933777,0.1435312032699585,0.5080241560935974,-1.0190458297729492,0.6519704461097717,0.5194332599639893,-0.6151404976844788,0.1734229028224945,0.4748217463493347,-0.9793980717658997,0.6355020999908447,0.5904912948608398,-0.6248763203620911,0.19795408844947815,0.5037854313850403,-0.9529750943183899,0.5482423305511475,1.0512104034423828,-0.015959475189447403,0.34401750564575195,1.0395647287368774,0.018955394625663757,0.5510380864143372,1.4367860555648804,0.22309455275535583,0.36203432083129883,1.4291908740997314,0.239181250333786,0.5475860834121704,1.7666488885879517,0.8956460952758789,0.37084585428237915,1.755197525024414,0.7980750203132629,0.5476780533790588,1.8246409893035889,0.9449266195297241,0.3672502040863037,1.8128983974456787,0.8437545895576477,0.5402042269706726,1.8938113451004028,0.6407685875892639,0.40187352895736694,1.8946912288665771,0.4965978264808655,0.1719203144311905,0.5703571438789368,0.0,0.20266470313072205,0.5512524247169495,-0.018632907420396805,0.22054147720336914,0.4976423382759094,-0.0347149632871151,0.2044106125831604,0.45558053255081177,-0.04999125376343727,0.17584790289402008,0.4344906806945801,-0.06240900605916977,0.19406257569789886,0.4198291301727295,-0.027431443333625793,0.19510005414485931,0.34932467341423035,-0.04951760545372963,0.1960286796092987,0.30219510197639465,-0.061935726553201675,0.19411039352416992,0.26357388496398926,-0.07019730657339096,0.16082492470741272,0.42310628294944763,-0.03003634698688984,0.17362679541110992,0.42446768283843994,-0.054211221635341644,0.18215756118297577,0.4785305857658386,-0.05038652569055557,0.1764809787273407,0.48617351055145264,-0.043123114854097366,0.1339736133813858,0.4438207149505615,-0.035852428525686264,0.14700862765312195,0.45278987288475037,-0.05675143748521805,0.1610334813594818,0.4956784248352051,-0.04622522369027138,0.15582841634750366,0.5003570914268494,-0.03662659972906113,0.11000896990299225,0.4712054133415222,-0.044749364256858826,0.12220858037471771,0.47513487935066223,-0.05595143511891365,0.13733424246311188,0.5024814605712891,-0.05074303597211838,0.1354646533727646,0.5063413381576538,-0.04476242884993553
finally,0.4238778054714203,0.15326541662216187,-0.5171700716018677,0.42038989067077637,0.103007011115551,-0.5568075776100159,0.41951432824134827,0.10398895293474197,-0.5568879246711731,0.41814860701560974,0.1052931547164917,-0.5572844743728638,0.42229190468788147,0.10407573729753494,-0.5462530255317688,0.4231027662754059,0.10611241310834885,-0.5465807318687439,0.4230680465698242,0.10814125090837479,-0.5470491647720337,0.4494832158088684,0.20104967057704926,-0.6242951154708862,0.4502878785133362,0.20498687028884888,-0.5793997645378113,0.4352794587612152,0.19933205842971802,-0.5288764238357544,0.4243937134742737,0.19962161779403687,-0.516228437423706,0.5059655904769897,0.4523511826992035,-0.551200270652771,0.42747196555137634,0.42287495732307434,-0.4977651536464691,0.5606836676597595,0.760791540145874,-0.5095037221908569,0.3634243905544281,0.6781062483787537,-0.49837726354599,0.5509416460990906,0.6118387579917908,-0.5258337259292603,0.3227471113204956,0.609394371509552,-0.6009232401847839,0.5424470901489258,0.552948534488678,-0.5668575167655945,0.30380457639694214,0.5732318162918091,-0.6311108469963074,0.555976390838623,0.508080244064331,-0.5317872762680054,0.300043523311615,0.5445570349693298,-0.6255101561546326,0.5537422299385071,0.5344951152801514,-0.5125945806503296,0.3128771185874939,0.5640134811401367,-0.6030147075653076,0.4987259805202484,0.855487048625946,-0.010065026581287384,0.45032066106796265,0.8524450659751892,0.010115736164152622,0.5628437995910645,0.877314567565918,0.5176602602005005,0.5002179145812988,0.8515355587005615,0.5793321132659912,0.5627922415733337,0.9295725226402283,1.134495735168457,0.510226845741272,0.9681442379951477,1.1644905805587769,0.5659377574920654,0.9221408367156982,1.1973694562911987,0.5175839066505432,0.9758589267730713,1.2247231006622314,0.5465826392173767,0.9962841272354126,1.162683367729187,0.5054329633712769,1.0497076511383057,1.1908156871795654,0.13819216191768646,0.536182701587677,0.0,0.163593590259552,0.5321856737136841,-0.03143911808729172,0.1821833997964859,0.47779086232185364,-0.049611616879701614,0.16573889553546906,0.42793577909469604,-0.06370116025209427,0.1397157907485962,0.4020737111568451,-0.07600817084312439,0.17351193726062775,0.41157394647598267,-0.03669879585504532,0.17665031552314758,0.35150229930877686,-0.06233218312263489,0.1775718331336975,0.3060123026371002,-0.07818683981895447,0.17636851966381073,0.2660292088985443,-0.08847693353891373,0.14134196937084198,0.4164576530456543,-0.031120697036385536,0.13762709498405457,0.4053391218185425,-0.05751732364296913,0.14698858559131622,0.45796650648117065,-0.05521925166249275,0.14761638641357422,0.4565524160861969,-0.04839460924267769,0.11282983422279358,0.4311138987541199,-0.030441179871559143,0.10806789249181747,0.4218810796737671,-0.055613890290260315,0.12168864160776138,0.46747657656669617,-0.04602598398923874,0.12588468194007874,0.47096869349479675,-0.035634830594062805,0.0870131254196167,0.44808122515678406,-0.033524807542562485,0.08340740948915482,0.44324567914009094,-0.05002414807677269,0.09633339196443558,0.4747296869754791,-0.046640463173389435,0.10104386508464813,0.4772582948207855,-0.04057583957910538
finally,0.4422696530818939,0.11664891242980957,-0.06654594093561172,0.4224317669868469,0.09697568416595459,-0.14641493558883667,0.4141334891319275,0.10074615478515625,-0.14669451117515564,0.4005611836910248,0.10435301810503006,-0.14702488481998444,0.4553176760673523,0.09366447478532791,-0.14314839243888855,0.46972599625587463,0.09873349219560623,-0.1431911736726761,0.47968846559524536,0.10060620307922363,-0.14363162219524384,0.3800387978553772,0.15778698027133942,-0.33625856041908264,0.5115069150924683,0.15815287828445435,-0.3178376853466034,0.42494887113571167,0.17416620254516602,-0.11075459420681,0.46936362981796265,0.1831466108560562,-0.10549761354923248,0.27847015857696533,0.4568727910518646,-0.321121484041214,0.5842380523681641,0.4326306879520416,-0.3085534870624542,0.19288384914398193,0.8047963976860046,-0.13517673313617706,0.7271473407745361,0.7258551716804504,0.021221905946731567,0.15357241034507751,0.5315989851951599,0.11091072857379913,0.6786360740661621,0.5453108549118042,0.3597589433193207,0.1680721640586853,0.5202826261520386,0.10927675664424896,0.6730771660804749,0.49487167596817017,0.39494097232818604,0.16173115372657776,0.4459344744682312,0.13647842407226562,0.6404106020927429,0.47416913509368896,0.38347986340522766,0.18485507369041443,0.46234849095344543,0.1291964054107666,0.6202197074890137,0.5371595025062561,0.36742672324180603,0.4079055190086365,0.9210993647575378,0.02421177737414837,0.5208775997161865,0.897842288017273,-0.0233494583517313,0.43663930892944336,1.1392656564712524,0.4233457148075104,0.589568018913269,1.0829384326934814,0.3910171091556549,0.4604383111000061,1.4094213247299194,0.8941704630851746,0.5302630066871643,1.3819023370742798,0.8343199491500854,0.47657305002212524,1.455026388168335,0.9469330906867981,0.5105952620506287,1.4393384456634521,0.8831394910812378,0.4607972204685211,1.4377111196517944,0.998001217842102,0.5400876402854919,1.4229481220245361,0.9158489108085632,0.12964096665382385,0.4855249226093292,0.0,0.15629194676876068,0.49221697449684143,-0.03849863260984421,0.1791699230670929,0.43581268191337585,-0.05765344947576523,0.16642193496227264,0.38062071800231934,-0.07055988162755966,0.14214539527893066,0.3503204584121704,-0.08199896663427353,0.17997193336486816,0.36711427569389343,-0.04400978609919548,0.18232902884483337,0.30447307229042053,-0.07490281760692596,0.18303914368152618,0.2603825330734253,-0.09536970406770706,0.18204671144485474,0.21975021064281464,-0.10794568061828613,0.14430998265743256,0.370972216129303,-0.03203946724534035,0.14148768782615662,0.3553495407104492,-0.06007016450166702,0.1462368220090866,0.41512930393218994,-0.05855502933263779,0.1447129249572754,0.4137691259384155,-0.05212903022766113,0.11384885758161545,0.38324812054634094,-0.025973545387387276,0.11240561306476593,0.3711759150028229,-0.05334131047129631,0.12286728620529175,0.4245235025882721,-0.04430679604411125,0.126197949051857,0.4293145537376404,-0.033583518117666245,0.08738405257463455,0.39600372314453125,-0.02409677952528,0.08830614387989044,0.3930063545703888,-0.04295114427804947,0.09662939608097076,0.43057578802108765,-0.041455481201410294,0.09857127815485,0.4321267306804657,-0.03588839992880821
finally,0.43640607595443726,0.1760471910238266,-0.07807383686304092,0.42932242155075073,0.11431200057268143,-0.14713549613952637,0.4229802191257477,0.1165967658162117,-0.14723540842533112,0.41075611114501953,0.11716139316558838,-0.14751966297626495,0.452192485332489,0.11292893439531326,-0.13560910522937775,0.4586283564567566,0.11354207992553711,-0.13572388887405396,0.4644871652126312,0.11466329544782639,-0.13632585108280182,0.40964165329933167,0.20787745714187622,-0.32090216875076294,0.4780272841453552,0.22401028871536255,-0.26620054244995117,0.4278965890407562,0.20329254865646362,-0.12334666401147842,0.445500910282135,0.20291028916835785,-0.10731592029333115,0.40565627813339233,0.4849730134010315,-0.3350113034248352,0.5047896504402161,0.4386216998100281,-0.25952455401420593,0.33836859464645386,0.8151822686195374,-0.19336867332458496,0.5234197378158569,0.7295023798942566,-0.07813659310340881,0.3435278832912445,0.5657538771629333,-0.023195970803499222,0.4345476031303406,0.5492985248565674,0.06373204290866852,0.3190469741821289,0.5094287395477295,-0.024685392156243324,0.4246555268764496,0.5031242370605469,0.08412285149097443,0.36517855525016785,0.4693545699119568,0.007959824055433273,0.39912110567092896,0.47922036051750183,0.07475228607654572,0.37335696816444397,0.4960440993309021,-0.004238549154251814,0.4065156877040863,0.5006759166717529,0.06456805765628815,0.43873316049575806,0.9227929711341858,0.024011580273509026,0.46660226583480835,0.9004167914390564,-0.02285660058259964,0.4646647572517395,1.1810442209243774,0.37934598326683044,0.4972217082977295,1.1241410970687866,0.3375675082206726,0.49624910950660706,1.4336893558502197,0.8415747880935669,0.46234163641929626,1.4035429954528809,0.7750970125198364,0.5108362436294556,1.4785993099212646,0.8923261761665344,0.44994550943374634,1.4623470306396484,0.822989821434021,0.49008774757385254,1.4846107959747314,0.888757050037384,0.46621784567832947,1.4492689371109009,0.7948951125144958,0.1315733790397644,0.4986307621002197,0.0,0.16190707683563232,0.4930921196937561,-0.03456185758113861,0.18326100707054138,0.4367879331111908,-0.05275044962763786,0.16909632086753845,0.384859174489975,-0.0665941834449768,0.14765185117721558,0.3494667708873749,-0.07838011533021927,0.17988775670528412,0.36641502380371094,-0.03348676487803459,0.18379497528076172,0.2963436245918274,-0.05920316278934479,0.18439991772174835,0.24535806477069855,-0.0760526955127716,0.18535774946212769,0.20454031229019165,-0.08685320615768433,0.14770185947418213,0.372113436460495,-0.02614976465702057,0.14062754809856415,0.35093075037002563,-0.05519077926874161,0.14720919728279114,0.4101896286010742,-0.055046990513801575,0.15082360804080963,0.42043203115463257,-0.047571323812007904,0.11854994297027588,0.3857194781303406,-0.024358268827199936,0.11384521424770355,0.37257713079452515,-0.05181011185050011,0.12418404966592789,0.4221607744693756,-0.04404415190219879,0.12977229058742523,0.4308452010154724,-0.032926999032497406,0.0928594321012497,0.40159428119659424,-0.026717497035861015,0.09070917963981628,0.39062297344207764,-0.04440128803253174,0.09946420788764954,0.425212025642395,-0.04261450096964836,0.10288266837596893,0.430751234292984,-0.03659307584166527
finally,0.5141433477401733,0.2583129405975342,-0.5507708787918091,0.5353748202323914,0.20006690919399261,-0.5114836692810059,0.5491432547569275,0.19911235570907593,-0.5112268924713135,0.5604546070098877,0.19897590577602386,-0.5105913281440735,0.4915822148323059,0.20229190587997437,-0.5072105526924133,0.4774865508079529,0.20260728895664215,-0.507524311542511,0.4645628035068512,0.20311003923416138,-0.5075907707214355,0.5713286399841309,0.2234901785850525,-0.28621381521224976,0.44064730405807495,0.23147998750209808,-0.2542322874069214,0.5397776365280151,0.31033414602279663,-0.46827149391174316,0.49131566286087036,0.3103753328323364,-0.46043673157691956,0.6709885001182556,0.5265049934387207,-0.20097696781158447,0.3402632474899292,0.5258204936981201,-0.10579559952020645,0.726024329662323,0.9533860683441162,-0.4386342167854309,0.2737668752670288,0.9197062849998474,-0.4059029221534729,0.5977881550788879,0.6343438029289246,-0.7642948627471924,0.3862665891647339,0.6204006671905518,-0.9357023239135742,0.5753089785575867,0.5401207208633423,-0.8120225667953491,0.4067451059818268,0.5342551469802856,-0.9989421963691711,0.5861654281616211,0.4916172921657562,-0.7220133543014526,0.4059244990348816,0.49944207072257996,-0.9344230890274048,0.5884109139442444,0.5168401002883911,-0.7307422757148743,0.40580788254737854,0.5229079723358154,-0.9216963052749634,0.5962755680084229,1.031077265739441,-0.03323272243142128,0.39862173795700073,1.0191001892089844,0.03632299229502678,0.6009461879730225,1.4560656547546387,-0.0012945078779011965,0.4026562571525574,1.460062026977539,0.263435959815979,0.5966706871986389,1.7891682386398315,0.4047306180000305,0.4085163474082947,1.7899341583251953,0.6606464385986328,0.6030802130699158,1.8454495668411255,0.4244612753391266,0.4040100574493408,1.850026249885559,0.6918907165527344,0.5672746896743774,1.9247734546661377,0.08939424157142639,0.42550602555274963,1.9217442274093628,0.3590376675128937,0.6663804054260254,0.6081856489181519,0.0,0.6277532577514648,0.5829527378082275,0.001441017258912325,0.600047767162323,0.5295301079750061,-0.0051971846260130405,0.5854743123054504,0.48232677578926086,-0.015262243337929249,0.5736945867538452,0.443423867225647,-0.024554109200835228,0.606919527053833,0.4760437309741974,-0.007795071229338646,0.5714991092681885,0.423805832862854,-0.023926647379994392,0.5497369170188904,0.3910517394542694,-0.034605011343955994,0.533448338508606,0.3657746911048889,-0.04068928584456444,0.6284493207931519,0.47281160950660706,-0.01661531627178192,0.5884332656860352,0.46149539947509766,-0.028619224205613136,0.5713673233985901,0.4844048023223877,-0.028038278222084045,0.5649889707565308,0.50459223985672,-0.02636593021452427,0.649508535861969,0.4816683828830719,-0.026797762140631676,0.6170376539230347,0.4823617935180664,-0.03900003433227539,0.6016844511032104,0.5114380121231079,-0.033623360097408295,0.5971277952194214,0.5338932871818542,-0.028472261503338814,0.6718141436576843,0.4997140169143677,-0.03790171816945076,0.6478285193443298,0.4973078966140747,-0.04552100598812103,0.635155439376831,0.5208256244659424,-0.04086008667945862,0.6326783299446106,0.541439414024353,-0.035940758883953094
finally,0.5119142532348633,0.2761193513870239,-0.6881157159805298,0.5338155031204224,0.2132854461669922,-0.6525842547416687,0.5472317934036255,0.21080398559570312,-0.652284562587738,0.5587789416313171,0.20893120765686035,-0.6516295671463013,0.49003297090530396,0.21876901388168335,-0.6485536694526672,0.4750010073184967,0.21925292909145355,-0.6486577391624451,0.46170535683631897,0.21964401006698608,-0.6487629413604736,0.5694581866264343,0.23293481767177582,-0.40472498536109924,0.437955766916275,0.24706727266311646,-0.37389758229255676,0.5372132062911987,0.3293067216873169,-0.5943949818611145,0.4867730736732483,0.3267739415168762,-0.5864904522895813,0.669518232345581,0.5163628458976746,-0.26769381761550903,0.33786141872406006,0.5213191509246826,-0.18835659325122833,0.7256799936294556,0.9523770809173584,-0.5060496926307678,0.2709524631500244,0.9197136759757996,-0.46403226256370544,0.6044815182685852,0.6409016847610474,-0.8826214075088501,0.3833838999271393,0.6222549676895142,-0.993707537651062,0.5822048783302307,0.5489588379859924,-0.9383934736251831,0.3985944092273712,0.5297365188598633,-1.0629826784133911,0.5904107093811035,0.50599604845047,-0.8524578213691711,0.4009726941585541,0.499891459941864,-0.999136745929718,0.5895446538925171,0.5276196002960205,-0.852276623249054,0.40267258882522583,0.5270067453384399,-0.9787503480911255,0.5897745490074158,1.0355664491653442,-0.02830805815756321,0.396340012550354,1.0199801921844482,0.031484827399253845,0.6017413139343262,1.4924964904785156,0.05215667933225632,0.3961956202983856,1.5009956359863281,0.23467221856117249,0.5970200300216675,1.8498255014419556,0.5330408811569214,0.4002832770347595,1.854564905166626,0.6621045470237732,0.6031227111816406,1.9074313640594482,0.5600161552429199,0.39553576707839966,1.913801670074463,0.6962825059890747,0.5681590437889099,1.9920737743377686,0.1951543688774109,0.42020875215530396,1.9942564964294434,0.31989678740501404,0.3865046799182892,0.5764121413230896,0.0,0.3796679675579071,0.5331822633743286,0.0022002942860126495,0.3954513669013977,0.4883440136909485,-0.004166723228991032,0.42196065187454224,0.46426987648010254,-0.009738782420754433,0.4430152475833893,0.4661516845226288,-0.01487024500966072,0.3960789442062378,0.46594056487083435,-0.03514455258846283,0.4257652461528778,0.41451185941696167,-0.05021660402417183,0.44444820284843445,0.3811787962913513,-0.05537585914134979,0.45723584294319153,0.3560618758201599,-0.05762435868382454,0.41041290760040283,0.48401910066604614,-0.04096132516860962,0.45979928970336914,0.45649364590644836,-0.04859865829348564,0.4547445476055145,0.4800287187099457,-0.03732025995850563,0.4380095303058624,0.4978215992450714,-0.029036562889814377,0.4257297217845917,0.5102293491363525,-0.045617640018463135,0.46775585412979126,0.4979212284088135,-0.05072426050901413,0.4589898884296417,0.517032265663147,-0.036524415016174316,0.44155633449554443,0.5270959138870239,-0.027059581130743027,0.44032466411590576,0.5369176864624023,-0.050575658679008484,0.46923792362213135,0.5356218218803406,-0.055412884801626205,0.4586668014526367,0.5510647296905518,-0.04844435304403305,0.4431353509426117,0.553920567035675,-0.042138710618019104
finally,0.488957941532135,0.25196772813796997,-0.7539098262786865,0.5154840350151062,0.1999557614326477,-0.7216506004333496,0.5302023887634277,0.20204414427280426,-0.7212467193603516,0.5429646968841553,0.2051224708557129,-0.7206297516822815,0.4682251811027527,0.19885283708572388,-0.7098581790924072,0.45386308431625366,0.2004607766866684,-0.7098826766014099,0.441530704498291,0.20299182832241058,-0.709941565990448,0.5568403601646423,0.23497700691223145,-0.47102680802345276,0.4234023988246918,0.23118185997009277,-0.4107085168361664,0.5170923471450806,0.30949634313583374,-0.6604126691818237,0.458151638507843,0.30767887830734253,-0.6439366340637207,0.6535815596580505,0.5206996202468872,-0.31077027320861816,0.33591586351394653,0.5183042883872986,-0.22027118504047394,0.7282537221908569,0.9451623558998108,-0.6563785076141357,0.25978219509124756,0.9275637865066528,-0.5249521732330322,0.6488882303237915,0.6805579662322998,-1.2567989826202393,0.31412455439567566,0.6441144943237305,-1.2087050676345825,0.6274183392524719,0.585832953453064,-1.3557757139205933,0.3218095898628235,0.5818172693252563,-1.3072940111160278,0.6317685842514038,0.5376003384590149,-1.2761623859405518,0.32432928681373596,0.5281578302383423,-1.260632872581482,0.6283453106880188,0.5689032077789307,-1.2362972497940063,0.32686328887939453,0.5521501898765564,-1.2044179439544678,0.579346239566803,1.0292388200759888,-0.040155600756406784,0.3912278115749359,1.0182455778121948,0.04351856932044029,0.5928453207015991,1.4771124124526978,0.08707844465970993,0.38903912901878357,1.4765384197235107,0.21479706466197968,0.5966022610664368,1.8297282457351685,0.6375707387924194,0.3988003134727478,1.818023443222046,0.6796512603759766,0.6060824990272522,1.8889323472976685,0.6706111431121826,0.3925122916698456,1.874808669090271,0.7161287665367126,0.5655270218849182,1.9609298706054688,0.295402467250824,0.42428237199783325,1.9568099975585938,0.3167085349559784,0.6745011210441589,0.6982089281082153,0.0,0.619515061378479,0.6391748189926147,0.011584866791963577,0.5898964405059814,0.587131917476654,0.0046266005374491215,0.5737314820289612,0.5490317940711975,-0.007430227007716894,0.5807284712791443,0.5276259183883667,-0.014709506183862686,0.6541406512260437,0.49357834458351135,0.004219329450279474,0.5900896787643433,0.49251648783683777,-0.010804628022015095,0.5904264450073242,0.5391553044319153,-0.015448336489498615,0.6062959432601929,0.5533572435379028,-0.01746746525168419,0.6660346984863281,0.5051482319831848,-0.014802203513681889,0.5964903235435486,0.5136218070983887,-0.03043787181377411,0.6019608378410339,0.5581116676330566,-0.02808285318315029,0.6203475594520569,0.5658050179481506,-0.025893056765198708,0.6736654043197632,0.526494562625885,-0.03483899310231209,0.6109051704406738,0.5374516844749451,-0.045347269624471664,0.6139053702354431,0.575933575630188,-0.03646303340792656,0.6303249597549438,0.582577109336853,-0.03031191974878311,0.6742055416107178,0.5536292791366577,-0.05487848445773125,0.6283814311027527,0.5591395497322083,-0.05634108930826187,0.6269124746322632,0.5859550833702087,-0.048067282885313034,0.6405029296875,0.5936413407325745,-0.042521774768829346
finally,0.4843751788139343,0.24609631299972534,-0.8337341547012329,0.5108999609947205,0.20072340965270996,-0.8023965954780579,0.5265329480171204,0.2020702362060547,-0.8021257519721985,0.5391122102737427,0.2039123922586441,-0.8014866709709167,0.46366995573043823,0.198280468583107,-0.7899302244186401,0.4504867196083069,0.1983242630958557,-0.7898330092430115,0.43869104981422424,0.19882875680923462,-0.789971649646759,0.5543333292007446,0.2272813320159912,-0.5351322889328003,0.42197686433792114,0.2224711775779724,-0.4684998095035553,0.514592170715332,0.30217647552490234,-0.7332792282104492,0.45376819372177124,0.29666852951049805,-0.7148600816726685,0.6602816581726074,0.5118606090545654,-0.36768007278442383,0.3276818096637726,0.5139985680580139,-0.2523195445537567,0.7269136905670166,0.9497978687286377,-0.7245462536811829,0.2566627562046051,0.9430097937583923,-0.5790703296661377,0.6567674875259399,0.7037747502326965,-1.3773761987686157,0.3053460717201233,0.6538131833076477,-1.3389253616333008,0.6417540311813354,0.6305303573608398,-1.4940584897994995,0.31075215339660645,0.5828149914741516,-1.4564586877822876,0.6455075740814209,0.5766206383705139,-1.4257029294967651,0.31105273962020874,0.5364031195640564,-1.4209290742874146,0.6399399042129517,0.6020478010177612,-1.3624495267868042,0.31754833459854126,0.5620278120040894,-1.3412014245986938,0.592347264289856,1.0933022499084473,-0.05682842805981636,0.3781898319721222,1.041776180267334,0.06015952304005623,0.6019524335861206,1.515149474143982,0.07797926664352417,0.3943864107131958,1.525518536567688,0.30584660172462463,0.6090521812438965,1.8940800428390503,0.6355778574943542,0.4009455144405365,1.8896287679672241,0.8382059335708618,0.6193733811378479,1.9552704095840454,0.6687198877334595,0.3940589725971222,1.9507930278778076,0.8829509615898132,0.57231205701828,2.033226251602173,0.26849961280822754,0.4234737753868103,2.024522542953491,0.4808071255683899,0.3002600371837616,0.6262788772583008,0.0,0.3276738226413727,0.5967661738395691,-0.010403702966868877,0.3437821865081787,0.5513160824775696,-0.020997583866119385,0.3372812271118164,0.5202719569206238,-0.03352935612201691,0.31269559264183044,0.5155019760131836,-0.04431568831205368,0.31853973865509033,0.4781630039215088,-0.005433567799627781,0.3269680142402649,0.42658424377441406,-0.023789135739207268,0.33305490016937256,0.39173832535743713,-0.03632783889770508,0.3349544405937195,0.3595953583717346,-0.044460099190473557,0.29085785150527954,0.48551133275032043,-0.012294121086597443,0.30602067708969116,0.4539175033569336,-0.036062147468328476,0.3153957426548004,0.4998873174190521,-0.037355974316596985,0.31012749671936035,0.5215399265289307,-0.032018717378377914,0.267644464969635,0.5052751302719116,-0.02278798073530197,0.28292447328567505,0.48605427145957947,-0.04376853629946709,0.29416242241859436,0.5236091017723083,-0.036998093128204346,0.28759416937828064,0.5360061526298523,-0.027652928605675697,0.2475585639476776,0.532818078994751,-0.03590916097164154,0.2634003758430481,0.5183080434799194,-0.04746931046247482,0.27554237842559814,0.542718231678009,-0.043294213712215424,0.2710155248641968,0.5513772964477539,-0.03697025030851364
finally,0.49006786942481995,0.23220981657505035,-0.7432833909988403,0.5138202905654907,0.185587540268898,-0.7095426321029663,0.5275208950042725,0.1871548295021057,-0.7092365622520447,0.5392032861709595,0.19000476598739624,-0.7085747718811035,0.46665817499160767,0.18425048887729645,-0.6907362937927246,0.45231494307518005,0.18539947271347046,-0.6908763647079468,0.43963855504989624,0.18768435716629028,-0.6908615231513977,0.5545514822006226,0.2185308337211609,-0.46319419145584106,0.421073853969574,0.2195587158203125,-0.3747003674507141,0.5155795812606812,0.2891252636909485,-0.6530369520187378,0.4579910337924957,0.28800565004348755,-0.6287689805030823,0.6562073826789856,0.5028664469718933,-0.34485501050949097,0.3336615562438965,0.5126675963401794,-0.16750505566596985,0.7229745388031006,0.9488551020622253,-0.741284191608429,0.2556361258029938,0.9329735636711121,-0.46281760931015015,0.6846762299537659,0.6841555833816528,-1.4197888374328613,0.2693653702735901,0.634602963924408,-1.1979758739471436,0.691226601600647,0.6112714409828186,-1.5301238298416138,0.2540794014930725,0.560471773147583,-1.30197012424469,0.6883281469345093,0.5647833347320557,-1.4700530767440796,0.26001185178756714,0.5152316093444824,-1.2723826169967651,0.6772447824478149,0.5873218774795532,-1.4094229936599731,0.27383482456207275,0.5425130128860474,-1.206459641456604,0.5784566402435303,1.0341596603393555,-0.059056710451841354,0.38256824016571045,1.0221582651138306,0.06244068592786789,0.594664990901947,1.494721531867981,0.057267121970653534,0.3901095986366272,1.500372290611267,0.321760356426239,0.5974953770637512,1.8697441816329956,0.6240673661231995,0.3976108133792877,1.8621852397918701,0.8539066314697266,0.6055539846420288,1.9309748411178589,0.6593694686889648,0.3895356059074402,1.9208393096923828,0.8995534777641296,0.5653011202812195,2.005744695663452,0.2702591121196747,0.423126757144928,1.9989821910858154,0.5022168755531311,0.7073709964752197,0.66728675365448,0.0,0.6719583868980408,0.6305219531059265,-0.0053407312370836735,0.6486702561378479,0.5798854231834412,-0.013091274537146091,0.6553449034690857,0.5400316119194031,-0.023591525852680206,0.6803333163261414,0.522436261177063,-0.032159555703401566,0.666824221611023,0.5200746059417725,-0.0014077456435188651,0.6571006178855896,0.4597092270851135,-0.01728180982172489,0.650873064994812,0.42284154891967773,-0.02690885029733181,0.6475657224655151,0.387403666973114,-0.0330909788608551,0.6941279172897339,0.5220495462417603,-0.010029632598161697,0.6792155504226685,0.49790769815444946,-0.028657639399170876,0.6753392219543457,0.5428444147109985,-0.027007650583982468,0.6807969808578491,0.5618898868560791,-0.02088729292154312,0.717971920967102,0.5347105264663696,-0.021858125925064087,0.7016701102256775,0.5228338241577148,-0.03940791264176369,0.6958020925521851,0.5658559203147888,-0.03082968108355999,0.7026566863059998,0.5807685852050781,-0.020384501665830612,0.7413526773452759,0.5524722337722778,-0.03597216680645943,0.7223870754241943,0.5377656817436218,-0.045066580176353455,0.7156034111976624,0.5694953203201294,-0.03867067024111748,0.7223837375640869,0.5824798345565796,-0.030855692923069
finally,0.475320428609848,0.2512800693511963,-0.7877042889595032,0.5022304058074951,0.20267152786254883,-0.7596940398216248,0.5188584327697754,0.20336872339248657,-0.7592962384223938,0.5332096815109253,0.20507138967514038,-0.7587277889251709,0.45620840787887573,0.20202602446079254,-0.7414141893386841,0.4441393315792084,0.20295119285583496,-0.7417553067207336,0.4333084523677826,0.20438247919082642,-0.741769552230835,0.5562068223953247,0.23211097717285156,-0.5271288156509399,0.42226630449295044,0.23493272066116333,-0.44229984283447266,0.5087510347366333,0.3073802590370178,-0.7001650929450989,0.4496278166770935,0.3077327013015747,-0.676567018032074,0.6619983315467834,0.5066521763801575,-0.3599107265472412,0.33893096446990967,0.516189455986023,-0.20861320197582245,0.7294291257858276,0.9574059247970581,-0.715083122253418,0.23679271340370178,0.9289358854293823,-0.4438604712486267,0.7053499817848206,0.675754189491272,-1.3073136806488037,0.24955353140830994,0.6263153553009033,-1.0197227001190186,0.7135987281799316,0.5956171751022339,-1.3870136737823486,0.2304673194885254,0.5479428768157959,-1.0824226140975952,0.707619309425354,0.5523403286933899,-1.3138720989227295,0.2422955483198166,0.5061875581741333,-1.035152792930603,0.6952046751976013,0.5776712894439697,-1.2870445251464844,0.25984686613082886,0.5362204909324646,-1.0142685174942017,0.5749524235725403,1.0404331684112549,-0.049347590655088425,0.38568371534347534,1.0198829174041748,0.05239781737327576,0.5834625363349915,1.4999929666519165,0.08199169486761093,0.3750065565109253,1.4963359832763672,0.2919926047325134,0.5830138325691223,1.8582580089569092,0.6468438506126404,0.3776701092720032,1.847715139389038,0.7740365862846375,0.5903289914131165,1.9201174974441528,0.6842007040977478,0.3712781071662903,1.906731128692627,0.8151832818984985,0.5532010793685913,1.9952908754348755,0.3332739770412445,0.40263062715530396,1.9921127557754517,0.4490436613559723,0.7244019508361816,0.6711410284042358,0.0,0.6891167759895325,0.6211966872215271,-0.0038452348671853542,0.673839271068573,0.568606972694397,-0.006718382705003023,0.684734046459198,0.517678439617157,-0.013716096989810467,0.70965576171875,0.4908120036125183,-0.016823017969727516,0.6889786124229431,0.5269328355789185,0.020212272182106972,0.6883079409599304,0.48428571224212646,0.006652247626334429,0.6888024210929871,0.5178626775741577,0.0021579351741820574,0.6915524005889893,0.5396696329116821,0.0019034759607166052,0.7134261727333069,0.5278260111808777,0.012701486237347126,0.7135822772979736,0.4834989905357361,-0.003945209085941315,0.7086638808250427,0.5261695384979248,-0.007008120883256197,0.7078209519386292,0.5419687032699585,-0.003142752917483449,0.7365800142288208,0.5361690521240234,0.0004328589129727334,0.7382272481918335,0.501352071762085,-0.014609521254897118,0.7295839190483093,0.5422270894050598,-0.01046618539839983,0.7292781472206116,0.5610994100570679,-0.0018219312187284231,0.7622594833374023,0.5491396188735962,-0.013848031871020794,0.7592585682868958,0.5157588124275208,-0.019069889560341835,0.752256453037262,0.5407409071922302,-0.014560462906956673,0.7524088025093079,0.5563616156578064,-0.007286127656698227
finally,0.48206591606140137,0.25448644161224365,-0.8251498937606812,0.5069609880447388,0.21002763509750366,-0.7940080165863037,0.5237464904785156,0.21153420209884644,-0.7935740947723389,0.5375767946243286,0.21345581114292145,-0.7929608225822449,0.46003350615501404,0.2077280431985855,-0.7777929902076721,0.4477422833442688,0.2081507295370102,-0.77825528383255,0.4369813799858093,0.2089441865682602,-0.7782171368598938,0.5594894886016846,0.2362251877784729,-0.5444146990776062,0.4231134057044983,0.23776496946811676,-0.4717370867729187,0.515495240688324,0.3120177090167999,-0.7306778430938721,0.4536772668361664,0.3098527789115906,-0.7103627920150757,0.6669560074806213,0.5094206929206848,-0.3748401999473572,0.3317722678184509,0.517318069934845,-0.2301134169101715,0.7255555987358093,0.9519234299659729,-0.7422608733177185,0.23651787638664246,0.9286394715309143,-0.46344080567359924,0.7070814371109009,0.6609128713607788,-1.3495807647705078,0.23902997374534607,0.6082316637039185,-1.038317084312439,0.7206804752349854,0.5732609629631042,-1.4342466592788696,0.22191181778907776,0.5307745933532715,-1.109189748764038,0.713266909122467,0.5366492867469788,-1.3635367155075073,0.23481246829032898,0.4906919598579407,-1.058672547340393,0.6971637010574341,0.5660504102706909,-1.3320281505584717,0.24944038689136505,0.5195202231407166,-1.033921718597412,0.5782712697982788,1.0543298721313477,-0.041993532329797745,0.3819619119167328,1.0345367193222046,0.04511968418955803,0.590695858001709,1.536208987236023,0.1468062549829483,0.37880703806877136,1.5339878797531128,0.30433759093284607,0.5935901403427124,1.9042818546295166,0.7285481691360474,0.38107311725616455,1.8951040506362915,0.7723539471626282,0.601370096206665,1.9683475494384766,0.76902836561203,0.3743731379508972,1.9556889533996582,0.8133128881454468,0.5638854503631592,2.043208360671997,0.4182087779045105,0.40842288732528687,2.040722370147705,0.4430091381072998,0.7172074913978577,0.665932834148407,0.0,0.6838911175727844,0.6250538229942322,-0.015405367128551006,0.6747896671295166,0.5596624612808228,-0.021020492538809776,0.6970258355140686,0.5023177862167358,-0.027611369267106056,0.7271808981895447,0.4846028685569763,-0.031112637370824814,0.6866764426231384,0.527999997138977,0.01263254415243864,0.6895565390586853,0.4937308728694916,0.0008786964463070035,0.688798189163208,0.5202085971832275,-0.004241056740283966,0.690281093120575,0.5319704413414001,-0.005784591194242239,0.7146872878074646,0.5290626883506775,0.013142174109816551,0.7192909717559814,0.49210721254348755,0.00026022546808235347,0.7130113840103149,0.5257358551025391,-0.003385863034054637,0.7111650109291077,0.5302513241767883,-0.001668808632530272,0.739015519618988,0.538814902305603,0.008166610263288021,0.7452446818351746,0.5054042339324951,-0.005765088368207216,0.7336446642875671,0.5439443588256836,-0.004603303503245115,0.7315931916236877,0.559253990650177,0.0014021580573171377,0.7655977606773376,0.5509669780731201,0.0006598494946956635,0.7635793685913086,0.5232457518577576,-0.006274248939007521,0.7577435970306396,0.5480274558067322,-0.00473201647400856,0.7598011493682861,0.5592872500419617,0.000593911565374583
finally,0.503547728061676,0.25573474168777466,-0.531855583190918,0.5026986002922058,0.202420175075531,-0.596813440322876,0.503295361995697,0.2008097767829895,-0.5968925356864929,0.5039254426956177,0.19932371377944946,-0.5971131324768066,0.5055332183837891,0.20709532499313354,-0.5868462324142456,0.52200847864151,0.15671075880527496,-0.5870816111564636,0.507175862789154,0.21063226461410522,-0.5876792669296265,0.46370595693588257,0.20886832475662231,-0.743437647819519,0.5178253650665283,0.23867136240005493,-0.7006057500839233,0.4933238625526428,0.2563594579696655,-0.5666872262954712,0.505713701248169,0.29964324831962585,-0.5546073317527771,0.5466428995132446,0.4797314405441284,-0.6462960243225098,0.4716842770576477,0.4813171327114105,-0.6263223886489868,0.5714417099952698,0.8187918066978455,-0.4277114272117615,0.42797812819480896,0.7847878336906433,-0.26814913749694824,0.5366389751434326,0.9500519633293152,-0.26946350932121277,0.379984974861145,0.8925984501838684,0.0007944796234369278,0.5332915782928467,0.9900335073471069,-0.2970055639743805,0.3732512891292572,0.9277248382568359,0.01102733239531517,0.5280269980430603,0.9674001336097717,-0.3131767213344574,0.37056320905685425,0.9074453711509705,-0.041921358555555344,0.5248851776123047,0.9530724883079529,-0.27251774072647095,0.3766137361526489,0.8980173468589783,-0.017455145716667175,0.5447973608970642,0.935376763343811,0.024709638208150864,0.49334853887557983,0.9335806369781494,-0.02368844486773014,0.5847184658050537,1.1606451272964478,0.5690988302230835,0.5032294392585754,1.1823192834854126,0.4932677745819092,0.5685487389564514,1.4109690189361572,1.2625880241394043,0.492849737405777,1.4581371545791626,1.1055693626403809,0.5662429928779602,1.4332103729248047,1.3240967988967896,0.4830552637577057,1.4889614582061768,1.1653412580490112,0.5695933699607849,1.5141270160675049,1.18422269821167,0.526187002658844,1.5623908042907715,0.9961045384407043,0.23058003187179565,0.7138159275054932,0.0,0.2739757299423218,0.6533035635948181,-0.008609125390648842,0.2896794080734253,0.5828311443328857,-0.013926278799772263,0.27546826004981995,0.5276012420654297,-0.021607331931591034,0.24843041598796844,0.5006276369094849,-0.02864259108901024,0.2524240016937256,0.5390792489051819,-0.0025242604315280914,0.24120163917541504,0.483767032623291,-0.01855258084833622,0.23628711700439453,0.44711267948150635,-0.02858000621199608,0.23210547864437103,0.4196941554546356,-0.03415805101394653,0.22007285058498383,0.5505929589271545,-0.010199660435318947,0.20145131647586823,0.49029916524887085,-0.02646769769489765,0.19757843017578125,0.46182385087013245,-0.033486492931842804,0.1945854276418686,0.440833181142807,-0.037208929657936096,0.19217105209827423,0.5770177245140076,-0.020866500213742256,0.1729985773563385,0.5251966118812561,-0.03786250203847885,0.18561643362045288,0.5363986492156982,-0.03589487820863724,0.19520139694213867,0.5550243854522705,-0.03161761164665222,0.16594336926937103,0.6126710772514343,-0.03401174396276474,0.15265509486198425,0.5750636458396912,-0.04747903347015381,0.1646323800086975,0.5838253498077393,-0.04572342336177826,0.17553091049194336,0.6014716029167175,-0.04111794754862785
finally,0.38527020812034607,0.2859078049659729,-0.4679342210292816,0.39999035000801086,0.24126291275024414,-0.44916296005249023,0.4105660021305084,0.2442847639322281,-0.44884052872657776,0.4209628701210022,0.24840402603149414,-0.448582261800766,0.3699732720851898,0.24218422174453735,-0.45974045991897583,0.3584039807319641,0.24702852964401245,-0.4602588713169098,0.3465134799480438,0.25327587127685547,-0.4603712558746338,0.43494659662246704,0.277438759803772,-0.3181777596473694,0.325568288564682,0.2805963158607483,-0.36292964220046997,0.40398579835891724,0.3343505859375,-0.41812992095947266,0.36715418100357056,0.33881568908691406,-0.43192917108535767,0.5260522365570068,0.5411602258682251,-0.1671472191810608,0.24153952300548553,0.5824530124664307,-0.26928380131721497,0.6428776383399963,0.9100478887557983,-0.15099607408046722,0.15245288610458374,0.9548393487930298,-0.4467887282371521,0.5864647626876831,0.6611273884773254,-0.21710209548473358,0.17129123210906982,0.6434403657913208,-0.8116046786308289,0.5642685890197754,0.6011667251586914,-0.21467068791389465,0.1539548933506012,0.5553230047225952,-0.8597567677497864,0.5694001913070679,0.5470297336578369,-0.15785637497901917,0.17175522446632385,0.5223023295402527,-0.8254681825637817,0.550009548664093,0.5980962514877319,-0.1923346221446991,0.19060535728931427,0.5464897751808167,-0.8070794343948364,0.4985995888710022,1.0065042972564697,0.04592480883002281,0.3289705514907837,1.0496222972869873,-0.04357754811644554,0.5317074060440063,1.374829888343811,0.2741208076477051,0.3669458031654358,1.3990975618362427,0.17321835458278656,0.5430088043212891,1.6600215435028076,0.8196511268615723,0.3752274811267853,1.6812732219696045,0.5874395966529846,0.5430660843849182,1.7137482166290283,0.8589532971382141,0.36785125732421875,1.7364447116851807,0.6201001405715942,0.5437120199203491,1.779090166091919,0.6188271641731262,0.4088096618652344,1.7891923189163208,0.34305956959724426,0.5947620868682861,0.6412773728370667,0.0,0.5612307786941528,0.6010716557502747,-0.0023537345696240664,0.5390302538871765,0.555415689945221,-0.00624149851500988,0.5398799777030945,0.5154342651367188,-0.013450105674564838,0.5633111000061035,0.5032170414924622,-0.017357470467686653,0.5676084160804749,0.5134613513946533,0.010415914468467236,0.5539271831512451,0.48446351289749146,-0.002614489058032632,0.5519062876701355,0.5204761624336243,-0.005703916773200035,0.5587747097015381,0.5345026254653931,-0.005567595828324556,0.5876320004463196,0.5153048038482666,0.0026328498497605324,0.5752358436584473,0.48623189330101013,-0.011216302402317524,0.5705417990684509,0.5281963348388672,-0.010359803214669228,0.5777040123939514,0.5369464159011841,-0.005683491937816143,0.6068062782287598,0.5242421627044678,-0.008892100304365158,0.5968285799026489,0.5001435875892639,-0.022197745740413666,0.5895252227783203,0.5378037691116333,-0.01694265939295292,0.5962842106819153,0.5475422143936157,-0.009066745638847351,0.6277116537094116,0.5361460447311401,-0.02184595912694931,0.616117537021637,0.5174453854560852,-0.026775280013680458,0.609252393245697,0.5435032844543457,-0.02201716974377632,0.6148470640182495,0.5528550744056702,-0.015665285289287567
finally,0.4657953381538391,0.246282160282135,-0.8085017204284668,0.48235028982162476,0.1878746598958969,-0.7858577370643616,0.4967137277126312,0.1877571940422058,-0.7855448722839355,0.5101225972175598,0.18866123259067535,-0.78505939245224,0.44314447045326233,0.1926223188638687,-0.7716150283813477,0.43083056807518005,0.19607561826705933,-0.7721088528633118,0.4192203879356384,0.19975191354751587,-0.7721213102340698,0.5310479402542114,0.2097575068473816,-0.5589249134063721,0.4016033113002777,0.225436270236969,-0.49313172698020935,0.493245929479599,0.29563289880752563,-0.7185397148132324,0.44177931547164917,0.29849594831466675,-0.7009677886962891,0.6500229835510254,0.489652156829834,-0.37658560276031494,0.3198426365852356,0.5059248208999634,-0.26739099621772766,0.7406929731369019,0.9170995354652405,-0.6585443019866943,0.2420942336320877,0.923596203327179,-0.48036670684814453,0.7060599327087402,0.6652033925056458,-1.1726270914077759,0.221783846616745,0.63545823097229,-1.0575833320617676,0.6981514096260071,0.578677237033844,-1.2357333898544312,0.18991675972938538,0.5589935779571533,-1.1240290403366089,0.6965551376342773,0.5303699970245361,-1.1756548881530762,0.19730043411254883,0.5129048824310303,-1.0875999927520752,0.6875471472740173,0.5594890117645264,-1.1550498008728027,0.21838612854480743,0.5382559299468994,-1.057936191558838,0.5835666060447693,1.0180473327636719,-0.021387426182627678,0.3903954327106476,1.0136208534240723,0.024104967713356018,0.5997459888458252,1.4798836708068848,0.11366976797580719,0.3880986273288727,1.4878506660461426,0.276607871055603,0.5999916791915894,1.8317945003509521,0.7283260822296143,0.39298030734062195,1.837159276008606,0.8106105923652649,0.6054496169090271,1.8919589519500732,0.7737762928009033,0.38865241408348083,1.896498203277588,0.8572839498519897,0.5705959796905518,1.979017734527588,0.4478314518928528,0.4197767376899719,1.98454749584198,0.5043331980705261,0.720605194568634,0.6266733407974243,0.0,0.6914917230606079,0.5941470861434937,-0.011603482998907566,0.6742401123046875,0.5365689992904663,-0.016804112121462822,0.6862839460372925,0.4943068027496338,-0.023973383009433746,0.716861367225647,0.49327364563941956,-0.028153860941529274,0.7029303908348083,0.49725541472435,0.006554541178047657,0.7000900506973267,0.46334564685821533,-0.009458503685891628,0.6928740739822388,0.4989684522151947,-0.013777189888060093,0.6951746940612793,0.5155457854270935,-0.01418211031705141,0.7266169190406799,0.5019212365150452,0.0026383919175714254,0.7231935262680054,0.4637009799480438,-0.015897175297141075,0.7125772833824158,0.5106815099716187,-0.016121376305818558,0.7165828943252563,0.5237089991569519,-0.010358092375099659,0.7481762766838074,0.5146993398666382,-0.00640616612508893,0.7451239824295044,0.48305097222328186,-0.025348663330078125,0.7306708693504333,0.5278724431991577,-0.021191347390413284,0.7325754761695862,0.5434851050376892,-0.011852852068841457,0.7714133262634277,0.5316498875617981,-0.0177632924169302,0.7640770673751831,0.5078057050704956,-0.027062097564339638,0.7537434697151184,0.5352931618690491,-0.023917820304632187,0.7570137977600098,0.5464995503425598,-0.017096804454922676
finally,0.4831535220146179,0.23256736993789673,-0.9096274375915527,0.503862202167511,0.17869877815246582,-0.8846935033798218,0.5190544724464417,0.1789373755455017,-0.884527862071991,0.5332388281822205,0.1801624298095703,-0.8840631246566772,0.4633936882019043,0.18182311952114105,-0.8630036115646362,0.45131778717041016,0.18408894538879395,-0.8634012341499329,0.4402467608451843,0.186451256275177,-0.863538920879364,0.5548526644706726,0.20385956764221191,-0.6243791580200195,0.4255126118659973,0.21280132234096527,-0.5212271213531494,0.5120940208435059,0.2830580472946167,-0.8078959584236145,0.4586368203163147,0.2824711203575134,-0.7795094847679138,0.6725819110870361,0.4855937957763672,-0.4227304458618164,0.3358566462993622,0.4972071647644043,-0.24788852035999298,0.74946129322052,0.9123789668083191,-0.7815794944763184,0.2645321786403656,0.9082772731781006,-0.5017911195755005,0.7234906554222107,0.6839481592178345,-1.4629273414611816,0.25306984782218933,0.6278113126754761,-1.2058898210525513,0.7124147415161133,0.6012190580368042,-1.5609272718429565,0.23362767696380615,0.5512515306472778,-1.2959794998168945,0.7136194109916687,0.5509893894195557,-1.5109816789627075,0.24260313808918,0.5064536333084106,-1.2681243419647217,0.7009339332580566,0.5733388662338257,-1.4521205425262451,0.2571429908275604,0.5357939004898071,-1.2106285095214844,0.5860365033149719,1.0346519947052002,-0.0497274324297905,0.3944736123085022,1.0187934637069702,0.052186377346515656,0.6008669137954712,1.4970461130142212,0.08238749951124191,0.3947632312774658,1.4942306280136108,0.32388195395469666,0.597069501876831,1.8532521724700928,0.8078039884567261,0.3963884115219116,1.8488987684249878,0.964624285697937,0.602025032043457,1.9121215343475342,0.8613849878311157,0.38980382680892944,1.9064602851867676,1.0216730833053589,0.5650208592414856,2.000128746032715,0.49633893370628357,0.4205527901649475,1.9984791278839111,0.6375876665115356,0.7495997548103333,0.6458397507667542,0.0,0.7166451215744019,0.6105085611343384,-0.008591045625507832,0.6988955140113831,0.5512011647224426,-0.012255698442459106,0.709304690361023,0.5039376616477966,-0.018795058131217957,0.7367975115776062,0.4958186149597168,-0.022323260083794594,0.7288991212844849,0.5137037038803101,0.011149032041430473,0.7284623980522156,0.47114044427871704,-0.005102237686514854,0.7200496792793274,0.506923496723175,-0.010528300888836384,0.7190971970558167,0.5307790040969849,-0.011641016229987144,0.7523412704467773,0.5176622271537781,0.004945574328303337,0.7510497570037842,0.4700353145599365,-0.015389966778457165,0.7390688061714172,0.513310968875885,-0.018459200859069824,0.7389077544212341,0.5343201160430908,-0.01440647803246975,0.7749333381652832,0.5301418304443359,-0.006243173498660326,0.7731584906578064,0.48873913288116455,-0.025399990379810333,0.7578437924385071,0.5328624248504639,-0.021689267829060555,0.7549237012863159,0.5572475790977478,-0.012929935939610004,0.7993489503860474,0.5479187369346619,-0.019773442298173904,0.791778028011322,0.5173145532608032,-0.028855308890342712,0.7789227366447449,0.5444165468215942,-0.025692621245980263,0.775800883769989,0.5629441738128662,-0.019138026982545853
finally,0.5498079657554626,0.285616934299469,-0.7116159796714783,0.5760601162910461,0.23809033632278442,-0.6727429032325745,0.5898561477661133,0.2381269931793213,-0.6722427010536194,0.6021207571029663,0.2377278208732605,-0.6719496250152588,0.5304996967315674,0.23271240293979645,-0.6856365203857422,0.5160160064697266,0.2319909930229187,-0.6857047080993652,0.502133309841156,0.23111289739608765,-0.6858383417129517,0.6130216121673584,0.24827159941196442,-0.40726250410079956,0.47623568773269653,0.24206386506557465,-0.4592650830745697,0.5715199112892151,0.33023035526275635,-0.6083211302757263,0.5201199650764465,0.3283229470252991,-0.624039351940155,0.6887120008468628,0.4958365261554718,-0.2456897497177124,0.357343465089798,0.4992331862449646,-0.306334912776947,0.8091705441474915,0.9486185312271118,-0.5243744254112244,0.2696928083896637,0.9309632182121277,-0.6177625060081482,0.7215712070465088,0.609338104724884,-0.9646509289741516,0.4019237160682678,0.6130880117416382,-1.0072797536849976,0.693977952003479,0.5257694721221924,-1.0265792608261108,0.4598661959171295,0.511370062828064,-1.0597865581512451,0.6872169375419617,0.4597078859806061,-0.9249868392944336,0.4450835585594177,0.46284615993499756,-0.9810968637466431,0.6818416118621826,0.48981645703315735,-0.932512640953064,0.4524521231651306,0.50487220287323,-0.9819401502609253,0.6142002940177917,0.9901049137115479,0.019763188436627388,0.40819239616394043,1.031914472579956,-0.0163290835916996,0.6195213198661804,1.442094087600708,0.12968358397483826,0.40499186515808105,1.4468891620635986,0.16478697955608368,0.6021720767021179,1.7810819149017334,0.8377660512924194,0.4019545614719391,1.7782492637634277,0.7128425240516663,0.6027035117149353,1.840250849723816,0.8899224996566772,0.3955242931842804,1.8368200063705444,0.7543882131576538,0.5874848961830139,1.928865671157837,0.5385121703147888,0.4317008852958679,1.9308226108551025,0.34905150532722473,0.7169214487075806,0.4328550100326538,0.0,0.7277776598930359,0.4560220241546631,-0.009961573407053947,0.7433249354362488,0.4893386662006378,-0.023014865815639496,0.7468307614326477,0.525413990020752,-0.0381842739880085,0.7502015829086304,0.5532532930374146,-0.053035229444503784,0.7916263341903687,0.4703275263309479,-0.02993563748896122,0.8002098798751831,0.5315463542938232,-0.05189276486635208,0.7837945818901062,0.5725715160369873,-0.06344674527645111,0.7662022113800049,0.5956771373748779,-0.06930210441350937,0.7830400466918945,0.4675210118293762,-0.037130363285541534,0.7940213680267334,0.5346762537956238,-0.06279607117176056,0.7788615226745605,0.578386127948761,-0.0705755352973938,0.7634265422821045,0.6024487018585205,-0.07335895299911499,0.7679466009140015,0.4687194526195526,-0.04475410282611847,0.7769794464111328,0.5344535112380981,-0.06823547929525375,0.7633231282234192,0.5738255977630615,-0.06823675334453583,0.749540388584137,0.5953620076179504,-0.06491302698850632,0.7487668395042419,0.47486886382102966,-0.05352313816547394,0.7546542882919312,0.5282639861106873,-0.07071257382631302,0.7490700483322144,0.5562286972999573,-0.07000107318162918,0.7412934899330139,0.5737930536270142,-0.06649619340896606
finally,0.572144627571106,0.3003872036933899,-0.8489429354667664,0.5935660004615784,0.2417290210723877,-0.8243352174758911,0.6072043776512146,0.24476522207260132,-0.8237361907958984,0.620812177658081,0.2417362779378891,-0.8233388662338257,0.5525676608085632,0.23742175102233887,-0.8258770704269409,0.5380892157554626,0.23279672861099243,-0.8257442712783813,0.5238747596740723,0.22720575332641602,-0.8258441686630249,0.6320226192474365,0.2437085509300232,-0.5765446424484253,0.4943851828575134,0.23373502492904663,-0.5741170048713684,0.5940564870834351,0.3337177634239197,-0.751753568649292,0.5490241050720215,0.32885462045669556,-0.7513445615768433,0.7341268658638,0.5189570188522339,-0.37381720542907715,0.38417816162109375,0.49660226702690125,-0.38986074924468994,0.8077669143676758,0.9546781778335571,-0.6487541198730469,0.2845571041107178,0.9274908304214478,-0.6981490850448608,0.7656869888305664,0.6915014386177063,-1.1499440670013428,0.3534896671772003,0.6613973379135132,-1.2714331150054932,0.736339271068573,0.6039739847183228,-1.2207177877426147,0.3648074269294739,0.5904175639152527,-1.3402562141418457,0.7285521030426025,0.5227375626564026,-1.1395426988601685,0.3604758381843567,0.5319468975067139,-1.294065237045288,0.7245028614997864,0.5495232343673706,-1.1249185800552368,0.37396830320358276,0.5623274445533752,-1.2620967626571655,0.6324926018714905,0.9915587902069092,0.0018914615502581,0.4326687753200531,0.9824082851409912,0.0020338643807917833,0.6219063997268677,1.4555045366287231,0.08794838190078735,0.4073111414909363,1.4424636363983154,0.16558974981307983,0.5907226204872131,1.7896842956542969,0.703002393245697,0.3769417107105255,1.7756576538085938,0.6736470460891724,0.5918518304824829,1.8485426902770996,0.7433405518531799,0.3650898337364197,1.8368420600891113,0.7114866971969604,0.557391881942749,1.930884838104248,0.3969789445400238,0.39621883630752563,1.9250757694244385,0.3192504644393921,0.8021049499511719,0.5391844511032104,0.0,0.8079676628112793,0.5008455514907837,0.008845731616020203,0.7954548001289368,0.4656335413455963,0.0077072810381650925,0.7747440934181213,0.44934117794036865,0.004516695626080036,0.7574350833892822,0.44846221804618835,0.0022998731583356857,0.791739284992218,0.45000454783439636,-0.007714415434747934,0.7577179074287415,0.4190184772014618,-0.011164113879203796,0.7521303296089172,0.42768415808677673,-0.00807675626128912,0.7560124397277832,0.43867942690849304,-0.005241467151790857,0.7790799736976624,0.4634614884853363,-0.015610949136316776,0.7478324770927429,0.4365406632423401,-0.01541995257139206,0.7488081455230713,0.44854703545570374,-0.008282814174890518,0.7570154666900635,0.4613076150417328,-0.0040745120495557785,0.7672045230865479,0.480119913816452,-0.022294851019978523,0.7424218058586121,0.45622432231903076,-0.019899414852261543,0.744824230670929,0.4662915766239166,-0.011619677767157555,0.7524542212486267,0.4764236807823181,-0.007892152294516563,0.7569838762283325,0.49774566292762756,-0.028484195470809937,0.7401303648948669,0.47530606389045715,-0.026268934831023216,0.7431762218475342,0.4807499945163727,-0.02062843181192875,0.7490183115005493,0.4898985028266907,-0.017327120527625084
finally,0.5728130340576172,0.24433940649032593,-1.0460890531539917,0.5988979935646057,0.17537212371826172,-1.0262012481689453,0.6139562726020813,0.1762651801109314,-1.025805115699768,0.6286928653717041,0.17793291807174683,-1.0252158641815186,0.552686870098114,0.17215627431869507,-1.0166033506393433,0.5360184907913208,0.17132610082626343,-1.016745686531067,0.5203635692596436,0.17050284147262573,-1.0169707536697388,0.644751787185669,0.20026546716690063,-0.7497456669807434,0.49046045541763306,0.19044345617294312,-0.6990564465522766,0.5970107913017273,0.2897520661354065,-0.934233546257019,0.5445123910903931,0.2851778268814087,-0.9206699132919312,0.7461353540420532,0.4926871657371521,-0.511450469493866,0.3803936541080475,0.46112167835235596,-0.437451034784317,0.8141980171203613,0.9512578845024109,-0.835159182548523,0.29199105501174927,0.9337466359138489,-0.7021879553794861,0.762427806854248,0.6729322075843811,-1.4681882858276367,0.3607025742530823,0.6808220148086548,-1.3653817176818848,0.7371461391448975,0.5835473537445068,-1.569254994392395,0.3733278214931488,0.6298754215240479,-1.4589437246322632,0.747405469417572,0.5277072191238403,-1.5052497386932373,0.368630051612854,0.5670983791351318,-1.4214577674865723,0.7448633909225464,0.553581953048706,-1.4531067609786987,0.37612807750701904,0.5847944021224976,-1.3639116287231445,0.6358579993247986,1.034874439239502,-0.02979164943099022,0.4280635714530945,1.0157016515731812,0.03313999995589256,0.6478410959243774,1.5427701473236084,0.1900603324174881,0.4188498854637146,1.5398216247558594,0.3170892000198364,0.6348649263381958,1.9341033697128296,0.8574405908584595,0.40910014510154724,1.92545747756958,0.9221065640449524,0.6388207077980042,2.000115394592285,0.9039090871810913,0.3991177976131439,1.9923186302185059,0.9730342626571655,0.6008869409561157,2.0881214141845703,0.5053471922874451,0.43372803926467896,2.0761003494262695,0.5399572253227234,0.8081157207489014,0.5516785979270935,0.0,0.8127567172050476,0.5106597542762756,0.009882953017950058,0.8007363080978394,0.4738325774669647,0.00934810470789671,0.7810749411582947,0.4550646245479584,0.006280009634792805,0.762727677822113,0.4508074223995209,0.004200383555144072,0.7972476482391357,0.45366817712783813,-0.002266298048198223,0.7646474838256836,0.42788252234458923,-0.0051121218129992485,0.7572026252746582,0.43186110258102417,-0.0030158967711031437,0.7579408288002014,0.43702781200408936,-0.0011553822550922632,0.7852235436439514,0.46561118960380554,-0.010955053381621838,0.7535433173179626,0.4381598234176636,-0.011135806329548359,0.7532162666320801,0.4482199251651764,-0.005576255731284618,0.7602764368057251,0.4588431715965271,-0.0021251661237329245,0.7735742926597595,0.4812747836112976,-0.01869801990687847,0.7462643384933472,0.45664724707603455,-0.016285626217722893,0.7491901516914368,0.46679365634918213,-0.008891034871339798,0.7573983073234558,0.4760560393333435,-0.005476157180964947,0.7631469964981079,0.4991336464881897,-0.026024792343378067,0.744829535484314,0.4767354726791382,-0.023227008059620857,0.7488006949424744,0.48312515020370483,-0.017880234867334366,0.7560818195343018,0.4912639558315277,-0.014796706847846508
