hello,0.5143747925758362,0.2659139633178711,-0.5876082181930542,0.5403023958206177,0.2246127724647522,-0.5746294856071472,0.5553929209709167,0.22691553831100464,-0.5745606422424316,0.568949818611145,0.23005670309066772,-0.5748850703239441,0.4957888722419739,0.2223501205444336,-0.524075984954834,0.48267215490341187,0.22426795959472656,-0.5237563252449036,0.4706527590751648,0.22721344232559204,-0.5242177844047546,0.5902276039123535,0.2643306851387024,-0.38184550404548645,0.4624234735965729,0.260215699672699,-0.13350436091423035,0.5503385066986084,0.33175361156463623,-0.5172786712646484,0.49064046144485474,0.3183195888996124,-0.4488077163696289,0.7154419422149658,0.5804380774497986,-0.3450348377227783,0.3628465235233307,0.5215148329734802,0.07153871655464172,0.7242441177368164,0.9702897667884827,-0.3425096571445465,0.06953740119934082,0.5461254119873047,-0.39112523198127747,0.7115224599838257,1.3014391660690308,-0.29380008578300476,0.29066330194473267,0.2662951350212097,-0.8730281591415405,0.7190259695053101,1.3982340097427368,-0.3152313530445099,0.37293297052383423,0.19831538200378418,-0.9726306200027466,0.6900374889373779,1.4009907245635986,-0.32020124793052673,0.3963654637336731,0.20552754402160645,-0.8182659149169922,0.6797096133232117,1.3682405948638916,-0.298738569021225,0.38676127791404724,0.24143348634243011,-0.8374937772750854,0.6212543249130249,1.2550865411758423,-0.17150646448135376,0.37324368953704834,1.2254345417022705,0.17379911243915558,0.564134955406189,1.7929046154022217,-0.007060989737510681,0.3457173705101013,1.7734248638153076,0.41553783416748047,0.5342984795570374,2.2539446353912354,0.6869022250175476,0.3116547465324402,2.2440848350524902,0.9620872735977173,0.5439013242721558,2.320096731185913,0.7292732000350952,0.30480682849884033,2.3083441257476807,1.0103660821914673,0.4599994719028473,2.405604362487793,0.2328447550535202,0.30164146423339844,2.409553289413452,0.49513787031173706,0.3634297251701355,0.21892565488815308,0.0,0.3949405252933502,0.21623878180980682,0.002350499154999852,0.42491212487220764,0.2042747586965561,-0.001971544697880745,0.4461759030818939,0.19290044903755188,-0.00876056682318449,0.46426233649253845,0.18017655611038208,-0.016490228474140167,0.4251994490623474,0.1914520263671875,-0.015005385503172874,0.4486333131790161,0.1656034290790558,-0.02733917348086834,0.45962536334991455,0.15138113498687744,-0.032106664031744,0.46908125281333923,0.1387784779071808,-0.03486316278576851,0.413775235414505,0.18522539734840393,-0.02592390403151512,0.43914082646369934,0.15075375139713287,-0.03821872919797897,0.45345455408096313,0.13050904870033264,-0.04139074310660362,0.46550676226615906,0.11312621831893921,-0.04408061131834984,0.3967735469341278,0.18241645395755768,-0.036688432097435,0.417340487241745,0.1508590579032898,-0.04958941787481308,0.43106693029403687,0.13154295086860657,-0.05245191976428032,0.44363611936569214,0.11614417284727097,-0.054659370332956314,0.3775530755519867,0.18291066586971283,-0.047315191477537155,0.3853296935558319,0.1623980849981308,-0.05866074189543724,0.39449408650398254,0.1469627320766449,-0.06173398718237877,0.4031555652618408,0.1347866952419281,-0.06377579271793365
hello,0.49974098801612854,0.2735072374343872,-0.5545284152030945,0.5265378952026367,0.22732645273208618,-0.5545275807380676,0.5431987643241882,0.22975927591323853,-0.5544018745422363,0.5582143068313599,0.23294919729232788,-0.5547451972961426,0.4822857975959778,0.22565484046936035,-0.5025784373283386,0.47060316801071167,0.22785097360610962,-0.5023462772369385,0.45957645773887634,0.230421245098114,-0.5028036832809448,0.5842537879943848,0.2689329981803894,-0.40659624338150024,0.4591517448425293,0.26113200187683105,-0.15257060527801514,0.5384294986724854,0.34273481369018555,-0.4959488809108734,0.4794667661190033,0.3302202820777893,-0.4259515404701233,0.711568295955658,0.5744516253471375,-0.36290067434310913,0.35726088285446167,0.5230250954627991,0.07501572370529175,0.727776288986206,0.9693868160247803,-0.354280024766922,0.05498749017715454,0.5564824938774109,-0.34052616357803345,0.7183975577354431,1.3029617071151733,-0.29312729835510254,0.274158775806427,0.27891796827316284,-0.7600305676460266,0.7325774431228638,1.3978705406188965,-0.31785067915916443,0.36075592041015625,0.19998478889465332,-0.8453656435012817,0.7030183672904968,1.3983478546142578,-0.32214978337287903,0.3858753740787506,0.21238666772842407,-0.689307451248169,0.6888046264648438,1.3664476871490479,-0.2991597354412079,0.37781429290771484,0.24907411634922028,-0.7226529717445374,0.6121330261230469,1.242008090019226,-0.16187576949596405,0.365598201751709,1.2110832929611206,0.1645488291978836,0.5628430247306824,1.774759292602539,-0.030351310968399048,0.34424442052841187,1.75075101852417,0.3326273560523987,0.5361253619194031,2.2274649143218994,0.6247865557670593,0.3138526976108551,2.2107245922088623,0.792974591255188,0.5469496846199036,2.2947278022766113,0.664280116558075,0.3072839379310608,2.275904417037964,0.8318864703178406,0.4620518088340759,2.378105640411377,0.20211024582386017,0.3045739233493805,2.3757264614105225,0.34979528188705444,0.29693812131881714,0.284187376499176,0.0,0.32753264904022217,0.297454833984375,-0.006441684905439615,0.3668281137943268,0.28382959961891174,-0.012133697047829628,0.39225292205810547,0.26468542218208313,-0.01932794228196144,0.40722307562828064,0.24854925274848938,-0.027204418554902077,0.3862552046775818,0.22693587839603424,-0.008538804017007351,0.41982632875442505,0.19059143960475922,-0.02180948480963707,0.43853995203971863,0.1672554314136505,-0.03039093129336834,0.45376259088516235,0.14594408869743347,-0.036237992346286774,0.3750581443309784,0.21104778349399567,-0.017448052763938904,0.4120902717113495,0.1667497158050537,-0.02866371162235737,0.4354977011680603,0.14002999663352966,-0.03673090040683746,0.4548534154891968,0.11628407984972,-0.043477728962898254,0.3577035367488861,0.20308621227741241,-0.028505919501185417,0.39113080501556396,0.16167491674423218,-0.04174112156033516,0.4135741889476776,0.1382485330104828,-0.05054783821105957,0.43366527557373047,0.11616250872612,-0.056904662400484085,0.3347433805465698,0.20171107351779938,-0.04064150154590607,0.35688233375549316,0.1698467880487442,-0.053139928728342056,0.3731313943862915,0.1509939581155777,-0.059986427426338196,0.38833630084991455,0.13263611495494843,-0.06491014361381531
hello,0.5162625312805176,0.30107754468917847,-0.7255527973175049,0.537432074546814,0.24770516157150269,-0.6900866031646729,0.5519465208053589,0.24708570539951324,-0.690025269985199,0.5640596151351929,0.24743300676345825,-0.6902865171432495,0.4917498230934143,0.25253719091415405,-0.6659250855445862,0.47764620184898376,0.2556946873664856,-0.665644109249115,0.46431678533554077,0.25869107246398926,-0.6660199165344238,0.5817809104919434,0.27098971605300903,-0.40319210290908813,0.45029741525650024,0.28124845027923584,-0.2739855945110321,0.550463855266571,0.3588718771934509,-0.6189948916435242,0.48941177129745483,0.35554391145706177,-0.5852237939834595,0.7030194401741028,0.565851628780365,-0.33396464586257935,0.35375261306762695,0.5306692123413086,-0.04075779393315315,0.7225990295410156,0.9647499322891235,-0.31480246782302856,0.054393231868743896,0.5854750871658325,-0.5112224221229553,0.7098596692085266,1.2896462678909302,-0.29937857389450073,0.24694398045539856,0.3057310879230499,-0.9933404922485352,0.7238048315048218,1.3847441673278809,-0.33125290274620056,0.3174266517162323,0.21069693565368652,-1.0952162742614746,0.6855334043502808,1.3852980136871338,-0.3323577344417572,0.3477405309677124,0.2211504578590393,-0.947949230670929,0.6714349985122681,1.3523005247116089,-0.3055596351623535,0.3413010239601135,0.2644740343093872,-0.9570997357368469,0.6154704093933105,1.223329782485962,-0.1504150629043579,0.3720872402191162,1.19849693775177,0.15301430225372314,0.5677885413169861,1.750630259513855,0.017870647832751274,0.35381758213043213,1.736933946609497,0.3602401316165924,0.5387915968894958,2.198864698410034,0.6932886242866516,0.32594430446624756,2.1883137226104736,0.8772469758987427,0.5475325584411621,2.265941858291626,0.7351480722427368,0.32002827525138855,2.2543437480926514,0.9229914546012878,0.46909451484680176,2.353585720062256,0.2575371563434601,0.3200708031654358,2.3530731201171875,0.41183799505233765,0.27091434597969055,0.28965604305267334,0.0,0.30169591307640076,0.3025081753730774,-0.00876979436725378,0.34061092138290405,0.2893590033054352,-0.015086933970451355,0.3644624650478363,0.2705283761024475,-0.02289092354476452,0.3757585287094116,0.25385570526123047,-0.03113684058189392,0.3595997095108032,0.22325190901756287,-0.007720007095485926,0.3900408148765564,0.18251602351665497,-0.020459776744246483,0.4059203863143921,0.16206607222557068,-0.02842516265809536,0.4193975329399109,0.14369255304336548,-0.033817581832408905,0.34614670276641846,0.20756766200065613,-0.01565070077776909,0.37897789478302,0.1599230319261551,-0.026331575587391853,0.39903518557548523,0.13606567680835724,-0.033550381660461426,0.41658124327659607,0.11501908302307129,-0.03946967050433159,0.326709121465683,0.20166899263858795,-0.02620023302733898,0.35578885674476624,0.15757136046886444,-0.03954828903079033,0.37505650520324707,0.1342569887638092,-0.047860488295555115,0.3932466208934784,0.11427692323923111,-0.053504884243011475,0.30251505970954895,0.20294488966464996,-0.03816394507884979,0.3217284381389618,0.17015232145786285,-0.05058493837714195,0.33605441451072693,0.150929793715477,-0.05734952166676521,0.3500997722148895,0.1339612454175949,-0.06196261942386627
hello,0.5054407119750977,0.29729998111724854,-0.7456690669059753,0.5298004150390625,0.24736863374710083,-0.7139759659767151,0.5461301803588867,0.24673353135585785,-0.7137302756309509,0.5591652989387512,0.24719476699829102,-0.7138931155204773,0.4809320569038391,0.25253719091415405,-0.6937872171401978,0.466304212808609,0.2560921311378479,-0.6935456991195679,0.45343369245529175,0.25939345359802246,-0.6938855648040771,0.5793864130973816,0.27329280972480774,-0.443946897983551,0.44071945548057556,0.2853136658668518,-0.33554375171661377,0.5454500913619995,0.3581557273864746,-0.6437318921089172,0.47862276434898376,0.35503923892974854,-0.6151551008224487,0.6992988586425781,0.5669084191322327,-0.3313339352607727,0.3458007574081421,0.5319863557815552,-0.11703743040561676,0.7196986675262451,0.9632707238197327,-0.2861793339252472,0.05163624882698059,0.6171517968177795,-0.5403723120689392,0.7125359773635864,1.265716552734375,-0.28204968571662903,0.1985894739627838,0.3347775340080261,-1.014954924583435,0.725936770439148,1.3501732349395752,-0.30914101004600525,0.25945717096328735,0.23038917779922485,-1.1152594089508057,0.6902754306793213,1.3459144830703735,-0.313607782125473,0.29609963297843933,0.2225325107574463,-0.9844114184379578,0.6753740310668945,1.3178048133850098,-0.29047033190727234,0.2883898615837097,0.27065330743789673,-0.9835506677627563,0.6115208268165588,1.2071938514709473,-0.10458482801914215,0.3661397695541382,1.1797186136245728,0.1075967401266098,0.5681056976318359,1.7268965244293213,0.04115846008062363,0.3475327491760254,1.708319067955017,0.2242600917816162,0.5364246368408203,2.1694328784942627,0.6947623491287231,0.31937354803085327,2.1520028114318848,0.6662247180938721,0.5429034233093262,2.2334673404693604,0.7350860834121704,0.3134222626686096,2.213697910308838,0.7033984661102295,0.4733904004096985,2.325143337249756,0.27946335077285767,0.3226761817932129,2.3211333751678467,0.19923004508018494,0.31040623784065247,0.21470347046852112,0.0,0.3294055759906769,0.22418074309825897,-0.007039752788841724,0.34436336159706116,0.2355225831270218,-0.01532099861651659,0.3514815866947174,0.24356794357299805,-0.02481798641383648,0.355359822511673,0.24019429087638855,-0.03469662368297577,0.35719650983810425,0.1800439953804016,-0.01666099578142166,0.3722115159034729,0.15303204953670502,-0.02751198783516884,0.37889283895492554,0.14198948442935944,-0.0327792726457119,0.384811669588089,0.13130371272563934,-0.03568679839372635,0.3439920246601105,0.16893208026885986,-0.022133197635412216,0.3597089946269989,0.13831987977027893,-0.03067062795162201,0.36876893043518066,0.12147247791290283,-0.032798342406749725,0.3748362958431244,0.10524343699216843,-0.03493838384747505,0.3275585472583771,0.16638065874576569,-0.028573602437973022,0.3359347879886627,0.14109963178634644,-0.03846023604273796,0.3446705639362335,0.12178803235292435,-0.04231942445039749,0.3520248532295227,0.10510491579771042,-0.04512915387749672,0.3097985088825226,0.16951823234558105,-0.03606385737657547,0.3079565763473511,0.1542070060968399,-0.045286595821380615,0.31115707755088806,0.1407138556241989,-0.04899219796061516,0.31461217999458313,0.1304910033941269,-0.05134999752044678
hello,0.5042644739151001,0.29445579648017883,-0.9029650688171387,0.5311226844787598,0.2454572319984436,-0.8692981004714966,0.5485870242118835,0.24573040008544922,-0.8690457344055176,0.5629372000694275,0.2471887469291687,-0.8690518140792847,0.4781213700771332,0.24863849580287933,-0.8524619340896606,0.4627888798713684,0.25160568952560425,-0.8523868322372437,0.4506758749485016,0.25497233867645264,-0.8527321815490723,0.5831955671310425,0.27412813901901245,-0.5880855917930603,0.4374803900718689,0.2809416651725769,-0.49548524618148804,0.5436822175979614,0.35648202896118164,-0.7969958186149597,0.4737688899040222,0.3502613306045532,-0.7733020782470703,0.6951618194580078,0.56366366147995,-0.4400004744529724,0.3383062779903412,0.5359579920768738,-0.25931471586227417,0.716423749923706,0.968733549118042,-0.3848327100276947,0.0435161292552948,0.6503545641899109,-0.6558587551116943,0.6983736753463745,1.2496814727783203,-0.4028639793395996,0.19193747639656067,0.33331960439682007,-1.1265528202056885,0.7060064077377319,1.3319605588912964,-0.431986004114151,0.23904511332511902,0.23382776975631714,-1.2259596586227417,0.6723600029945374,1.3242039680480957,-0.43669071793556213,0.2742663323879242,0.21779531240463257,-1.1040512323379517,0.6597014665603638,1.295921802520752,-0.4109863340854645,0.2729482054710388,0.26913535594940186,-1.0976145267486572,0.6001731753349304,1.1797358989715576,-0.08142270892858505,0.35635867714881897,1.1590656042099,0.08428790420293808,0.5729144811630249,1.6782310009002686,0.0368482731282711,0.35242682695388794,1.6677014827728271,0.256854772567749,0.5530703663825989,2.1095829010009766,0.6780556440353394,0.3402561843395233,2.0960850715637207,0.733069658279419,0.5574762225151062,2.1759109497070312,0.7176260352134705,0.33502233028411865,2.158916473388672,0.7729874849319458,0.503829836845398,2.263350248336792,0.25646162033081055,0.3532751202583313,2.2594034671783447,0.2768285870552063,0.22400307655334473,0.29135918617248535,0.0,0.25796324014663696,0.2999613583087921,-0.0133315809071064,0.2931593954563141,0.28302788734436035,-0.02062174864113331,0.31337034702301025,0.2566906809806824,-0.028235604986548424,0.319714218378067,0.23202325403690338,-0.036302074790000916,0.29972031712532043,0.21273094415664673,-0.014495939016342163,0.3241909444332123,0.16630932688713074,-0.02783166617155075,0.3364652097225189,0.14130431413650513,-0.035457681864500046,0.34586042165756226,0.11868373304605484,-0.040396831929683685,0.28492867946624756,0.19968682527542114,-0.019911302253603935,0.3103579878807068,0.14341461658477783,-0.030807100236415863,0.3253670632839203,0.11301056295633316,-0.03737690672278404,0.33736157417297363,0.08753253519535065,-0.04301391914486885,0.2650926113128662,0.19648614525794983,-0.028025174513459206,0.2853308618068695,0.14618584513664246,-0.04147215560078621,0.2991355061531067,0.11590789258480072,-0.04970107972621918,0.3116653263568878,0.08999589830636978,-0.05541718751192093,0.24139504134655,0.20056232810020447,-0.03792981430888176,0.2538195848464966,0.16465076804161072,-0.05112350732088089,0.26468512415885925,0.14101730287075043,-0.05832470953464508,0.27500754594802856,0.11968153715133667,-0.06301877647638321
hello,0.4978117048740387,0.3036460280418396,-1.058009147644043,0.5226542949676514,0.25379276275634766,-1.0239263772964478,0.5396952629089355,0.25395309925079346,-1.023687481880188,0.5534929037094116,0.2549893856048584,-1.0238531827926636,0.47368860244750977,0.2578747868537903,-1.00823175907135,0.45942196249961853,0.2609928846359253,-1.0083063840866089,0.44746047258377075,0.26432961225509644,-1.0087469816207886,0.5751122832298279,0.2816101312637329,-0.719847559928894,0.4376845359802246,0.2885916829109192,-0.632880449295044,0.5372185111045837,0.36415359377861023,-0.941615104675293,0.4700298309326172,0.358723908662796,-0.9195669889450073,0.6926590800285339,0.5690052509307861,-0.5523236393928528,0.33263397216796875,0.5444192886352539,-0.3718284070491791,0.712837815284729,0.9735277891159058,-0.5156269669532776,0.0336364209651947,0.6679959893226624,-0.7968185544013977,0.7122540473937988,1.2601345777511597,-0.5394241809844971,0.17024162411689758,0.3417714834213257,-1.2950958013534546,0.719653308391571,1.3433709144592285,-0.5741294026374817,0.21260985732078552,0.23910021781921387,-1.4055496454238892,0.6846238374710083,1.3364866971969604,-0.5753200054168701,0.24404680728912354,0.222162663936615,-1.2857341766357422,0.6721709370613098,1.307084321975708,-0.5457109212875366,0.23699450492858887,0.2745010256767273,-1.268096923828125,0.5982529520988464,1.1940321922302246,-0.08536908775568008,0.3531011641025543,1.1781926155090332,0.0878354161977768,0.5798871517181396,1.6914513111114502,0.1813018023967743,0.3536069393157959,1.6797547340393066,0.36958587169647217,0.5652579665184021,2.11104154586792,0.9434157609939575,0.3437795042991638,2.0965092182159424,0.985846221446991,0.5706472992897034,2.1796793937683105,0.9968904256820679,0.338657945394516,2.162036895751953,1.041967511177063,0.5150089263916016,2.2720658779144287,0.5384964346885681,0.3613808751106262,2.266465663909912,0.5459693074226379,0.21068629622459412,0.29128870368003845,0.0,0.2399156540632248,0.29922884702682495,-0.015144290402531624,0.273052453994751,0.28394126892089844,-0.022973118349909782,0.29217907786369324,0.2581690847873688,-0.03032734803855419,0.300074964761734,0.23268431425094604,-0.03818991407752037,0.277456670999527,0.2161135971546173,-0.01580006442964077,0.29945769906044006,0.1666174829006195,-0.02818935550749302,0.3105561137199402,0.13969671726226807,-0.03605838492512703,0.31980592012405396,0.11519274115562439,-0.04141386225819588,0.26167821884155273,0.2031189650297165,-0.019187811762094498,0.28442931175231934,0.14708760380744934,-0.029289105907082558,0.2969190180301666,0.1153641939163208,-0.03615865856409073,0.3063434362411499,0.08812835067510605,-0.04197438061237335,0.24238088726997375,0.19992157816886902,-0.02515481226146221,0.26062747836112976,0.15025582909584045,-0.03769898787140846,0.27228647470474243,0.12035834789276123,-0.046094268560409546,0.282889187335968,0.09496984630823135,-0.05203411728143692,0.21959182620048523,0.20383132994174957,-0.03293900191783905,0.23056137561798096,0.16831594705581665,-0.04557023197412491,0.24025939404964447,0.14512553811073303,-0.052807264029979706,0.24959875643253326,0.12474518269300461,-0.05760696530342102
hello,0.4884079098701477,0.3003740906715393,-1.1504746675491333,0.5156426429748535,0.2541389465332031,-1.1233720779418945,0.5344228744506836,0.254314124584198,-1.1230895519256592,0.549907922744751,0.2549107074737549,-1.1230350732803345,0.4653921127319336,0.255463182926178,-1.1038503646850586,0.45198899507522583,0.2576606273651123,-1.1039222478866577,0.44084882736206055,0.2602052092552185,-1.1042073965072632,0.5736120939254761,0.2799435257911682,-0.835706353187561,0.4329281747341156,0.2882630228996277,-0.7304933667182922,0.5275471210479736,0.35729914903640747,-1.0398720502853394,0.4621545672416687,0.3510720431804657,-1.0118340253829956,0.6917374730110168,0.5701997876167297,-0.6678681969642639,0.33200299739837646,0.5402882099151611,-0.47690725326538086,0.7137056589126587,0.9770056009292603,-0.635859489440918,0.044058531522750854,0.7204967737197876,-0.8706651926040649,0.7182065844535828,1.2634197473526,-0.7065228819847107,0.1375264823436737,0.3571745753288269,-1.4460980892181396,0.7323120832443237,1.3562806844711304,-0.7484092712402344,0.15578272938728333,0.21639657020568848,-1.5590764284133911,0.6939724683761597,1.3489117622375488,-0.7785757184028625,0.1855785846710205,0.2104412466287613,-1.4913336038589478,0.6793695688247681,1.315833568572998,-0.7243738174438477,0.19215068221092224,0.2702820599079132,-1.4398014545440674,0.5962342619895935,1.1671169996261597,-0.06921552121639252,0.35541611909866333,1.146995186805725,0.07210427522659302,0.5783798098564148,1.6433396339416504,0.13735301792621613,0.3595392107963562,1.6329495906829834,0.3003050684928894,0.5634129047393799,2.053145170211792,0.8507523536682129,0.3495330214500427,2.0352301597595215,0.818408191204071,0.567985475063324,2.1239686012268066,0.8983985781669617,0.3442736864089966,2.0986974239349365,0.8614581823348999,0.5167797207832336,2.1986329555511475,0.45745739340782166,0.36424535512924194,2.198334217071533,0.38297730684280396,0.16034145653247833,0.3120921552181244,0.0,0.19527998566627502,0.30664777755737305,-0.010695874691009521,0.22325992584228516,0.27457195520401,-0.016460362821817398,0.23296131193637848,0.24027235805988312,-0.02312014438211918,0.2277068942785263,0.22088149189949036,-0.030231794342398643,0.2142212688922882,0.20585638284683228,-0.008676376193761826,0.22710701823234558,0.15330880880355835,-0.02093631401658058,0.23410621285438538,0.12465129047632217,-0.028479237109422684,0.2396773397922516,0.09860975295305252,-0.03331724926829338,0.1964602917432785,0.198125958442688,-0.014648704789578915,0.20886166393756866,0.13656087219715118,-0.024313271045684814,0.21556119620800018,0.10277070105075836,-0.03030192106962204,0.2210109978914261,0.07425105571746826,-0.03523154929280281,0.17679905891418457,0.2016429305076599,-0.023425886407494545,0.1864887773990631,0.1456279456615448,-0.03600440174341202,0.1932666003704071,0.11118463426828384,-0.043677810579538345,0.19979023933410645,0.08312932401895523,-0.04874657094478607,0.1552935689687729,0.2144276648759842,-0.03388068079948425,0.15959671139717102,0.17456305027008057,-0.04582783207297325,0.16515514254570007,0.14863260090351105,-0.05214628577232361,0.1710105836391449,0.12693777680397034,-0.05615827068686485
hello,0.48904791474342346,0.3101506233215332,-1.12403404712677,0.5156445503234863,0.2648478150367737,-1.0943868160247803,0.5332708358764648,0.2646784782409668,-1.0941200256347656,0.5462824702262878,0.2644873857498169,-1.0940555334091187,0.4645773768424988,0.2649799585342407,-1.075308084487915,0.4518299102783203,0.26624923944473267,-1.0753675699234009,0.4409489035606384,0.26807576417922974,-1.0757074356079102,0.5698331594467163,0.28433144092559814,-0.8010651469230652,0.429546058177948,0.29488086700439453,-0.6980447173118591,0.525562584400177,0.36709052324295044,-1.0123367309570312,0.46159592270851135,0.3638932406902313,-0.9848572015762329,0.6913727521896362,0.5767290592193604,-0.6438184380531311,0.3266531825065613,0.5532433390617371,-0.4232315421104431,0.7138146162033081,0.9736820459365845,-0.6353922486305237,0.04376634955406189,0.7601315975189209,-0.7850421071052551,0.691604495048523,1.2715182304382324,-0.7076515555381775,0.1033477783203125,0.38757193088531494,-1.327711582183838,0.6936391592025757,1.3650315999984741,-0.7556508183479309,0.11343967914581299,0.2519230842590332,-1.4390910863876343,0.6536886692047119,1.3533121347427368,-0.7721343636512756,0.1440185308456421,0.24202924966812134,-1.370355248451233,0.6426486372947693,1.3195195198059082,-0.7196581363677979,0.15444326400756836,0.29981309175491333,-1.3217967748641968,0.5945241451263428,1.17258620262146,-0.07895056903362274,0.3613950312137604,1.1568995714187622,0.08136507868766785,0.5830123424530029,1.6418788433074951,0.1387142390012741,0.36608317494392395,1.6285854578018188,0.30090710520744324,0.5746906399726868,2.037527561187744,0.8412714004516602,0.3638220727443695,2.019749402999878,0.8330267667770386,0.5814220309257507,2.100496292114258,0.8877398371696472,0.3604319989681244,2.0796380043029785,0.878514289855957,0.5285335183143616,2.1873931884765625,0.4459685683250427,0.37970513105392456,2.1792521476745605,0.4012436270713806,0.1222134679555893,0.33128049969673157,0.0,0.15183579921722412,0.32369861006736755,-0.01744525507092476,0.1811113953590393,0.2855977416038513,-0.025514699518680573,0.18851971626281738,0.24308547377586365,-0.03253467008471489,0.17914442718029022,0.2169010490179062,-0.04038562253117561,0.16552481055259705,0.2241968810558319,-0.018430469557642937,0.1731865108013153,0.16607698798179626,-0.03226287290453911,0.17629046738147736,0.12968319654464722,-0.04134772717952728,0.17770250141620636,0.09821444749832153,-0.047605857253074646,0.1430678367614746,0.21587210893630981,-0.0212410856038332,0.15073087811470032,0.14915135502815247,-0.03269832953810692,0.15494124591350555,0.10596929490566254,-0.04122301563620567,0.15813829004764557,0.0702735185623169,-0.048484914004802704,0.12150652706623077,0.21902456879615784,-0.026823654770851135,0.12768355011940002,0.15871405601501465,-0.04105589538812637,0.13168646395206451,0.11903408169746399,-0.0516078919172287,0.13560384511947632,0.08543998003005981,-0.05911502614617348,0.09903143346309662,0.23169483244419098,-0.03426375985145569,0.10172128677368164,0.18956327438354492,-0.048197191208601,0.10430336743593216,0.1614077240228653,-0.05643779784440994,0.10735192894935608,0.13635802268981934,-0.06209012120962143
hello,0.49837738275527954,0.3076264262199402,-1.1243947744369507,0.525009036064148,0.26060980558395386,-1.0881277322769165,0.5413356423377991,0.25990915298461914,-1.0878772735595703,0.5535967350006104,0.25980597734451294,-1.0878065824508667,0.47359949350357056,0.26335740089416504,-1.0715482234954834,0.45959538221359253,0.2653310298919678,-1.0716251134872437,0.44885125756263733,0.268016517162323,-1.0719972848892212,0.5774348974227905,0.2829766273498535,-0.773658037185669,0.43298038840293884,0.29447299242019653,-0.6829944849014282,0.5344515442848206,0.3649095892906189,-1.0068199634552002,0.47008389234542847,0.3622550368309021,-0.982894778251648,0.6935486793518066,0.5776222348213196,-0.6056027412414551,0.3269575238227844,0.5535650849342346,-0.42517441511154175,0.7126232385635376,0.9777612686157227,-0.5742291212081909,0.04549023509025574,0.7631815671920776,-0.8225884437561035,0.6875485181808472,1.2751482725143433,-0.6412158608436584,0.09883630275726318,0.38266175985336304,-1.4105572700500488,0.6854690909385681,1.3699641227722168,-0.6837700605392456,0.1045282855629921,0.2496510148048401,-1.5345916748046875,0.6474499106407166,1.355437994003296,-0.705556333065033,0.1350385546684265,0.2368423342704773,-1.4661166667938232,0.6381944417953491,1.3211723566055298,-0.6552963256835938,0.1449037790298462,0.2945401072502136,-1.406721591949463,0.5983968377113342,1.1900180578231812,-0.06586886197328568,0.3600868284702301,1.1741095781326294,0.06835856288671494,0.5857661366462708,1.6712318658828735,0.1549682468175888,0.3647468686103821,1.6590752601623535,0.28751155734062195,0.580167293548584,2.077946901321411,0.8635827898979187,0.36703726649284363,2.0617644786834717,0.834662914276123,0.5863645076751709,2.142465114593506,0.9099815487861633,0.36413902044296265,2.1213021278381348,0.880588173866272,0.5379531979560852,2.228990077972412,0.4522183835506439,0.3848745822906494,2.2245702743530273,0.3809857964515686,0.1169477254152298,0.3389853239059448,0.0,0.1471036970615387,0.32058048248291016,-0.01457841508090496,0.17300447821617126,0.27593985199928284,-0.021453475579619408,0.17826825380325317,0.23193307220935822,-0.028145235031843185,0.16985958814620972,0.20967546105384827,-0.035610295832157135,0.15978282690048218,0.21579775214195251,-0.01422408688813448,0.16505590081214905,0.15590891242027283,-0.027926800772547722,0.16723158955574036,0.11943051218986511,-0.03687400370836258,0.1688133031129837,0.08756206929683685,-0.04281110689043999,0.1364571899175644,0.20924042165279388,-0.01855294033885002,0.14166149497032166,0.13926485180854797,-0.029601728543639183,0.14425557851791382,0.09562656283378601,-0.03779346123337746,0.1466502696275711,0.059395432472229004,-0.04458896443247795,0.11443029344081879,0.21468135714530945,-0.025644227862358093,0.1176057755947113,0.151598259806633,-0.0398118756711483,0.12022116780281067,0.11115753650665283,-0.04973277449607849,0.12343233823776245,0.07779987156391144,-0.056331124156713486,0.0918913334608078,0.22921068966388702,-0.03451116755604744,0.0930086076259613,0.18471209704875946,-0.048407696187496185,0.095439612865448,0.15460389852523804,-0.05589768663048744,0.09854283928871155,0.12797917425632477,-0.060599520802497864
hello,0.4991198480129242,0.3134848475456238,-1.1022582054138184,0.5267835855484009,0.2671234905719757,-1.073284387588501,0.5432799458503723,0.26644521951675415,-1.0730098485946655,0.5560078024864197,0.2659257650375366,-1.072961449623108,0.47465863823890686,0.2688843011856079,-1.054937481880188,0.4610074460506439,0.2703602910041809,-1.0549931526184082,0.4499132037162781,0.27238166332244873,-1.0553205013275146,0.5787099003791809,0.28558212518692017,-0.784722626209259,0.4364013075828552,0.2979741096496582,-0.6853699088096619,0.5353016257286072,0.36964648962020874,-0.9924677014350891,0.4713672697544098,0.36602312326431274,-0.9658764004707336,0.6976416110992432,0.5773985385894775,-0.6238374710083008,0.3304183781147003,0.5558324456214905,-0.4189280867576599,0.7137347459793091,0.970673143863678,-0.5947645902633667,0.04214513301849365,0.7643919587135315,-0.7661659717559814,0.685047447681427,1.2547600269317627,-0.6438264846801758,0.09057587385177612,0.39831894636154175,-1.2940826416015625,0.6828736066818237,1.346585988998413,-0.6835489273071289,0.09479039907455444,0.2640986442565918,-1.4003162384033203,0.6435622572898865,1.3327596187591553,-0.6966394782066345,0.132178395986557,0.25451141595840454,-1.3325493335723877,0.635407030582428,1.2990219593048096,-0.653527021408081,0.14096948504447937,0.30948084592819214,-1.2879301309585571,0.5986709594726562,1.1695998907089233,-0.06763987988233566,0.3632497191429138,1.1486471891403198,0.070118747651577,0.5788127183914185,1.6399955749511719,0.16070236265659332,0.3613855242729187,1.6244162321090698,0.2916105091571808,0.5652210712432861,2.035771131515503,0.8665142059326172,0.3518421947956085,2.018097400665283,0.8257104754447937,0.5707446336746216,2.098716974258423,0.9135969281196594,0.34659212827682495,2.0763959884643555,0.8710414171218872,0.5206438302993774,2.185434579849243,0.47928386926651,0.37010011076927185,2.182481050491333,0.38773080706596375,0.11644093692302704,0.3396632671356201,0.0,0.1465146392583847,0.3221006989479065,-0.015045576728880405,0.17262999713420868,0.2785939574241638,-0.021518034860491753,0.17888526618480682,0.23605957627296448,-0.027885859832167625,0.17187447845935822,0.2110239863395691,-0.03490454703569412,0.15928353369235992,0.21415665745735168,-0.011318746022880077,0.1644078642129898,0.15460726618766785,-0.02446822263300419,0.16680173575878143,0.11872045695781708,-0.03321646898984909,0.1682628095149994,0.08749111741781235,-0.03895876556634903,0.13624295592308044,0.20681026577949524,-0.015360107645392418,0.14141523838043213,0.13623696565628052,-0.02551894448697567,0.14373673498630524,0.09262700378894806,-0.033814653754234314,0.14583373069763184,0.05651514232158661,-0.040700241923332214,0.114167720079422,0.21240104734897614,-0.022511471062898636,0.11799822747707367,0.14873886108398438,-0.03641146793961525,0.12018832564353943,0.10885488241910934,-0.046948470175266266,0.12326182425022125,0.07580149173736572,-0.05382128432393074,0.09145618975162506,0.2275124192237854,-0.03154578059911728,0.09280794858932495,0.18316319584846497,-0.045281462371349335,0.0950339287519455,0.15368768572807312,-0.05318367853760719,0.0983705073595047,0.12783217430114746,-0.0581144280731678
hello,0.5023987293243408,0.3037979006767273,-1.1705366373062134,0.5292632579803467,0.2582448720932007,-1.1207815408706665,0.54405277967453,0.2574436664581299,-1.1208910942077637,0.5562683343887329,0.2572704553604126,-1.1209731101989746,0.4787639081478119,0.2628846764564514,-1.1263991594314575,0.4631503224372864,0.26546645164489746,-1.1264728307724,0.4519163966178894,0.26803117990493774,-1.126968264579773,0.5779858231544495,0.2810239791870117,-0.7623223662376404,0.4376552700996399,0.29314184188842773,-0.7798876762390137,0.5380567908287048,0.35833507776260376,-1.031532883644104,0.4738209843635559,0.35819321870803833,-1.037089228630066,0.6899855732917786,0.5801808834075928,-0.5073850154876709,0.32238245010375977,0.5621508359909058,-0.5259523987770081,0.7035490274429321,0.9701123833656311,-0.42204204201698303,0.21075031161308289,0.8781081438064575,-0.45552748441696167,0.6815153360366821,1.2722054719924927,-0.7172054052352905,0.15632563829421997,1.1601108312606812,-0.819294810295105,0.691243052482605,1.3705087900161743,-0.8120773434638977,0.14063051342964172,1.2493300437927246,-0.921971321105957,0.6589513421058655,1.3579127788543701,-0.884196937084198,0.1663164496421814,1.2388553619384766,-1.014090657234192,0.6469119787216187,1.3162171840667725,-0.7595376968383789,0.18036755919456482,1.2083086967468262,-0.8706923723220825,0.5910269021987915,1.2251611948013306,-0.03840603306889534,0.35201185941696167,1.2110522985458374,0.04231866076588631,0.5671755075454712,1.7240989208221436,-0.030450379475951195,0.3485264778137207,1.7043596506118774,-0.036858394742012024,0.5430036187171936,2.158057928085327,0.5523810386657715,0.32645145058631897,2.1481451988220215,0.37938597798347473,0.546127200126648,2.2342336177825928,0.5793415307998657,0.32086503505706787,2.2287988662719727,0.40286606550216675,0.4989251494407654,2.307295799255371,0.0841464102268219,0.34495997428894043,2.2980566024780273,-0.1472918838262558,0.14351357519626617,0.9491589665412903,0.0,0.21044933795928955,0.9200026988983154,-0.021601829677820206,0.26885315775871277,0.8507702350616455,-0.050940390676259995,0.29924094676971436,0.8019199371337891,-0.0851929634809494,0.30546456575393677,0.7557700276374817,-0.11675627529621124,0.22775143384933472,0.738429069519043,-0.07225880026817322,0.23697198927402496,0.6574895977973938,-0.11609569936990738,0.24957484006881714,0.7319868206977844,-0.1275896281003952,0.2553297281265259,0.7934327125549316,-0.1299557387828827,0.1699417233467102,0.7471577525138855,-0.08781833201646805,0.1907249242067337,0.713122546672821,-0.133374884724617,0.20870999991893768,0.8157238364219666,-0.12807610630989075,0.21506540477275848,0.893241286277771,-0.11698371171951294,0.11536779999732971,0.7765938639640808,-0.10455355793237686,0.13704529404640198,0.7416132688522339,-0.14302527904510498,0.16142773628234863,0.8388258814811707,-0.12167195230722427,0.1711750626564026,0.909293532371521,-0.10255783796310425,0.06321877986192703,0.8162344694137573,-0.12488232553005219,0.08658203482627869,0.7886666059494019,-0.1470131278038025,0.11101359874010086,0.8531341552734375,-0.13195540010929108,0.12308734655380249,0.9046542644500732,-0.11617548763751984
hello,0.6512128114700317,0.39051559567451477,-1.4413114786148071,0.678270697593689,0.31463634967803955,-1.415812373161316,0.7011917233467102,0.3104724884033203,-1.4156842231750488,0.7223577499389648,0.30749061703681946,-1.4158000946044922,0.6224429607391357,0.3231792449951172,-1.3734757900238037,0.6079915761947632,0.3253615200519562,-1.373790979385376,0.593375563621521,0.32725679874420166,-1.3744430541992188,0.7656685709953308,0.321047306060791,-1.0514936447143555,0.5935369729995728,0.33546650409698486,-0.851335883140564,0.7046661972999573,0.45962631702423096,-1.2959316968917847,0.631463885307312,0.4600270092487335,-1.241093635559082,0.920301616191864,0.6663594841957092,-0.7002182006835938,0.49415531754493713,0.590878427028656,-0.4574173092842102,1.0847668647766113,1.1191953420639038,-1.125253677368164,0.16606295108795166,0.792514979839325,-1.127023696899414,1.0139509439468384,1.080848217010498,-1.6002328395843506,0.3720381259918213,0.4229293465614319,-1.9372265338897705,0.9998758435249329,1.0734928846359253,-1.6989872455596924,0.45181578397750854,0.32446372509002686,-2.0895068645477295,0.9866630434989929,1.0262200832366943,-1.6081291437149048,0.4825904965400696,0.3269544839859009,-1.9114404916763306,0.9776362180709839,1.0364856719970703,-1.5818653106689453,0.4722762703895569,0.37025880813598633,-1.8950550556182861,0.7991562485694885,1.4159048795700073,-0.1833110898733139,0.5174731016159058,1.3911430835723877,0.1863643378019333,0.7658559679985046,1.9748306274414062,-0.33169975876808167,0.4981667399406433,1.956856369972229,0.23783281445503235,0.7717370390892029,2.544527769088745,0.24297066032886505,0.5027480125427246,2.5258383750915527,0.6351435780525208,0.785247802734375,2.6343398094177246,0.26352787017822266,0.5019500255584717,2.6131324768066406,0.6599260568618774,0.7185971140861511,2.7208518981933594,-0.37139835953712463,0.5188518166542053,2.713231086730957,0.04494798183441162,0.39593738317489624,0.4283393323421478,0.0,0.4308184087276459,0.4323931634426117,-0.009689557366073132,0.473104327917099,0.41019636392593384,-0.01769583486020565,0.4989502429962158,0.38281184434890747,-0.027108602225780487,0.506646454334259,0.3556404709815979,-0.03734354302287102,0.4870244562625885,0.32517769932746887,-0.011148244142532349,0.5172314643859863,0.2745476961135864,-0.026479128748178482,0.5381937026977539,0.24151352047920227,-0.03772425279021263,0.554879903793335,0.21321289241313934,-0.04578954726457596,0.4707699418067932,0.31104591488838196,-0.020734352990984917,0.5063661932945251,0.2558201849460602,-0.03304710611701012,0.5315919518470764,0.22038644552230835,-0.043134719133377075,0.5526401996612549,0.1893085092306137,-0.052058082073926926,0.4488297700881958,0.3099110424518585,-0.03297439590096474,0.4813977777957916,0.2572416663169861,-0.04744604974985123,0.5044828057289124,0.22334186732769012,-0.05830242112278938,0.5254756808280945,0.19355982542037964,-0.06678152829408646,0.42181798815727234,0.318866103887558,-0.04675893485546112,0.4426216185092926,0.27887991070747375,-0.06079605221748352,0.4574796259403229,0.25034940242767334,-0.06892561912536621,0.47246745228767395,0.22420111298561096,-0.07518943399190903
hello,0.633857011795044,0.36737358570098877,-1.1959556341171265,0.6692939400672913,0.2939866781234741,-1.1638587713241577,0.6943737268447876,0.2914120852947235,-1.1637176275253296,0.7165730595588684,0.290718674659729,-1.1638151407241821,0.6074045896530151,0.29958879947662354,-1.1190258264541626,0.5925579071044922,0.30100762844085693,-1.1190507411956787,0.578292965888977,0.30240535736083984,-1.1198198795318604,0.7621020078659058,0.3220810890197754,-0.8178468942642212,0.5809693932533264,0.32296276092529297,-0.6064740419387817,0.6918419599533081,0.44959908723831177,-1.0647199153900146,0.613823413848877,0.4417709708213806,-1.0075374841690063,0.9201799631118774,0.6764547824859619,-0.529373049736023,0.4765562117099762,0.6008647680282593,-0.30422380566596985,1.042099952697754,1.1684136390686035,-0.5794175863265991,0.14974969625473022,0.795246422290802,-0.9314905405044556,1.0181721448898315,1.3974534273147583,-0.7027885913848877,0.37167176604270935,0.40237510204315186,-1.6975408792495728,1.03364098072052,1.4746989011764526,-0.7580647468566895,0.45394715666770935,0.30926549434661865,-1.8626095056533813,0.9962931871414185,1.4560688734054565,-0.73935866355896,0.48637986183166504,0.3155663311481476,-1.6873384714126587,0.975112795829773,1.4280171394348145,-0.7071804404258728,0.48245519399642944,0.3569517135620117,-1.6612532138824463,0.8046573400497437,1.456940770149231,-0.15100112557411194,0.49620604515075684,1.432917833328247,0.15497618913650513,0.7747659087181091,2.1078414916992188,-0.2858894467353821,0.4874950349330902,2.0743298530578613,0.11821600049734116,0.7643864750862122,2.688875675201416,0.2910051941871643,0.47461891174316406,2.6647727489471436,0.5238730907440186,0.7741265296936035,2.779632091522217,0.3098036050796509,0.4674322009086609,2.7574148178100586,0.549999475479126,0.7067837715148926,2.8811697959899902,-0.3730306029319763,0.5027125477790833,2.8601250648498535,-0.14130373299121857,0.39907175302505493,0.41719192266464233,0.0,0.4276142120361328,0.4262264668941498,-0.016431346535682678,0.4663842022418976,0.4063231945037842,-0.027091065421700478,0.4895179867744446,0.3790743947029114,-0.037381697446107864,0.49948257207870483,0.3510831594467163,-0.04880599305033684,0.47736793756484985,0.32740095257759094,-0.02175542339682579,0.507125198841095,0.2746294140815735,-0.03836166486144066,0.5269195437431335,0.2400207221508026,-0.050486404448747635,0.5429769158363342,0.20896030962467194,-0.05923045799136162,0.46115490794181824,0.31229159235954285,-0.027409328147768974,0.4955335855484009,0.258405476808548,-0.04231838136911392,0.5193079710006714,0.21949002146720886,-0.05432981625199318,0.5383795499801636,0.18481625616550446,-0.0641728937625885,0.4400137960910797,0.309137761592865,-0.03542952239513397,0.47165051102638245,0.25829511880874634,-0.05267253518104553,0.4933011531829834,0.22262513637542725,-0.06605961173772812,0.5118396878242493,0.1904774010181427,-0.07569032162427902,0.41410914063453674,0.3147698640823364,-0.045083604753017426,0.43581971526145935,0.27693846821784973,-0.06155060604214668,0.4511326551437378,0.24842533469200134,-0.07185734808444977,0.46469199657440186,0.22158880531787872,-0.07931548357009888
hello,0.44463056325912476,0.3419705033302307,-0.8678015470504761,0.4705255627632141,0.3043654263019562,-0.8337455987930298,0.4855737090110779,0.3056146502494812,-0.8337108492851257,0.49717363715171814,0.3072440028190613,-0.8337900042533875,0.42629098892211914,0.30277156829833984,-0.8213275671005249,0.41343894600868225,0.30340832471847534,-0.821416974067688,0.403131902217865,0.3041217029094696,-0.8217843770980835,0.5152038335800171,0.3303826153278351,-0.55967116355896,0.3910374343395233,0.32536041736602783,-0.4883924126625061,0.4739517271518707,0.3932940661907196,-0.7655726075172424,0.4158409535884857,0.3881572484970093,-0.7476153373718262,0.6165671348571777,0.5830660462379456,-0.4650701582431793,0.29074952006340027,0.5594605207443237,-0.2732769548892975,0.6786227822303772,0.9260645508766174,-0.49833184480667114,0.03698289394378662,0.6787747740745544,-0.7029052376747131,0.696094274520874,1.121687650680542,-0.655210018157959,0.16078749299049377,0.37292835116386414,-1.2694437503814697,0.7135022878646851,1.198089361190796,-0.7136898636817932,0.19480225443840027,0.2763371467590332,-1.385164737701416,0.6882723569869995,1.182034969329834,-0.7441070079803467,0.2213822603225708,0.2605830430984497,-1.3039189577102661,0.6741453409194946,1.1598292589187622,-0.6751517653465271,0.22363248467445374,0.3037334680557251,-1.257203221321106,0.5355863571166992,1.119308352470398,-0.07285896688699722,0.31912270188331604,1.104889154434204,0.07538285851478577,0.5175293684005737,1.5350934267044067,0.10064961761236191,0.31082090735435486,1.5254676342010498,0.3718048334121704,0.5043009519577026,1.8955949544906616,0.7754139304161072,0.30887916684150696,1.8768153190612793,0.9259817004203796,0.5093568563461304,1.9585120677947998,0.8239415884017944,0.3061670660972595,1.9317340850830078,0.9742633700370789,0.46155673265457153,2.028075933456421,0.4298431873321533,0.3227497935295105,2.027255058288574,0.5643324851989746,0.18510644137859344,0.345121294260025,0.0,0.21486113965511322,0.3522284924983978,-0.00975831039249897,0.24646170437335968,0.3394996225833893,-0.01406015269458294,0.2643335163593292,0.31563326716423035,-0.01863006316125393,0.26682448387145996,0.2909548282623291,-0.02207127958536148,0.2440405786037445,0.3005842864513397,-0.0019515273161232471,0.2590886354446411,0.2786494791507721,-0.011020091362297535,0.2625029385089874,0.2825024425983429,-0.015298008918762207,0.2622096538543701,0.2896413505077362,-0.016766950488090515,0.23077569901943207,0.284695565700531,-0.0030005357693880796,0.2458212822675705,0.2628431022167206,-0.012179100885987282,0.25144776701927185,0.26289835572242737,-0.016588425263762474,0.2539635896682739,0.264444500207901,-0.01820330135524273,0.21487359702587128,0.27312999963760376,-0.006603413727134466,0.22933730483055115,0.2490176260471344,-0.015949539840221405,0.23538759350776672,0.24942196905612946,-0.018584134057164192,0.2384425550699234,0.2526816427707672,-0.01882472261786461,0.19716742634773254,0.264590322971344,-0.011692441068589687,0.2083687037229538,0.23857474327087402,-0.019566360861063004,0.2154938131570816,0.22340956330299377,-0.02278226613998413,0.22137261927127838,0.2113659381866455,-0.023581216111779213
hello,0.4436472952365875,0.34757184982299805,-0.8558593988418579,0.46889519691467285,0.31153804063796997,-0.8285945057868958,0.48348182439804077,0.31326085329055786,-0.8287212252616882,0.49556589126586914,0.31509333848953247,-0.8287116885185242,0.4273349642753601,0.30792877078056335,-0.8047245144844055,0.41512709856033325,0.3077027201652527,-0.8048614263534546,0.40485697984695435,0.3079158663749695,-0.8052524328231812,0.51276695728302,0.33612775802612305,-0.5829895734786987,0.39253032207489014,0.3303063213825226,-0.45944923162460327,0.4695674479007721,0.39950037002563477,-0.7650612592697144,0.4145279824733734,0.3931903839111328,-0.7321261167526245,0.6122325658798218,0.583722710609436,-0.5229297280311584,0.2904116213321686,0.5667816400527954,-0.22743448615074158,0.6751511096954346,0.9204671382904053,-0.6563255190849304,0.037044405937194824,0.7389914989471436,-0.6589177250862122,0.6895806193351746,1.1246098279953003,-0.9238721132278442,0.12482621520757675,0.41973257064819336,-1.3521825075149536,0.7054105401039124,1.198557734489441,-1.0111873149871826,0.1435631811618805,0.3034897446632385,-1.4811592102050781,0.6788637042045593,1.1799988746643066,-1.039250373840332,0.1749567985534668,0.2939097583293915,-1.4293736219406128,0.6637202501296997,1.1586861610412598,-0.9450119733810425,0.18049602210521698,0.34948375821113586,-1.3555759191513062,0.5343455076217651,1.1246743202209473,-0.09751726686954498,0.3186091482639313,1.1092404127120972,0.10022212564945221,0.5141057372093201,1.5387535095214844,-0.03439544141292572,0.3087838590145111,1.5223268270492554,0.36455807089805603,0.5080094933509827,1.9038500785827637,0.6526685953140259,0.3110917806625366,1.8703460693359375,0.938154399394989,0.5140137672424316,1.9705172777175903,0.6997538805007935,0.308189332485199,1.9242733716964722,0.9873760342597961,0.46763038635253906,2.0244462490081787,0.28819653391838074,0.3276621699333191,2.0152766704559326,0.5766158699989319,0.14289122819900513,0.3899526596069336,0.0,0.17438626289367676,0.3816344141960144,-0.002589512150734663,0.20222720503807068,0.36234280467033386,-0.0034014598932117224,0.21781128644943237,0.3402547240257263,-0.005901608616113663,0.22126033902168274,0.31932276487350464,-0.007720508147031069,0.19369001686573029,0.32452642917633057,0.008900563232600689,0.20594251155853271,0.3040289282798767,0.002211247105151415,0.21199117600917816,0.2993190884590149,-0.002722343895584345,0.21442362666130066,0.3031712770462036,-0.004520365968346596,0.17941385507583618,0.31438907980918884,0.005289217922836542,0.19099286198616028,0.2937621772289276,-0.002615741454064846,0.19818663597106934,0.2887168228626251,-0.008645893074572086,0.20232728123664856,0.2927834987640381,-0.010968840681016445,0.16294319927692413,0.3069862425327301,-0.00041822862112894654,0.1731293797492981,0.2864231467247009,-0.007380327209830284,0.18175910413265228,0.2800939679145813,-0.01063242182135582,0.18782579898834229,0.2816307842731476,-0.011243365705013275,0.1445951759815216,0.3032943904399872,-0.007300382945686579,0.15145142376422882,0.2792433202266693,-0.012871897779405117,0.15897886455059052,0.26659804582595825,-0.01545447763055563,0.16616716980934143,0.25865426659584045,-0.01594703085720539
hello,0.5513156056404114,0.29842185974121094,-0.8995050191879272,0.5651850700378418,0.24709051847457886,-0.9178444147109985,0.5808469653129578,0.24308079481124878,-0.9178553819656372,0.5973268747329712,0.24063076078891754,-0.917905330657959,0.5267466902732849,0.2593218684196472,-0.8597418069839478,0.5146235823631287,0.2637963891029358,-0.85992830991745,0.5040964484214783,0.26752936840057373,-0.8603729009628296,0.6384554505348206,0.2623612880706787,-0.8010586500167847,0.509682834148407,0.29044973850250244,-0.5148271918296814,0.5896917581558228,0.34539324045181274,-0.8457525968551636,0.5404602885246277,0.3516203761100769,-0.7644163966178894,0.7765557765960693,0.5304926633834839,-0.6450948119163513,0.44533371925354004,0.5242809057235718,-0.2805781066417694,0.7867839336395264,0.9259006381034851,-0.6937311291694641,0.19911834597587585,0.7218191623687744,-0.6323171257972717,0.7110387682914734,1.0879666805267334,-0.8398281335830688,0.20359516143798828,0.4116417169570923,-1.360944390296936,0.6978023648262024,1.164002537727356,-0.883368968963623,0.17864450812339783,0.2975301146507263,-1.4726910591125488,0.6698565483093262,1.1371296644210815,-0.8928872346878052,0.20550930500030518,0.2715265154838562,-1.4419091939926147,0.6669306755065918,1.1081784963607788,-0.8430954217910767,0.22229322791099548,0.3107351064682007,-1.3697251081466675,0.6694124937057495,1.0777145624160767,-0.0823332890868187,0.4567102789878845,1.0198742151260376,0.08427130430936813,0.6366463303565979,1.486765742301941,-0.0019612926989793777,0.42183756828308105,1.4557393789291382,0.33294907212257385,0.6132144927978516,1.8653056621551514,0.554896891117096,0.40287643671035767,1.8359249830245972,0.8160806894302368,0.6203562617301941,1.93169105052948,0.5915683507919312,0.399245023727417,1.8983023166656494,0.8573233485221863,0.5586948394775391,1.995248556137085,0.19001758098602295,0.40674299001693726,1.9866493940353394,0.45587173104286194,0.20803970098495483,0.3496987819671631,0.0,0.23235228657722473,0.32825106382369995,-0.012733113951981068,0.24459153413772583,0.29246729612350464,-0.01874529756605625,0.2358597368001938,0.2612040638923645,-0.024258427321910858,0.22193589806556702,0.24735035002231598,-0.030437638983130455,0.22732581198215485,0.24899592995643616,-0.013893691822886467,0.22530770301818848,0.2002694308757782,-0.024888454005122185,0.22149008512496948,0.1707315742969513,-0.03217411786317825,0.21634648740291595,0.14585183560848236,-0.03686695918440819,0.20722047984600067,0.24632491171360016,-0.01632791943848133,0.20230886340141296,0.1919289231300354,-0.025493718683719635,0.19710572063922882,0.15688872337341309,-0.031939052045345306,0.19336789846420288,0.12776222825050354,-0.03718268498778343,0.18952979147434235,0.25172075629234314,-0.02087493985891342,0.18415191769599915,0.20028358697891235,-0.030972907319664955,0.1803596019744873,0.16662102937698364,-0.038200393319129944,0.1782914102077484,0.13966496288776398,-0.04350707307457924,0.17240871489048004,0.2653762102127075,-0.02697836607694626,0.1672009527683258,0.22604969143867493,-0.036099571734666824,0.16487832367420197,0.2010032832622528,-0.04121873527765274,0.16406387090682983,0.18120846152305603,-0.044990770518779755
hello,0.5576385855674744,0.3008013963699341,-0.8674057126045227,0.5732524394989014,0.2504684329032898,-0.8596170544624329,0.589523434638977,0.24851876497268677,-0.8593667149543762,0.6063836216926575,0.24782949686050415,-0.8593252897262573,0.5378214120864868,0.2595434784889221,-0.8240677118301392,0.5263031721115112,0.2634533643722534,-0.8240795135498047,0.5153194069862366,0.26718246936798096,-0.8244417309761047,0.6422675848007202,0.2701186537742615,-0.6682040095329285,0.5170301795005798,0.2921416163444519,-0.4899483621120453,0.5949102640151978,0.35149043798446655,-0.792275607585907,0.54422926902771,0.35886162519454956,-0.7418400645256042,0.7811757326126099,0.5409265756607056,-0.5198798179626465,0.44352102279663086,0.5300601720809937,-0.27084454894065857,0.7891039848327637,0.9249457120895386,-0.6062062978744507,0.1957017183303833,0.7218707799911499,-0.5680440068244934,0.6838286519050598,1.0854003429412842,-0.7879287004470825,0.2116653025150299,0.3810212016105652,-1.1418161392211914,0.6537908911705017,1.1517242193222046,-0.8464540243148804,0.18050366640090942,0.25365936756134033,-1.2457292079925537,0.6198058128356934,1.109732747077942,-0.828241229057312,0.20851019024848938,0.24333013594150543,-1.1914517879486084,0.6224545240402222,1.083890676498413,-0.7841767072677612,0.2260718047618866,0.28563445806503296,-1.1405408382415771,0.6701869368553162,1.0565603971481323,-0.05317097157239914,0.45879000425338745,1.0229462385177612,0.05563775449991226,0.6368741393089294,1.5247938632965088,0.07833122462034225,0.41748470067977905,1.4956895112991333,0.19587817788124084,0.6206409931182861,1.9001284837722778,0.6285643577575684,0.408562570810318,1.8726876974105835,0.5975382328033447,0.6297153234481812,1.9586116075515747,0.6635270714759827,0.4062140882015228,1.9264025688171387,0.6284232139587402,0.5768103003501892,2.036092758178711,0.2724344730377197,0.4244930148124695,2.0289788246154785,0.19728264212608337,0.20319990813732147,0.3545493483543396,0.0,0.22717012465000153,0.33690640330314636,-0.01712227426469326,0.24004121124744415,0.3018682301044464,-0.025285573676228523,0.23265133798122406,0.2693493068218231,-0.03199299797415733,0.21696533262729645,0.25230616331100464,-0.03943082317709923,0.22202637791633606,0.2549704313278198,-0.02013399824500084,0.2184285670518875,0.2074098289012909,-0.03232092410326004,0.21361756324768066,0.17708146572113037,-0.04048553481698036,0.2078901082277298,0.1514415740966797,-0.04572445899248123,0.2010742574930191,0.251699835062027,-0.020446021109819412,0.19291909039020538,0.19865509867668152,-0.030841074883937836,0.1857558935880661,0.1629883348941803,-0.03830205649137497,0.18097566068172455,0.13303691148757935,-0.0442560613155365,0.18329904973506927,0.25688064098358154,-0.02296791784465313,0.1752098649740219,0.206753209233284,-0.03406960889697075,0.17052635550498962,0.17298981547355652,-0.04253397509455681,0.16805177927017212,0.1458197385072708,-0.04865461587905884,0.16656142473220825,0.2703455686569214,-0.027259046211838722,0.1597696840763092,0.23163031041622162,-0.03697291016578674,0.15728116035461426,0.2070252150297165,-0.04286956787109375,0.15690384805202484,0.18751078844070435,-0.047281455248594284
hello,0.6344904899597168,0.2756898105144501,-1.1723450422286987,0.65675288438797,0.21594232320785522,-1.2002520561218262,0.6774237751960754,0.21599769592285156,-1.1998364925384521,0.699276328086853,0.21650665998458862,-1.2000117301940918,0.6127244830131531,0.22119086980819702,-1.1416716575622559,0.5986883640289307,0.22456592321395874,-1.141904592514038,0.5852982401847839,0.22771114110946655,-1.1423331499099731,0.743715763092041,0.24030989408493042,-1.0747178792953491,0.589458167552948,0.255699098110199,-0.7888746857643127,0.6752540469169617,0.33313554525375366,-1.110806941986084,0.6160430312156677,0.3396349549293518,-1.0294874906539917,0.8883056640625,0.5580307841300964,-0.8095329403877258,0.5021146535873413,0.5031580328941345,-0.5087460279464722,0.8963449597358704,0.9521672129631042,-0.6441159248352051,0.23504149913787842,0.7224472761154175,-0.8601206541061401,0.8544316291809082,1.2270570993423462,-0.558394193649292,0.29063788056373596,0.3486438989639282,-1.4880067110061646,0.8505538702011108,1.3211612701416016,-0.5662525296211243,0.27709490060806274,0.2174869179725647,-1.5964231491088867,0.8186378479003906,1.3043850660324097,-0.5821563601493835,0.3090517818927765,0.1973695158958435,-1.5334547758102417,0.8068302273750305,1.2685648202896118,-0.5617327094078064,0.3278290331363678,0.25211840867996216,-1.4843313694000244,0.7366260886192322,1.1302621364593506,-0.08463455736637115,0.5123407244682312,1.00083327293396,0.08617348968982697,0.6964126229286194,1.5812829732894897,0.030754778534173965,0.45274433493614197,1.5348551273345947,0.389943391084671,0.6625542640686035,2.0018911361694336,0.6733033657073975,0.41540902853012085,1.952324628829956,0.9567316770553589,0.6648387908935547,2.072049140930176,0.714486837387085,0.4079933762550354,2.0188848972320557,1.0068249702453613,0.6109244227409363,2.1481995582580566,0.2669331729412079,0.4200159013271332,2.1167151927948,0.5594272017478943,0.2874056100845337,0.32935842871665955,0.0,0.28009486198425293,0.2933785915374756,0.0016014231368899345,0.2818247079849243,0.253720760345459,-0.0003995034203398973,0.2830963134765625,0.2242538332939148,-0.005693239159882069,0.28430959582328796,0.20103596150875092,-0.010381552390754223,0.3164439797401428,0.24298715591430664,0.008774934336543083,0.32676461338996887,0.21762874722480774,0.0007147595169954002,0.32088661193847656,0.20147740840911865,-0.005033345427364111,0.3121565878391266,0.19125708937644958,-0.008063492365181446,0.32691776752471924,0.2543504238128662,0.0005330060375854373,0.336197167634964,0.2258777767419815,-0.009262720122933388,0.326884388923645,0.21020658314228058,-0.015168456360697746,0.31507575511932373,0.20239949226379395,-0.01776682399213314,0.3361371159553528,0.26947635412216187,-0.009415728971362114,0.3452446162700653,0.24087893962860107,-0.017474954947829247,0.33425408601760864,0.22524604201316833,-0.018251296132802963,0.32121342420578003,0.21740934252738953,-0.017726929858326912,0.3435046374797821,0.2887585461139679,-0.020311681553721428,0.3536457419395447,0.26339051127433777,-0.024608302861452103,0.3468640446662903,0.24775643646717072,-0.024113409221172333,0.33654361963272095,0.23841196298599243,-0.023237671703100204
