hot,0.5377528667449951,0.26261287927627563,-0.5586838722229004,0.5688536763191223,0.2097495198249817,-0.5362659692764282,0.5841503143310547,0.21084266901016235,-0.5362540483474731,0.597220778465271,0.21257764101028442,-0.5362111330032349,0.5234451293945312,0.207967147231102,-0.5122295022010803,0.5099384188652039,0.20748819410800934,-0.5120507478713989,0.4987986087799072,0.2074294090270996,-0.5123172998428345,0.6109246611595154,0.23816639184951782,-0.3392733633518219,0.48527097702026367,0.2308908849954605,-0.19920484721660614,0.5691690444946289,0.3223723769187927,-0.48552602529525757,0.5086144208908081,0.3154512047767639,-0.4468856453895569,0.7116458415985107,0.5524247884750366,-0.2635749578475952,0.35700997710227966,0.5301629900932312,-0.07931561768054962,0.7614532709121704,0.9592283368110657,-0.298157274723053,0.2007845640182495,0.9279133677482605,-0.4111754298210144,0.7635331749916077,1.2185423374176025,-0.5428890585899353,0.3562418222427368,0.535024881362915,-1.041977882385254,0.777504563331604,1.3189152479171753,-0.6199517846107483,0.43294399976730347,0.45902299880981445,-1.1581155061721802,0.7455612421035767,1.3043720722198486,-0.6556281447410583,0.4462296962738037,0.43271082639694214,-1.1174978017807007,0.7306618094444275,1.2675832509994507,-0.5663614869117737,0.43339547514915466,0.4571475386619568,-1.041921615600586,0.6158813238143921,1.1804934740066528,-0.06529296189546585,0.37798741459846497,1.16218900680542,0.0681561678647995,0.6089822053909302,1.640856385231018,0.08158526569604874,0.3822678327560425,1.6396536827087402,0.2902072072029114,0.5991002321243286,2.0568296909332275,0.7302401065826416,0.3836342692375183,2.0497589111328125,0.7748055458068848,0.6037206649780273,2.1222376823425293,0.7708912491798401,0.3793511986732483,2.1121363639831543,0.8161588907241821,0.5629370212554932,2.2007384300231934,0.3722905218601227,0.3995051681995392,2.2034530639648438,0.3981170058250427,0.3646889925003052,0.4846176505088806,0.0,0.36911076307296753,0.45283469557762146,0.006958176381886005,0.3803911805152893,0.4268159568309784,0.002381965285167098,0.3790414035320282,0.41297367215156555,-0.005059187766164541,0.3656730651855469,0.4048992097377777,-0.013679489493370056,0.424564003944397,0.4102083146572113,-0.007929629646241665,0.458920419216156,0.37642502784729004,-0.018405182287096977,0.47619882225990295,0.35224223136901855,-0.024086330085992813,0.4863307774066925,0.33225947618484497,-0.02804628573358059,0.4361802637577057,0.4282086491584778,-0.020533844828605652,0.48960602283477783,0.4016176760196686,-0.029107410460710526,0.5200099945068359,0.38423043489456177,-0.03265761956572533,0.5419241786003113,0.3685680031776428,-0.0367758609354496,0.4424685835838318,0.45618849992752075,-0.03275603801012039,0.49210765957832336,0.43708136677742004,-0.042914774268865585,0.5227540135383606,0.4247731566429138,-0.04735049232840538,0.5456465482711792,0.41294431686401367,-0.050938356667757034,0.4423310160636902,0.4896433353424072,-0.044488273561000824,0.4778234362602234,0.48283010721206665,-0.055206459015607834,0.49919185042381287,0.47688689827919006,-0.058880578726530075,0.5172271132469177,0.470222145318985,-0.06137991324067116
hot,0.526264488697052,0.2629603147506714,-0.5437902212142944,0.5579028129577637,0.21059125661849976,-0.5340173840522766,0.5738710165023804,0.21242433786392212,-0.5340421795845032,0.5880122780799866,0.21483898162841797,-0.5340102910995483,0.5129185914993286,0.20745187997817993,-0.4995478093624115,0.5007086396217346,0.20732861757278442,-0.49952253699302673,0.4893098771572113,0.2070806622505188,-0.49987465143203735,0.6067996025085449,0.2428966909646988,-0.381091833114624,0.4795762896537781,0.22958773374557495,-0.19590558111667633,0.5589563846588135,0.3259825110435486,-0.4855542778968811,0.5004265308380127,0.3145277798175812,-0.4340018332004547,0.7116857767105103,0.5542881488800049,-0.30709415674209595,0.3593948483467102,0.5353383421897888,-0.06039009243249893,0.760372519493103,0.962355375289917,-0.34455376863479614,0.20154094696044922,0.9247369766235352,-0.3877771496772766,0.772277295589447,1.2204947471618652,-0.5699185729026794,0.3429945707321167,0.5365440249443054,-1.0481771230697632,0.7893646359443665,1.3176230192184448,-0.6390070915222168,0.4208899438381195,0.46692711114883423,-1.161165475845337,0.7611490488052368,1.3068783283233643,-0.6768332719802856,0.43731823563575745,0.43850940465927124,-1.1144572496414185,0.74514240026474,1.2706681489944458,-0.5928938984870911,0.4204549193382263,0.45902019739151,-1.0470800399780273,0.614988386631012,1.1761870384216309,-0.07971277832984924,0.3809477984905243,1.159119725227356,0.08254532516002655,0.6169520616531372,1.6298577785491943,0.07030847668647766,0.39598754048347473,1.630792260169983,0.32692402601242065,0.6138938665390015,2.0368330478668213,0.713649332523346,0.4019492268562317,2.0297913551330566,0.8374689817428589,0.6190150380134583,2.1013519763946533,0.7536227107048035,0.39744648337364197,2.090151786804199,0.8810247182846069,0.5745936036109924,2.175813913345337,0.35706624388694763,0.4168075621128082,2.1791861057281494,0.47696059942245483,0.35676586627960205,0.4891839027404785,0.0,0.359632670879364,0.4581276774406433,0.009009995497763157,0.3716897964477539,0.43228214979171753,0.00495544821023941,0.37084072828292847,0.41612744331359863,-0.0023015495389699936,0.35906893014907837,0.4076841473579407,-0.010952359065413475,0.41865605115890503,0.4129026532173157,-0.007948596030473709,0.4556041359901428,0.3783862888813019,-0.01880691759288311,0.47506242990493774,0.35660046339035034,-0.02448597364127636,0.4873902499675751,0.33895012736320496,-0.02838035114109516,0.42897793650627136,0.43011075258255005,-0.021815191954374313,0.485721617937088,0.40284600853919983,-0.03101530112326145,0.5168710947036743,0.38621413707733154,-0.03409333527088165,0.5392018556594849,0.3717261254787445,-0.0377485454082489,0.43404465913772583,0.4566635191440582,-0.03504607826471329,0.4864836037158966,0.4365425109863281,-0.04594632238149643,0.5173144936561584,0.4248722791671753,-0.04966059699654579,0.540553867816925,0.414155513048172,-0.05267199128866196,0.4334265887737274,0.4878368377685547,-0.04763081297278404,0.4699314534664154,0.481503427028656,-0.05919012799859047,0.4922638237476349,0.47592872381210327,-0.06271407008171082,0.5113007426261902,0.470217764377594,-0.06492680311203003
hot,0.5305604934692383,0.258500337600708,-0.5026546716690063,0.5582829117774963,0.2091667652130127,-0.47774869203567505,0.5748795866966248,0.2104150652885437,-0.47760456800460815,0.5896490812301636,0.2126391977071762,-0.47744256258010864,0.5130913853645325,0.20930761098861694,-0.451651394367218,0.5006899833679199,0.21077190339565277,-0.4516511559486389,0.4888914227485657,0.21214008331298828,-0.4520047605037689,0.6088482141494751,0.24284964799880981,-0.3042064607143402,0.47828346490859985,0.24328023195266724,-0.16278032958507538,0.5653112530708313,0.3226724863052368,-0.4424894452095032,0.5023300647735596,0.31865012645721436,-0.40356454253196716,0.7181493043899536,0.5633112192153931,-0.24420997500419617,0.3533216714859009,0.5613791346549988,-0.034346263855695724,0.7701004147529602,0.9759798645973206,-0.2804420590400696,0.16681012511253357,0.9381447434425354,-0.333930104970932,0.7744711637496948,1.2394745349884033,-0.4780825972557068,0.29558220505714417,0.5622198581695557,-0.9221407175064087,0.7889313697814941,1.3324100971221924,-0.5362966060638428,0.3608090877532959,0.5029153227806091,-1.0240148305892944,0.7536011338233948,1.3174468278884888,-0.562728226184845,0.3874113857746124,0.47084540128707886,-0.9688974618911743,0.7369949817657471,1.2836343050003052,-0.4978981912136078,0.36998844146728516,0.49671876430511475,-0.9197841882705688,0.643265426158905,1.1969538927078247,-0.06534746289253235,0.3965081572532654,1.1825391054153442,0.06879879534244537,0.6228705644607544,1.662659764289856,0.03208601474761963,0.39255625009536743,1.6531802415847778,0.1766614019870758,0.6092032194137573,2.072894334793091,0.6055590510368347,0.39447224140167236,2.0527358055114746,0.5301964282989502,0.6158415079116821,2.1395013332366943,0.6358634233474731,0.3915483355522156,2.113257884979248,0.5554870963096619,0.5672588348388672,2.210825204849243,0.2351798266172409,0.4138229787349701,2.208479404449463,0.13968338072299957,0.29214203357696533,0.5176014304161072,0.0,0.3155403733253479,0.48253825306892395,0.010221187956631184,0.345773309469223,0.46583884954452515,0.005444719921797514,0.3695733845233917,0.4611243009567261,-0.002934620250016451,0.38634058833122253,0.46035236120224,-0.012826311402022839,0.36662521958351135,0.44825059175491333,-0.015962256118655205,0.4147399663925171,0.43351829051971436,-0.031931549310684204,0.4471919536590576,0.4194513261318207,-0.04375316947698593,0.474723219871521,0.4051892161369324,-0.05205867066979408,0.36825910210609436,0.4660954177379608,-0.03190527483820915,0.4208778142929077,0.4467170536518097,-0.04751892015337944,0.4579664468765259,0.43230074644088745,-0.05843798816204071,0.49021923542022705,0.41759181022644043,-0.06780286133289337,0.3665516972541809,0.4935699999332428,-0.04627158120274544,0.41530948877334595,0.4761897325515747,-0.06105046346783638,0.4508034884929657,0.4660395681858063,-0.07134795188903809,0.48073697090148926,0.4550093412399292,-0.07984492182731628,0.3616749346256256,0.5275356769561768,-0.059267688542604446,0.39357221126556396,0.5220825672149658,-0.07081898301839828,0.4155631959438324,0.5166523456573486,-0.07664351165294647,0.4365721344947815,0.5109301209449768,-0.08225555717945099
hot,0.5347962379455566,0.24562406539916992,-0.6639024019241333,0.5608917474746704,0.19789385795593262,-0.6329113245010376,0.5771301984786987,0.19906020164489746,-0.6328449845314026,0.590957760810852,0.20126599073410034,-0.6326622366905212,0.5145103931427002,0.1980983167886734,-0.6055276989936829,0.5017034411430359,0.19968396425247192,-0.6054722666740417,0.49028053879737854,0.20122045278549194,-0.6058568954467773,0.6112929582595825,0.23461736738681793,-0.41381844878196716,0.476752370595932,0.23389822244644165,-0.2704343795776367,0.5670201182365417,0.3096267580986023,-0.587863028049469,0.5041756629943848,0.30880171060562134,-0.548172116279602,0.7177553176879883,0.5623598098754883,-0.3457099497318268,0.3503987789154053,0.558284342288971,-0.11329568922519684,0.7686856985092163,0.9779029488563538,-0.39907294511795044,0.16387206315994263,0.9335451126098633,-0.459984689950943,0.7809802293777466,1.2422682046890259,-0.6552983522415161,0.2978816628456116,0.5616230368614197,-1.1455403566360474,0.7945539951324463,1.3342368602752686,-0.7354848384857178,0.3653968274593353,0.4976986050605774,-1.269195318222046,0.7621386647224426,1.314409852027893,-0.768165647983551,0.39415228366851807,0.46123722195625305,-1.221278190612793,0.7467892169952393,1.2810040712356567,-0.6787902116775513,0.37822508811950684,0.48777347803115845,-1.1466890573501587,0.6518598794937134,1.1959584951400757,-0.07590131461620331,0.40322762727737427,1.1874542236328125,0.07948095351457596,0.6423160433769226,1.6703307628631592,0.09887275099754333,0.41139405965805054,1.6686217784881592,0.27088913321495056,0.6357576847076416,2.0823585987091064,0.7986370325088501,0.4185482859611511,2.0680809020996094,0.7848228812217712,0.6415119767189026,2.1502010822296143,0.8420635461807251,0.41512376070022583,2.1299943923950195,0.8264278173446655,0.598501980304718,2.2233707904815674,0.4054419994354248,0.43678656220436096,2.2191121578216553,0.3707816004753113,0.38656049966812134,0.45902299880981445,0.0,0.38430333137512207,0.48719730973243713,-0.023969389498233795,0.3952215313911438,0.5082637071609497,-0.03860295191407204,0.4132191240787506,0.5122295618057251,-0.04916321113705635,0.4306847155094147,0.5101596117019653,-0.05934859439730644,0.42012646794319153,0.47379589080810547,-0.0446278415620327,0.4454897940158844,0.4731515347957611,-0.0580761581659317,0.4609036147594452,0.4689217209815979,-0.06336843222379684,0.4749945104122162,0.4616367816925049,-0.06634242832660675,0.43098053336143494,0.44620755314826965,-0.03876485303044319,0.45986974239349365,0.4394524097442627,-0.053224824368953705,0.4782276451587677,0.43187567591667175,-0.05865700542926788,0.4932493567466736,0.42244604229927063,-0.06267648935317993,0.43781614303588867,0.4250808656215668,-0.03278189152479172,0.46181222796440125,0.413827121257782,-0.04633741080760956,0.4774840176105499,0.4072325825691223,-0.05261983722448349,0.49166354537010193,0.3996542990207672,-0.056855764240026474,0.4417022466659546,0.4090682566165924,-0.028271306306123734,0.4595905542373657,0.39495453238487244,-0.03880440816283226,0.47109922766685486,0.38547927141189575,-0.04475321248173714,0.48135626316070557,0.3771560490131378,-0.049007877707481384
hot,0.5567330718040466,0.2627274990081787,-0.8960102200508118,0.5865871906280518,0.2182067483663559,-0.8584766387939453,0.6019309759140015,0.21971678733825684,-0.8584378957748413,0.6149976253509521,0.22172397375106812,-0.8581693768501282,0.5344619750976562,0.21348176896572113,-0.8429548144340515,0.5180394649505615,0.21264348924160004,-0.8428807258605957,0.5056211948394775,0.21281695365905762,-0.84321129322052,0.6327425241470337,0.24744606018066406,-0.5693995952606201,0.48801809549331665,0.2371407151222229,-0.4833851456642151,0.5883210897445679,0.3235747516155243,-0.7891433238983154,0.5209035277366638,0.3167533874511719,-0.765466570854187,0.7362598776817322,0.5693971514701843,-0.43620458245277405,0.37134668231010437,0.5393543839454651,-0.26871219277381897,0.7759296894073486,0.9846009612083435,-0.49640554189682007,0.2109685242176056,0.9562054872512817,-0.5810623168945312,0.7698431015014648,1.192994475364685,-0.8506420850753784,0.19211694598197937,0.6909645199775696,-1.4146534204483032,0.7736355066299438,1.266822099685669,-0.9387460947036743,0.1382002830505371,0.6229738593101501,-1.5528346300125122,0.7509958744049072,1.2365925312042236,-0.978533923625946,0.16434139013290405,0.6017788648605347,-1.567337989807129,0.7385218739509583,1.2079542875289917,-0.876378059387207,0.19390544295310974,0.6201508045196533,-1.4435558319091797,0.6585251092910767,1.1966105699539185,-0.050968240946531296,0.4155154228210449,1.1865277290344238,0.05400220677256584,0.6476249694824219,1.6580522060394287,0.18389388918876648,0.4108935296535492,1.6627991199493408,0.3488955497741699,0.647316575050354,2.0741662979125977,0.8755477666854858,0.41950950026512146,2.0722086429595947,0.9344193339347839,0.6523351073265076,2.143338203430176,0.9209548830986023,0.41746634244918823,2.1360771656036377,0.9811956286430359,0.6147487759590149,2.222106456756592,0.4913210868835449,0.4408126473426819,2.2209386825561523,0.5237054824829102,0.23059429228305817,0.5925319194793701,0.0,0.2023717612028122,0.5904968976974487,0.011197321116924286,0.1705477386713028,0.5986440777778625,0.0075173405930399895,0.14712215960025787,0.6077153086662292,0.0003091293328907341,0.12947458028793335,0.6106868386268616,-0.008956469595432281,0.1427667886018753,0.5946596264839172,-0.01857791095972061,0.0994652509689331,0.6092858910560608,-0.034634705632925034,0.07272078841924667,0.6162028908729553,-0.04476044699549675,0.050386980175971985,0.6195008754730225,-0.05151966214179993,0.14892107248306274,0.5963000059127808,-0.03302367776632309,0.09997529536485672,0.6121202707290649,-0.05125757306814194,0.06641340255737305,0.6192773580551147,-0.060816485434770584,0.03957720845937729,0.6239864230155945,-0.06817379593849182,0.16147089004516602,0.6032478213310242,-0.04542567580938339,0.11965245008468628,0.6198842525482178,-0.062330979853868484,0.0915604680776596,0.6292150616645813,-0.06993625313043594,0.06748341023921967,0.6361835598945618,-0.07559017091989517,0.17812903225421906,0.6124715805053711,-0.05613074451684952,0.15821635723114014,0.6245396137237549,-0.06918203085660934,0.14638034999370575,0.6249643564224243,-0.07316948473453522,0.1360238641500473,0.6234733462333679,-0.0765107274055481
hot,0.5537519454956055,0.25853264331817627,-0.8394756317138672,0.5837633609771729,0.21605873107910156,-0.8002429008483887,0.5996955633163452,0.21774142980575562,-0.8001624345779419,0.6136766672134399,0.2198936939239502,-0.7999071478843689,0.5309117436408997,0.21089577674865723,-0.7855240702629089,0.5150760412216187,0.21011918783187866,-0.7854069471359253,0.5033261775970459,0.21058392524719238,-0.7857304811477661,0.6342158317565918,0.24764996767044067,-0.5097153186798096,0.48839235305786133,0.23726439476013184,-0.4281071722507477,0.5876343250274658,0.3200714886188507,-0.733246386051178,0.5207709074020386,0.3128196597099304,-0.7106828689575195,0.7369736433029175,0.5711382627487183,-0.3813322186470032,0.37179526686668396,0.5401027202606201,-0.23910875618457794,0.7755982279777527,0.9794865250587463,-0.4377688765525818,0.21260294318199158,0.94920814037323,-0.5668704509735107,0.7786986231803894,1.20218825340271,-0.788984477519989,0.18633708357810974,0.6873176693916321,-1.4104567766189575,0.7853686809539795,1.2800350189208984,-0.8714963793754578,0.12888765335083008,0.6218649744987488,-1.5516889095306396,0.7629733085632324,1.2540010213851929,-0.9160791635513306,0.15103980898857117,0.5994478464126587,-1.5683884620666504,0.7501317858695984,1.2240651845932007,-0.817470371723175,0.18581944704055786,0.6174787282943726,-1.4414676427841187,0.6592085957527161,1.2013088464736938,-0.039683081209659576,0.41313618421554565,1.1910449266433716,0.04268534854054451,0.6491219997406006,1.6620776653289795,0.20809955894947052,0.4131472110748291,1.6681740283966064,0.30376702547073364,0.6488584876060486,2.0754282474517822,0.911119282245636,0.4208613336086273,2.074605703353882,0.8770251274108887,0.6541411876678467,2.144211769104004,0.9573839902877808,0.41825801134109497,2.1369128227233887,0.9220312833786011,0.6161608695983887,2.221940517425537,0.5282741189002991,0.44524961709976196,2.2251837253570557,0.45396241545677185,0.22304494678974152,0.5915387272834778,0.0,0.19102486968040466,0.5889600515365601,0.012564865872263908,0.15825867652893066,0.5970200300216675,0.0105639873072505,0.1353316605091095,0.6065506935119629,0.004675697535276413,0.11927363276481628,0.609138548374176,-0.0034829548094421625,0.13710644841194153,0.5987144708633423,-0.014886017888784409,0.09499920159578323,0.6131855845451355,-0.029949648305773735,0.06794283539056778,0.6190392374992371,-0.03998148441314697,0.04510249197483063,0.6215436458587646,-0.04711627960205078,0.14266932010650635,0.6015242338180542,-0.030163707211613655,0.0957980751991272,0.6143644452095032,-0.046517860144376755,0.06304281949996948,0.6196184754371643,-0.056253138929605484,0.03700312227010727,0.6221780776977539,-0.06451095640659332,0.15606454014778137,0.6105270981788635,-0.04356265068054199,0.11735974997282028,0.623144805431366,-0.05962443724274635,0.09167516976594925,0.6294683218002319,-0.06882518529891968,0.07016254961490631,0.6338781714439392,-0.0760660469532013,0.17497354745864868,0.6222673654556274,-0.055231060832738876,0.15943369269371033,0.6288496255874634,-0.06846611201763153,0.1495879739522934,0.6249783635139465,-0.07415096461772919,0.14060096442699432,0.6210578680038452,-0.07904578000307083
hot,0.5864495038986206,0.3100752830505371,-0.5881690382957458,0.6140002608299255,0.2671610713005066,-0.6019972562789917,0.6254456043243408,0.26854193210601807,-0.6020958423614502,0.636867105960846,0.27000749111175537,-0.6025418639183044,0.5911496877670288,0.2627803087234497,-0.5698659420013428,0.584111213684082,0.26028692722320557,-0.5698966383934021,0.5769837498664856,0.25787216424942017,-0.5701358318328857,0.6708213090896606,0.28452205657958984,-0.5429689288139343,0.5902751088142395,0.26702266931533813,-0.393539696931839,0.611897349357605,0.3491379916667938,-0.5563832521438599,0.5800559520721436,0.34207168221473694,-0.5134975910186768,0.7709671258926392,0.4856201410293579,-0.4729030728340149,0.529658854007721,0.3912900686264038,-0.24126586318016052,0.8050438165664673,0.7423647046089172,-0.4921417832374573,0.42128539085388184,0.5712447762489319,-0.29314517974853516,0.7953027486801147,0.9427950978279114,-0.596440851688385,0.4161338210105896,0.6233367323875427,-0.5802158713340759,0.801485538482666,1.0049593448638916,-0.6474225521087646,0.4059191644191742,0.6532140374183655,-0.6267692446708679,0.7832741141319275,0.9882635474205017,-0.6934887766838074,0.4176582396030426,0.6271174550056458,-0.6512058973312378,0.772550642490387,0.9658181071281433,-0.6148366928100586,0.4312816560268402,0.6269066333770752,-0.5968431830406189,0.6394124627113342,0.8422253131866455,-0.06505601853132248,0.5217705368995667,0.7660561203956604,0.0646694079041481,0.57390958070755,0.8602346777915955,-0.028974156826734543,0.39775151014328003,0.673346757888794,0.10572695732116699,0.5978289246559143,0.9517202377319336,0.587655782699585,0.41300854086875916,0.8900343179702759,0.4827573299407959,0.6128302812576294,0.9603198170661926,0.6535610556602478,0.4399961531162262,0.923778772354126,0.5248926281929016,0.5557262897491455,1.0289418697357178,0.6149743795394897,0.33679911494255066,0.993088960647583,0.44379085302352905,0.44932591915130615,0.5481840968132019,0.0,0.4442152976989746,0.4916437268257141,0.004769880324602127,0.4549415707588196,0.4405137896537781,-0.002607758855447173,0.4542742371559143,0.40514129400253296,-0.013211873359978199,0.4316437244415283,0.37803512811660767,-0.024874204769730568,0.5150396823883057,0.412623792886734,-0.010591663420200348,0.5624081492424011,0.3578900396823883,-0.022367767989635468,0.589023232460022,0.3225971460342407,-0.027475997805595398,0.6050240397453308,0.2933364808559418,-0.030686279758810997,0.5369994640350342,0.43954503536224365,-0.024134179577231407,0.6049169898033142,0.3886270523071289,-0.03342495858669281,0.6400195360183716,0.36074593663215637,-0.03564164415001869,0.6644034385681152,0.3376992344856262,-0.03817659988999367,0.5521945953369141,0.47574934363365173,-0.03752114623785019,0.6111001372337341,0.43012315034866333,-0.048286739736795425,0.6459909081459045,0.4020175039768219,-0.05164118856191635,0.6705896854400635,0.3794440031051636,-0.05407373607158661,0.5594782829284668,0.5190826654434204,-0.051006216555833817,0.6067531108856201,0.4951593577861786,-0.061052095144987106,0.6352471113204956,0.4838842451572418,-0.0635453462600708,0.658351480960846,0.47356849908828735,-0.06496021896600723
hot,0.6084885597229004,0.24655479192733765,-0.39508023858070374,0.6257540583610535,0.22041267156600952,-0.3890516757965088,0.6350698471069336,0.22246867418289185,-0.38916558027267456,0.6444025635719299,0.22458332777023315,-0.3894663453102112,0.6032411456108093,0.2155599594116211,-0.38707002997398376,0.5948976874351501,0.21431618928909302,-0.3871208727359772,0.5865459442138672,0.21311956644058228,-0.3873010575771332,0.6575577855110168,0.24813924729824066,-0.299151748418808,0.577872633934021,0.23270291090011597,-0.2900577187538147,0.6207176446914673,0.28549206256866455,-0.35665735602378845,0.5912142992019653,0.27998635172843933,-0.3541468381881714,0.7130412459373474,0.3987475335597992,-0.2689472436904907,0.5081875324249268,0.35400620102882385,-0.2013777792453766,0.7522949576377869,0.5766171813011169,-0.24966511130332947,0.4663808345794678,0.4892435371875763,-0.3062168061733246,0.7392848134040833,0.7235265374183655,-0.2802928388118744,0.5238723158836365,0.4205686151981354,-0.4746445119380951,0.7512029409408569,0.7696329355239868,-0.3071075975894928,0.5342007875442505,0.4071286618709564,-0.5113482475280762,0.7288681268692017,0.760765790939331,-0.33136722445487976,0.5441170930862427,0.39242470264434814,-0.4929937720298767,0.7177847623825073,0.7456037402153015,-0.2900766432285309,0.5491983890533447,0.4033776521682739,-0.47144168615341187,0.6712926030158997,0.7495054006576538,-0.03830893710255623,0.5545624494552612,0.7089424133300781,0.03791321814060211,0.6901863813400269,0.8293317556381226,0.14833573997020721,0.4102844297885895,0.6133497357368469,0.34370848536491394,0.67387855052948,0.8130943775177002,0.5953794717788696,0.49511927366256714,0.694844126701355,0.6484286785125732,0.6746483445167542,0.8054301142692566,0.647060215473175,0.5262588262557983,0.7028129696846008,0.6869891285896301,0.6370351910591125,0.8453580141067505,0.6737754940986633,0.4665343165397644,0.7582968473434448,0.7031919956207275,0.4330008924007416,0.5184817314147949,0.0,0.43969017267227173,0.46656331419944763,0.0016888761892914772,0.4548497498035431,0.4253135621547699,-0.008388947695493698,0.4612236022949219,0.3995543122291565,-0.021321846172213554,0.45767608284950256,0.3846866190433502,-0.03507187217473984,0.5058330297470093,0.40475401282310486,-0.026447555050253868,0.5585379004478455,0.36093851923942566,-0.045062433928251266,0.5831577777862549,0.3358970880508423,-0.051904842257499695,0.5968214869499207,0.314391553401947,-0.0553581640124321,0.5170238018035889,0.43031755089759827,-0.041388969868421555,0.5906229615211487,0.39578190445899963,-0.05806085467338562,0.6283438205718994,0.3784637451171875,-0.06083879619836807,0.653362512588501,0.3640560209751129,-0.06359108537435532,0.522283673286438,0.4666895866394043,-0.05590430647134781,0.5883321762084961,0.44106167554855347,-0.07315991818904877,0.6261228322982788,0.42299601435661316,-0.07704899460077286,0.6531447768211365,0.40619444847106934,-0.07972581684589386,0.5213981866836548,0.5081794857978821,-0.07047207653522491,0.5686079263687134,0.5014342069625854,-0.08575259894132614,0.5959617495536804,0.4925304651260376,-0.08945246785879135,0.6173964738845825,0.4822438359260559,-0.09149035811424255
hot,0.6287497282028198,0.18408918380737305,-1.3771668672561646,0.6559886336326599,0.11997926235198975,-1.3353694677352905,0.673789381980896,0.12239408493041992,-1.335011601448059,0.6896471977233887,0.12571346759796143,-1.3351048231124878,0.6001169085502625,0.11802029609680176,-1.3302363157272339,0.5817025303840637,0.11912667751312256,-1.3299747705459595,0.5651296973228455,0.1198357343673706,-1.3301891088485718,0.7093123197555542,0.17437921464443207,-0.9762184023857117,0.5443792343139648,0.1626429557800293,-0.9302483797073364,0.6656283736228943,0.27614545822143555,-1.2375867366790771,0.5922940969467163,0.2612681984901428,-1.2240945100784302,0.8343268632888794,0.5569375157356262,-0.7191369533538818,0.4099356532096863,0.5363528728485107,-0.692609429359436,0.8528639078140259,0.981209933757782,-0.6352328062057495,0.28947317600250244,0.9139106273651123,-0.5709609389305115,0.8303461074829102,1.2913600206375122,-0.9729753732681274,0.21597008407115936,1.1899136304855347,-0.9513211250305176,0.8500422239303589,1.3881523609161377,-1.0832027196884155,0.18420860171318054,1.2623499631881714,-1.0516235828399658,0.8045090436935425,1.3847124576568604,-1.1391746997833252,0.20920224487781525,1.2533572912216187,-1.1461659669876099,0.7913277745246887,1.3441708087921143,-1.0101146697998047,0.22825750708580017,1.2281543016433716,-1.0032321214675903,0.7289533019065857,1.266438603401184,-0.06534089893102646,0.4419093132019043,1.2524389028549194,0.06939255446195602,0.6991136074066162,1.8443529605865479,0.35073405504226685,0.4398100972175598,1.849292516708374,0.48730048537254333,0.6821383833885193,2.338545560836792,1.3870235681533813,0.430222749710083,2.3412857055664062,1.3422850370407104,0.6871890425682068,2.4289650917053223,1.4625754356384277,0.42320767045021057,2.4263341426849365,1.4179043769836426,0.6288976669311523,2.518153667449951,0.9162991642951965,0.4584070146083832,2.5322670936584473,0.7983689904212952,0.1904524862766266,0.7233670949935913,0.0,0.2257615178823471,0.7237004637718201,-0.031977057456970215,0.26066553592681885,0.7155064940452576,-0.055039774626493454,0.28785064816474915,0.702407717704773,-0.07652363181114197,0.3173258900642395,0.6827379465103149,-0.09755481034517288,0.2097310721874237,0.6528816819190979,-0.054888635873794556,0.16813963651657104,0.6872739195823669,-0.08155941963195801,0.13429312407970428,0.7209447622299194,-0.09527850151062012,0.10405808687210083,0.7444175481796265,-0.1022704690694809,0.1690831035375595,0.649367094039917,-0.0541280135512352,0.12442799657583237,0.6861000061035156,-0.07714398205280304,0.08831658959388733,0.7163723707199097,-0.08333716541528702,0.05743563175201416,0.7386581301689148,-0.08909044414758682,0.1386202573776245,0.6524933576583862,-0.05460816249251366,0.09724175184965134,0.678909420967102,-0.07646983116865158,0.06265786290168762,0.7078834772109985,-0.07805057615041733,0.03442133963108063,0.7314640879631042,-0.07939240336418152,0.11572621762752533,0.6633082628250122,-0.058258622884750366,0.08513391762971878,0.6762292981147766,-0.07578583806753159,0.0640239268541336,0.7014153003692627,-0.07746224105358124,0.045361921191215515,0.7266824841499329,-0.0774267390370369
hot,0.5488644242286682,0.278408408164978,-0.45877140760421753,0.5703065395355225,0.24520736932754517,-0.4201790392398834,0.5813288688659668,0.24725914001464844,-0.42003852128982544,0.5914510488510132,0.2501586675643921,-0.419889360666275,0.5364935398101807,0.24556666612625122,-0.4006362557411194,0.5249262452125549,0.24748407304286957,-0.40038785338401794,0.5148481726646423,0.2498610019683838,-0.4006498456001282,0.6020318865776062,0.28708887100219727,-0.2085120975971222,0.4994186460971832,0.2842469811439514,-0.09879565238952637,0.5718874931335449,0.33525264263153076,-0.3880144953727722,0.5211706161499023,0.33288824558258057,-0.35760870575904846,0.7050961256027222,0.5731518268585205,-0.17722323536872864,0.3909936249256134,0.5645502805709839,-0.028630252927541733,0.7580854892730713,0.9582582116127014,-0.2611820697784424,0.2666061520576477,0.9029181599617004,-0.36797377467155457,0.6631991267204285,1.1760684251785278,-0.42844754457473755,0.39155858755111694,0.5740457773208618,-0.9123585820198059,0.6556035280227661,1.2698967456817627,-0.4977652430534363,0.4478070139884949,0.48516178131103516,-1.0276297330856323,0.6117368936538696,1.2468187808990479,-0.5072635412216187,0.4672641158103943,0.45634257793426514,-0.9756290316581726,0.6081559062004089,1.2132729291915894,-0.4399418234825134,0.4513331949710846,0.48919057846069336,-0.9095989465713501,0.6412373185157776,1.174689769744873,-0.06364280730485916,0.4235699772834778,1.1620068550109863,0.06699363887310028,0.6158847212791443,1.6307318210601807,-0.015541081316769123,0.4161601960659027,1.6194239854812622,0.09248948097229004,0.5907216668128967,2.028856039047241,0.4986182749271393,0.4061882495880127,2.0120739936828613,0.3954819142818451,0.5952087640762329,2.08624267578125,0.5238732695579529,0.4025564193725586,2.0662765502929688,0.41588282585144043,0.5492752194404602,2.1570076942443848,0.12615226209163666,0.41573768854141235,2.15255069732666,-0.002175537869334221,0.4275919795036316,0.5144246220588684,0.0,0.4343786835670471,0.4743312895298004,0.006156109273433685,0.4547359049320221,0.4479465186595917,0.0033008670434355736,0.4742966890335083,0.43385571241378784,-0.0011684976052492857,0.48897746205329895,0.4207422435283661,-0.006446405313909054,0.4616353213787079,0.44502875208854675,-0.01480106357485056,0.48452094197273254,0.4082396626472473,-0.0250365249812603,0.49786579608917236,0.383476197719574,-0.02915094420313835,0.5067413449287415,0.3622291684150696,-0.03165543079376221,0.4708247184753418,0.4637298882007599,-0.02516915090382099,0.5047513246536255,0.42854365706443787,-0.03584052622318268,0.5273233652114868,0.4024117887020111,-0.03952125459909439,0.5433973073959351,0.3790351152420044,-0.04279343783855438,0.47760704159736633,0.48682063817977905,-0.034413356333971024,0.5147643089294434,0.46102216839790344,-0.045220375061035156,0.539834201335907,0.4412108063697815,-0.04936516284942627,0.5578269958496094,0.4227372407913208,-0.052630797028541565,0.48068109154701233,0.5122716426849365,-0.042659416794776917,0.5085957050323486,0.4995705485343933,-0.05200425535440445,0.5265421271324158,0.488779753446579,-0.05530144274234772,0.5407667756080627,0.47772181034088135,-0.057949505746364594
hot,0.553950309753418,0.27544867992401123,-0.4218234121799469,0.5751962661743164,0.24039870500564575,-0.3777245879173279,0.5869566798210144,0.24217373132705688,-0.3775522708892822,0.5973321199417114,0.24476800858974457,-0.37738001346588135,0.537157416343689,0.24044173955917358,-0.3621790409088135,0.5247983932495117,0.2418636679649353,-0.36195656657218933,0.5143077373504639,0.243733748793602,-0.36224326491355896,0.608513355255127,0.2795855700969696,-0.16049142181873322,0.49727338552474976,0.2787363827228546,-0.06710809469223022,0.5785616636276245,0.3343442678451538,-0.3494805097579956,0.5245742797851562,0.3323780298233032,-0.32427772879600525,0.7113414406776428,0.5797194242477417,-0.13299623131752014,0.38642582297325134,0.5704607367515564,-0.004013675730675459,0.766544759273529,0.9679404497146606,-0.2533727288246155,0.25996464490890503,0.9043489098548889,-0.35941576957702637,0.6721912622451782,1.1564838886260986,-0.45202797651290894,0.39555683732032776,0.565198540687561,-0.9031639099121094,0.658068060874939,1.245347261428833,-0.5209609866142273,0.4508184492588043,0.48832178115844727,-1.0195826292037964,0.6138169765472412,1.2173011302947998,-0.5189181566238403,0.4643426835536957,0.4589112401008606,-0.957901656627655,0.6125603914260864,1.1857541799545288,-0.4585394859313965,0.45219507813453674,0.48778337240219116,-0.8974054455757141,0.6415954828262329,1.1745654344558716,-0.04783182963728905,0.42136096954345703,1.158659815788269,0.05139932036399841,0.6086395978927612,1.6116809844970703,0.02661304734647274,0.39808404445648193,1.5929266214370728,0.11147774755954742,0.5778629779815674,1.9912772178649902,0.5416594743728638,0.38848620653152466,1.9672529697418213,0.4193834662437439,0.5822569727897644,2.0494813919067383,0.5682828426361084,0.3852853775024414,2.020723342895508,0.4400060772895813,0.5354578495025635,2.118227958679199,0.18414521217346191,0.40716099739074707,2.1173946857452393,0.04339108616113663,0.4246473014354706,0.5096246004104614,0.0,0.43584510684013367,0.47171637415885925,0.00849683117121458,0.45860522985458374,0.44850701093673706,0.005696936044842005,0.47983318567276,0.43802741169929504,0.00038176574162207544,0.4953588843345642,0.42868614196777344,-0.006173279602080584,0.4623124301433563,0.4429675340652466,-0.01644572988152504,0.4868626892566681,0.409117192029953,-0.028564389795064926,0.5002773404121399,0.38849833607673645,-0.03390052542090416,0.5096685886383057,0.3702317178249359,-0.03753073513507843,0.46861812472343445,0.46196508407592773,-0.029833128675818443,0.5056896805763245,0.4282747805118561,-0.04278319701552391,0.5291246771812439,0.40737250447273254,-0.047633662819862366,0.54631507396698,0.38881781697273254,-0.052046895027160645,0.47200971841812134,0.486491322517395,-0.04185161739587784,0.5097859501838684,0.4610286355018616,-0.05433306470513344,0.5337790250778198,0.44369828701019287,-0.05889694392681122,0.5518758296966553,0.4276430606842041,-0.06287264823913574,0.47225338220596313,0.5139158368110657,-0.052718985825777054,0.49911028146743774,0.504287600517273,-0.06366276741027832,0.5162977576255798,0.4941643476486206,-0.06764397025108337,0.5308650732040405,0.4828421175479889,-0.07101432979106903
hot,0.5652531385421753,0.3031500577926636,-0.6377788782119751,0.5886600017547607,0.2705491781234741,-0.6008824706077576,0.6026207208633423,0.272044837474823,-0.6007870435714722,0.6142294406890869,0.2742271423339844,-0.6005164980888367,0.547252357006073,0.26912206411361694,-0.5825165510177612,0.5347368717193604,0.2700674831867218,-0.5819746255874634,0.524483323097229,0.2721754312515259,-0.5820788741111755,0.629976212978363,0.2996487617492676,-0.34823077917099,0.5132665038108826,0.2982199788093567,-0.2451786994934082,0.5944816470146179,0.3563944101333618,-0.5484324097633362,0.5383273959159851,0.3506200909614563,-0.5205667614936829,0.7315009832382202,0.587626039981842,-0.2820560336112976,0.41248878836631775,0.5628149509429932,-0.0884765163064003,0.774616539478302,0.9712480902671814,-0.37911456823349,0.26161909103393555,0.8882730007171631,-0.42223986983299255,0.671131432056427,1.0983803272247314,-0.6430752873420715,0.3148730397224426,0.6410958766937256,-1.142590045928955,0.6413663625717163,1.1551477909088135,-0.7211233973503113,0.3072492480278015,0.6003869771957397,-1.2656500339508057,0.6170489192008972,1.1120152473449707,-0.7065327167510986,0.3437134027481079,0.576873242855072,-1.2365957498550415,0.6209901571273804,1.092636227607727,-0.6423984169960022,0.3517038822174072,0.5930078625679016,-1.1518187522888184,0.6577615141868591,1.1788166761398315,-0.05684768036007881,0.42963355779647827,1.1533782482147217,0.06002353876829147,0.6259689331054688,1.6231420040130615,0.17946280539035797,0.4048047661781311,1.6092305183410645,0.3136611878871918,0.6046925187110901,2.0141701698303223,0.841502845287323,0.3937467336654663,2.0024280548095703,0.8163193464279175,0.6096466779708862,2.0704593658447266,0.8839868307113647,0.3897136449813843,2.0549800395965576,0.8575407266616821,0.563541054725647,2.1503472328186035,0.46181613206863403,0.4067540764808655,2.1521925926208496,0.40817537903785706,0.322002649307251,0.6246140003204346,0.0,0.34011298418045044,0.6326645016670227,-0.035991448909044266,0.3507395088672638,0.6320832371711731,-0.05929846689105034,0.36215582489967346,0.619220495223999,-0.07637223601341248,0.3746233284473419,0.6014275550842285,-0.09304141253232956,0.30663448572158813,0.598466694355011,-0.06167874112725258,0.27443763613700867,0.6134161949157715,-0.07995688915252686,0.2519552707672119,0.6291823983192444,-0.09007281064987183,0.23348934948444366,0.6413078904151917,-0.09579576551914215,0.29069942235946655,0.585546612739563,-0.05073349550366402,0.25918054580688477,0.5981939435005188,-0.06709444522857666,0.2377834916114807,0.6157934069633484,-0.07399658858776093,0.2228357195854187,0.6318397521972656,-0.07934574037790298,0.27947700023651123,0.5808519124984741,-0.04028218612074852,0.2512756288051605,0.5904427170753479,-0.053846560418605804,0.23269358277320862,0.6071557402610779,-0.06027569994330406,0.21827958524227142,0.6232770681381226,-0.0650399848818779,0.2709287405014038,0.5819175243377686,-0.03221195191144943,0.24946221709251404,0.5879240036010742,-0.04206574335694313,0.23429328203201294,0.599977433681488,-0.0474112406373024,0.22285020351409912,0.6131569743156433,-0.05156763270497322
hot,0.5692397952079773,0.30328524112701416,-0.6538060307502747,0.594718873500824,0.27082157135009766,-0.6146842241287231,0.6086670160293579,0.27204781770706177,-0.6147486567497253,0.6204171180725098,0.27388495206832886,-0.61452716588974,0.5506876111030579,0.26889514923095703,-0.5965130925178528,0.5372353196144104,0.2698512077331543,-0.5959826111793518,0.5267584323883057,0.27184608578681946,-0.5961896181106567,0.6363332867622375,0.30021435022354126,-0.3436391055583954,0.5154233574867249,0.2974536120891571,-0.23875167965888977,0.599420964717865,0.35714560747146606,-0.5573890209197998,0.5421110391616821,0.3508332371711731,-0.5296607613563538,0.7371023893356323,0.5916036367416382,-0.27093690633773804,0.41250839829444885,0.5630975961685181,-0.07937943935394287,0.7771457433700562,0.9719255566596985,-0.4200785160064697,0.26288434863090515,0.893741250038147,-0.470998615026474,0.6580564379692078,1.065286636352539,-0.7302663922309875,0.32052481174468994,0.6314258575439453,-1.2516469955444336,0.6180315613746643,1.112220048904419,-0.8158294558525085,0.3219982981681824,0.5852910876274109,-1.387545108795166,0.5988291501998901,1.0594819784164429,-0.7886260747909546,0.3501392602920532,0.5619646906852722,-1.3500949144363403,0.6053643226623535,1.0441195964813232,-0.7250615954399109,0.3538437485694885,0.5836401581764221,-1.2595547437667847,0.6607999801635742,1.1836392879486084,-0.060436517000198364,0.4298279881477356,1.1577895879745483,0.06360846012830734,0.6322916746139526,1.6321907043457031,0.15059705078601837,0.40661534667015076,1.6137471199035645,0.381396621465683,0.6148520708084106,2.0300917625427246,0.7715181112289429,0.4000113904476166,2.0123884677886963,0.9341745376586914,0.6209394335746765,2.0858635902404785,0.8096266984939575,0.39571118354797363,2.0637476444244385,0.9811250567436218,0.5719477534294128,2.1677041053771973,0.36233845353126526,0.4167076051235199,2.1648497581481934,0.5253916382789612,0.2895512282848358,0.6698918342590332,0.0,0.3176421523094177,0.6592320203781128,-0.007070175837725401,0.3392697274684906,0.635415256023407,-0.012831886298954487,0.3523668348789215,0.6172934174537659,-0.0203008521348238,0.36950281262397766,0.6025371551513672,-0.02750851772725582,0.3131657838821411,0.5844534635543823,-0.0047304341569542885,0.2782692611217499,0.6022316813468933,-0.01651051640510559,0.25071045756340027,0.6204234957695007,-0.02462010830640793,0.2272544503211975,0.6355467438697815,-0.028752539306879044,0.2908678650856018,0.5787656307220459,-0.009721487760543823,0.2554374635219574,0.5989779233932495,-0.019745392724871635,0.22894257307052612,0.6188754439353943,-0.025136273354291916,0.20660480856895447,0.6395423412322998,-0.02963186241686344,0.27061888575553894,0.5818210244178772,-0.01619497314095497,0.24045568704605103,0.5989551544189453,-0.026787294074892998,0.21721188724040985,0.6192641854286194,-0.028660783544182777,0.19777259230613708,0.6393054723739624,-0.029591776430606842,0.25266680121421814,0.5923827886581421,-0.024138804525136948,0.23219017684459686,0.5998895168304443,-0.0332433246076107,0.21781109273433685,0.6171266436576843,-0.034135859459638596,0.20387333631515503,0.6351020932197571,-0.033372022211551666
hot,0.5705684423446655,0.3004269599914551,-0.8063145875930786,0.5972119569778442,0.26336681842803955,-0.7646701335906982,0.6109421849250793,0.26511257886886597,-0.7646039128303528,0.6234101057052612,0.26670515537261963,-0.7642616033554077,0.5541191101074219,0.26090240478515625,-0.7576934099197388,0.54095059633255,0.2618287205696106,-0.7573267221450806,0.528876781463623,0.26291054487228394,-0.7575830817222595,0.6403706073760986,0.2917380928993225,-0.4608995020389557,0.5168513655662537,0.2843225598335266,-0.41732901334762573,0.5982652306556702,0.35408782958984375,-0.6946590542793274,0.5425509810447693,0.34781450033187866,-0.6837950348854065,0.7401057481765747,0.5822684168815613,-0.3166373372077942,0.41436219215393066,0.5521368384361267,-0.2497270554304123,0.7793158292770386,0.967411994934082,-0.33249980211257935,0.2888287603855133,0.8679076433181763,-0.6014212965965271,0.6956661343574524,1.151950716972351,-0.5988317728042603,0.2803328335285187,0.7361156940460205,-1.405164361000061,0.6734544038772583,1.2253326177597046,-0.6734858155250549,0.29040002822875977,0.7004085779190063,-1.547100305557251,0.6506168842315674,1.1869564056396484,-0.6936055421829224,0.3158732056617737,0.6544369459152222,-1.546533465385437,0.6506442427635193,1.160284161567688,-0.6135909557342529,0.32874590158462524,0.6605994701385498,-1.4278333187103271,0.6724101901054382,1.1839041709899902,-0.03579118475317955,0.4356690049171448,1.163526177406311,0.039274442940950394,0.6431980133056641,1.6453274488449097,0.15027853846549988,0.41711559891700745,1.6307868957519531,0.25488463044166565,0.6192359328269958,2.0537586212158203,0.7751172780990601,0.4079173505306244,2.0387325286865234,0.7743900418281555,0.6227399110794067,2.1112215518951416,0.8109261393547058,0.40478047728538513,2.094329833984375,0.8143671154975891,0.5768090486526489,2.195301055908203,0.3566921353340149,0.42255330085754395,2.186357021331787,0.33219805359840393,0.3072287440299988,0.7371392250061035,0.0,0.3428175747394562,0.7207438349723816,-0.01750589720904827,0.3808099031448364,0.6779516935348511,-0.038947366178035736,0.4024580717086792,0.6488443613052368,-0.05998630449175835,0.39321961998939514,0.6404233574867249,-0.07935821264982224,0.3434619903564453,0.6067818999290466,-0.0535254143178463,0.36889466643333435,0.6501842737197876,-0.08218167722225189,0.376878023147583,0.6990253925323486,-0.09392066299915314,0.3702106177806854,0.7221754193305969,-0.10004666447639465,0.3111843764781952,0.6121581792831421,-0.061110466718673706,0.34213441610336304,0.6775567531585693,-0.08777248114347458,0.34838953614234924,0.7212666869163513,-0.08647572994232178,0.34046322107315063,0.7424193024635315,-0.08610562980175018,0.28309112787246704,0.6351131200790405,-0.06896693259477615,0.31176385283470154,0.6953437328338623,-0.08947045356035233,0.32099801301956177,0.7361371517181396,-0.08007242530584335,0.31843385100364685,0.75560462474823,-0.07434181869029999,0.25787353515625,0.6652804613113403,-0.07921025902032852,0.2815089225769043,0.713431179523468,-0.0905497595667839,0.29406270384788513,0.7479555010795593,-0.08465378731489182,0.296586811542511,0.7651969194412231,-0.07999109476804733
hot,0.670969545841217,0.28387415409088135,-0.9565716981887817,0.7017090916633606,0.1921001821756363,-0.9784368276596069,0.7195459604263306,0.19147294759750366,-0.9782916903495789,0.7365915179252625,0.19257718324661255,-0.9783771634101868,0.6532439589500427,0.2027154564857483,-0.9354275465011597,0.6391509771347046,0.20751380920410156,-0.9354050755500793,0.6249949932098389,0.2103659063577652,-0.9357431530952454,0.7545633316040039,0.22551792860031128,-0.8377588987350464,0.614657998085022,0.2337471842765808,-0.6233113408088684,0.7094132304191589,0.34849363565444946,-0.8873955011367798,0.6452483534812927,0.3403046727180481,-0.8265681266784668,0.8886618614196777,0.5476511716842651,-0.6523268818855286,0.49982452392578125,0.521578311920166,-0.39468687772750854,0.9094058871269226,0.9874086380004883,-0.5957932472229004,0.30907291173934937,0.922756016254425,-0.7597255110740662,0.9353046417236328,1.3340426683425903,-0.7350364923477173,0.4321556091308594,0.563431441783905,-1.5069825649261475,0.9645103216171265,1.4417730569839478,-0.8003095388412476,0.4967421591281891,0.5014070272445679,-1.6344951391220093,0.9318233728408813,1.4432508945465088,-0.8558093309402466,0.5192558765411377,0.4603821933269501,-1.601494550704956,0.9090606570243835,1.4011479616165161,-0.7620847821235657,0.5033717155456543,0.48592936992645264,-1.5120221376419067,0.7675031423568726,1.1824802160263062,-0.07016327977180481,0.5175225734710693,1.1429195404052734,0.07298096269369125,0.7388699054718018,1.6667730808258057,0.19326739013195038,0.5116595029830933,1.6432489156723022,0.32651862502098083,0.7138497233390808,2.085192918777466,1.0616997480392456,0.49554234743118286,2.0612096786499023,0.9870275259017944,0.7149855494499207,2.152034282684326,1.1232695579528809,0.488943487405777,2.1256470680236816,1.0448426008224487,0.6634572148323059,2.2445859909057617,0.6867068409919739,0.5030035972595215,2.2327427864074707,0.5745512843132019,0.40856218338012695,0.5427917838096619,0.0,0.44796374440193176,0.47836318612098694,0.022260377183556557,0.47766420245170593,0.435130774974823,0.025653285905718803,0.4931681752204895,0.4060651361942291,0.02225010097026825,0.4976555109024048,0.3870939016342163,0.019696785137057304,0.5154022574424744,0.4197345972061157,0.014972292818129063,0.567523717880249,0.3888776898384094,0.011103819124400616,0.5916658639907837,0.3745137155056,0.013261538930237293,0.6069748401641846,0.3572905659675598,0.015822559595108032,0.5156278014183044,0.4415911138057709,-0.004095724783837795,0.5788102149963379,0.4140893518924713,-0.005960038397461176,0.6032361388206482,0.39854514598846436,4.540928784990683e-05,0.6206765174865723,0.3756565749645233,0.003993677441030741,0.5116862058639526,0.47417211532592773,-0.022675389423966408,0.5618942379951477,0.4557519555091858,-0.02658064104616642,0.5843234658241272,0.44072988629341125,-0.023003730922937393,0.598834753036499,0.4221368134021759,-0.020406465977430344,0.5044408440589905,0.514525294303894,-0.04041758179664612,0.537222146987915,0.5133426189422607,-0.04373142495751381,0.5488452315330505,0.5073107481002808,-0.04083036631345749,0.5551885962486267,0.49604910612106323,-0.038105305284261703
hot,0.632716953754425,0.3030274510383606,-0.9935781359672546,0.6768559813499451,0.2492084503173828,-0.9900411367416382,0.6940402984619141,0.25054579973220825,-0.9900213479995728,0.7166085243225098,0.2271241545677185,-0.9904211163520813,0.6243690252304077,0.23777538537979126,-0.9631364941596985,0.612720787525177,0.24015603959560394,-0.9634073376655579,0.6044930219650269,0.24198395013809204,-0.9635750651359558,0.7383807897567749,0.26158958673477173,-0.8561955690383911,0.6006985902786255,0.2746378183364868,-0.7311688661575317,0.6782103180885315,0.35983970761299133,-0.9346061944961548,0.6180158853530884,0.34927552938461304,-0.8979896306991577,0.8469176292419434,0.5291221141815186,-0.7398878931999207,0.5128867030143738,0.47530344128608704,-0.5362750291824341,0.8949252367019653,0.8398758769035339,-0.7856908440589905,0.41290053725242615,0.7037614583969116,-0.8936210870742798,0.8833149671554565,1.1301120519638062,-0.9064871072769165,0.46503233909606934,0.5191760063171387,-1.4922244548797607,0.8975809216499329,1.221067190170288,-0.9749295115470886,0.49649038910865784,0.5024716854095459,-1.594535231590271,0.860339343547821,1.2084017992019653,-1.0006722211837769,0.5048156380653381,0.4399279057979584,-1.5598973035812378,0.843151867389679,1.176485538482666,-0.9175612330436707,0.505494236946106,0.451710045337677,-1.4920228719711304,0.7338632941246033,0.9430109858512878,-0.04473302885890007,0.5783640742301941,0.8961654901504517,0.045046791434288025,0.7490271329879761,1.1256884336471558,-0.027324285358190536,0.5231554508209229,1.048905611038208,0.23790474236011505,0.7191914916038513,1.2643299102783203,0.9365194439888,0.5352185368537903,1.2763144969940186,0.9807851910591125,0.7113873958587646,1.2770867347717285,1.0279760360717773,0.5494699478149414,1.316308856010437,1.0547888278961182,0.7044791579246521,1.4084689617156982,0.9059208035469055,0.5088002681732178,1.4190106391906738,0.9077356457710266,0.456787109375,0.5107710361480713,0.0,0.47093915939331055,0.45612114667892456,0.01374784205108881,0.5003419518470764,0.42178991436958313,0.01173595990985632,0.5278322696685791,0.40529555082321167,0.00542907789349556,0.5460774302482605,0.39441463351249695,-0.0017320973565801978,0.5154874324798584,0.4054732918739319,-0.016846194863319397,0.5502324104309082,0.35050949454307556,-0.03222014009952545,0.5665419101715088,0.3193895220756531,-0.037394799292087555,0.5765095353126526,0.2924225330352783,-0.040504030883312225,0.5216606259346008,0.42749983072280884,-0.035675156861543655,0.5757981538772583,0.3800696134567261,-0.05130152031779289,0.6049953699111938,0.35346001386642456,-0.054177846759557724,0.6260742545127869,0.3290920853614807,-0.05729999393224716,0.5237929224967957,0.4590543508529663,-0.05305076763033867,0.5767540335655212,0.43221381306648254,-0.06883654743432999,0.6100853681564331,0.41656631231307983,-0.07245245575904846,0.6357479095458984,0.4003787636756897,-0.07552321255207062,0.5215317606925964,0.49621614813804626,-0.0691506415605545,0.5580257773399353,0.4896666407585144,-0.08270502835512161,0.5807177424430847,0.4829161465167999,-0.0864817276597023,0.6010663509368896,0.4730641841888428,-0.08932233601808548
hot,0.6403855681419373,0.3313412070274353,-1.244159460067749,0.6640313863754272,0.28220245242118835,-1.2614949941635132,0.6753479242324829,0.2713664174079895,-1.2614538669586182,0.6882888078689575,0.27196770906448364,-1.2621889114379883,0.6325425505638123,0.2858903110027313,-1.2274267673492432,0.624997079372406,0.28500479459762573,-1.2280949354171753,0.6162343621253967,0.2842264175415039,-1.2286555767059326,0.7166893482208252,0.27890390157699585,-1.1481945514678955,0.6193752288818359,0.2854979634284973,-0.9843860864639282,0.6628690361976624,0.3757525086402893,-1.1846610307693481,0.6276657581329346,0.37688976526260376,-1.138757586479187,0.868179202079773,0.5473474264144897,-0.9343928098678589,0.5454452037811279,0.5049104690551758,-0.7675278186798096,0.9011048078536987,0.9047291278839111,-0.8849027752876282,0.3468213677406311,0.9016717672348022,-1.2797073125839233,0.9137625694274902,1.2012200355529785,-0.892168402671814,0.4453626573085785,0.5378493070602417,-2.063601493835449,0.9301053881645203,1.277947187423706,-0.9326894879341125,0.49409669637680054,0.478077232837677,-2.198629140853882,0.9063659906387329,1.27943754196167,-0.9510437250137329,0.501642644405365,0.43976879119873047,-2.154853105545044,0.8888885378837585,1.253419041633606,-0.8969302177429199,0.4871983528137207,0.46086034178733826,-2.0630626678466797,0.7414069175720215,0.9993200898170471,-0.06962402909994125,0.5786279439926147,0.9703717827796936,0.0695849284529686,0.7488479614257812,1.3169529438018799,0.39833182096481323,0.5727187991142273,1.2849020957946777,0.5787079334259033,0.7155386805534363,1.6005915403366089,1.3911995887756348,0.532594621181488,1.589548110961914,1.4391206502914429,0.7181313633918762,1.6397684812545776,1.4780373573303223,0.5331053137779236,1.6440012454986572,1.5224926471710205,0.6631757020950317,1.7521030902862549,1.1888128519058228,0.5123388767242432,1.7294857501983643,1.222430944442749,0.44165968894958496,0.5092108249664307,0.0,0.44918766617774963,0.46432560682296753,0.013287638314068317,0.47155535221099854,0.4343688189983368,0.010406481102108955,0.4883615970611572,0.4174613356590271,0.0030828239396214485,0.4973311722278595,0.40395456552505493,-0.005747578106820583,0.5045976042747498,0.40635642409324646,-0.013702230527997017,0.5451231598854065,0.3596575856208801,-0.0275478083640337,0.5655601620674133,0.3305586576461792,-0.0351201556622982,0.5800650119781494,0.3061198592185974,-0.04071672260761261,0.510751485824585,0.42690229415893555,-0.03213183581829071,0.5653578042984009,0.38385576009750366,-0.04592100530862808,0.5985382795333862,0.35738974809646606,-0.052804525941610336,0.6238619685173035,0.33619868755340576,-0.059396691620349884,0.5141506791114807,0.4579254686832428,-0.048898037523031235,0.5670880079269409,0.4299312233924866,-0.06306220591068268,0.6009882092475891,0.41516730189323425,-0.06990981847047806,0.6267099976539612,0.4017502963542938,-0.0758579894900322,0.5128501057624817,0.4948744475841522,-0.06439246237277985,0.5505803823471069,0.4863530099391937,-0.07785243541002274,0.5740288496017456,0.4771883487701416,-0.08337276428937912,0.59431391954422,0.4661845266819,-0.08796244859695435
hot,0.6680623888969421,0.21112142503261566,-0.8813258409500122,0.6906626224517822,0.13750410079956055,-0.8653944134712219,0.7094569802284241,0.13896393775939941,-0.8654540777206421,0.7268645167350769,0.14142179489135742,-0.8655416369438171,0.6425220966339111,0.14073443412780762,-0.8310812711715698,0.6287167072296143,0.14484238624572754,-0.83043372631073,0.6153569221496582,0.1483057588338852,-0.8307170867919922,0.751289427280426,0.18526887893676758,-0.5986985564231873,0.6117905974388123,0.18767380714416504,-0.4130006432533264,0.7097402811050415,0.2831735610961914,-0.7758776545524597,0.6415985226631165,0.27767688035964966,-0.7237313389778137,0.8910800218582153,0.5326196551322937,-0.4744730591773987,0.49578166007995605,0.5301384925842285,-0.2083679735660553,0.8922390937805176,0.9715570211410522,-0.5172561407089233,0.32928499579429626,0.9301429986953735,-0.674601674079895,0.8714041709899902,1.2790578603744507,-0.7300590872764587,0.37287405133247375,0.6232205629348755,-1.620659589767456,0.8774795532226562,1.377600908279419,-0.8079124689102173,0.3913379907608032,0.5595487356185913,-1.7781999111175537,0.8474322557449341,1.3616414070129395,-0.8277890086174011,0.4101389944553375,0.5218911170959473,-1.756359338760376,0.8339866399765015,1.3237407207489014,-0.7469421029090881,0.40494924783706665,0.5592967867851257,-1.6421724557876587,0.7913559675216675,1.2643545866012573,-0.11675107479095459,0.5105084776878357,1.2381991147994995,0.12060876190662384,0.7516739964485168,1.8234798908233643,0.10994615405797958,0.4915136396884918,1.8146395683288574,0.47990626096725464,0.7302064895629883,2.3204896450042725,0.92174232006073,0.48024940490722656,2.3092122077941895,1.233701467514038,0.7365837693214417,2.391770601272583,0.970537006855011,0.47753578424453735,2.379485845565796,1.3005141019821167,0.6754262447357178,2.4895668029785156,0.4064757823944092,0.4880552291870117,2.487063407897949,0.7138562202453613,0.3739641606807709,0.5261679887771606,0.0,0.41858533024787903,0.5124732255935669,0.004666599445044994,0.4569368362426758,0.48665866255760193,-0.005850878544151783,0.48704993724823,0.4692545235157013,-0.01787753775715828,0.5144503712654114,0.45099955797195435,-0.03136906027793884,0.44374191761016846,0.4588243365287781,-0.04191099479794502,0.4855293035507202,0.4371654987335205,-0.06766524910926819,0.5173927545547485,0.4198762774467468,-0.08350882679224014,0.5428640246391296,0.4062712788581848,-0.09433383494615555,0.433463990688324,0.472996324300766,-0.05740001052618027,0.4771116077899933,0.4523988664150238,-0.08573911339044571,0.5111404657363892,0.4345692992210388,-0.09947282820940018,0.5381929874420166,0.4207625985145569,-0.11007345467805862,0.4225279986858368,0.4965131878852844,-0.07032045722007751,0.4583849608898163,0.4843405783176422,-0.09607915580272675,0.48603054881095886,0.47270166873931885,-0.1063116118311882,0.5096303820610046,0.46267396211624146,-0.11363478749990463,0.4107956290245056,0.5309286117553711,-0.08165469765663147,0.4344002902507782,0.5266216397285461,-0.10323513299226761,0.45258060097694397,0.5200441479682922,-0.11155475676059723,0.4692695140838623,0.513318657875061,-0.11783374845981598
hot,0.641032874584198,0.15411758422851562,-0.8438801765441895,0.6730837821960449,0.11147696524858475,-0.8622013926506042,0.6891592144966125,0.1151266098022461,-0.8620060086250305,0.7076807022094727,0.12047863006591797,-0.8618677258491516,0.6337253451347351,0.10715825110673904,-0.8055011034011841,0.6225658059120178,0.10844838619232178,-0.8055621981620789,0.6102554798126221,0.10963457077741623,-0.8059266209602356,0.7338889837265015,0.17412620782852173,-0.7624913454055786,0.6230506300926208,0.1820068359375,-0.4890223443508148,0.6762964725494385,0.23253941535949707,-0.7984629273414612,0.6176432967185974,0.22300559282302856,-0.7200469970703125,0.8870557546615601,0.550180971622467,-0.5788648724555969,0.49268093705177307,0.5239042043685913,-0.2926138639450073,0.9169477224349976,0.972732663154602,-0.600191056728363,0.3178889751434326,0.9065530300140381,-0.5429086685180664,0.9300600290298462,1.1352964639663696,-0.8721789121627808,0.33993759751319885,0.6217374205589294,-1.373388648033142,0.9427091479301453,1.1931759119033813,-0.9563382863998413,0.3072618842124939,0.5602476000785828,-1.5080862045288086,0.9224174618721008,1.1656413078308105,-0.9857428669929504,0.33409690856933594,0.5312541723251343,-1.5125079154968262,0.9062322378158569,1.14003324508667,-0.8929973840713501,0.3546670079231262,0.5570849180221558,-1.4014707803726196,0.7737302184104919,1.176175832748413,-0.06462080031633377,0.5241015553474426,1.1476114988327026,0.06768759340047836,0.7547075152397156,1.6457302570343018,0.24375732243061066,0.5218619108200073,1.6330101490020752,0.37136372923851013,0.7398415803909302,2.0687429904937744,1.1234095096588135,0.5133335590362549,2.050544023513794,1.0824707746505737,0.7424761056900024,2.1387035846710205,1.1866530179977417,0.5094728469848633,2.114987850189209,1.1433868408203125,0.7014034390449524,2.208065986633301,0.7511464357376099,0.5298622250556946,2.2022464275360107,0.6707488298416138,0.3670736849308014,0.5623915195465088,0.0,0.333615779876709,0.576745331287384,-0.00540580227971077,0.29715386033058167,0.5737665891647339,-0.011709523387253284,0.27336737513542175,0.5676299929618835,-0.018403982743620872,0.2553297281265259,0.5643395185470581,-0.026097014546394348,0.3035055994987488,0.5604208111763,-0.024913158267736435,0.2759331464767456,0.5564758777618408,-0.03839906305074692,0.26164382696151733,0.5513811707496643,-0.04509562626481056,0.24798446893692017,0.5479244589805603,-0.05011564493179321,0.3187125027179718,0.5468833446502686,-0.03172721713781357,0.2924101650714874,0.5319568514823914,-0.047422800213098526,0.27699610590934753,0.5237689018249512,-0.05347238481044769,0.2623029053211212,0.5169285535812378,-0.05851665884256363,0.33915072679519653,0.5336681604385376,-0.03800243139266968,0.32134056091308594,0.5116025805473328,-0.05452810227870941,0.311248242855072,0.496061772108078,-0.05969374626874924,0.29865404963493347,0.48027899861335754,-0.06296484917402267,0.36170393228530884,0.5224456191062927,-0.044397324323654175,0.36066821217536926,0.49409955739974976,-0.05955424904823303,0.3609524071216583,0.47272035479545593,-0.06409957259893417,0.3567759394645691,0.4519544839859009,-0.06647134572267532
hot,0.4716818928718567,0.2422376275062561,-1.126341462135315,0.498582661151886,0.19936460256576538,-1.0863810777664185,0.5128052830696106,0.20051322877407074,-1.086321234703064,0.525143563747406,0.20263618230819702,-1.0859929323196411,0.4506019949913025,0.19974380731582642,-1.0773890018463135,0.4344758987426758,0.20120447874069214,-1.0771796703338623,0.42143186926841736,0.20339727401733398,-1.077542781829834,0.5423762202262878,0.2337929606437683,-0.7826942205429077,0.40426453948020935,0.23300409317016602,-0.7255744934082031,0.5020660758018494,0.2989963889122009,-1.0123716592788696,0.44016188383102417,0.3001258969306946,-0.9969488382339478,0.6491975784301758,0.5272196531295776,-0.6017804145812988,0.300357460975647,0.5535746812820435,-0.4932437837123871,0.701138973236084,0.9372547268867493,-0.6384689211845398,0.23857572674751282,0.9425540566444397,-0.67768794298172,0.6463990211486816,1.0821647644042969,-1.0121124982833862,0.2990724444389343,0.912119448184967,-1.3464996814727783,0.6399789452552795,1.1544629335403442,-1.1309800148010254,0.3332872986793518,0.9287611842155457,-1.4771932363510132,0.6061937808990479,1.117465853691101,-1.1537296772003174,0.3545905649662018,0.8674408197402954,-1.4879193305969238,0.600907564163208,1.0872949361801147,-1.030990719795227,0.348580539226532,0.8570371866226196,-1.3655775785446167,0.5793832540512085,1.0591408014297485,-0.07294958084821701,0.36713558435440063,1.1149150133132935,0.07678769528865814,0.5930755734443665,1.5434744358062744,0.11652777343988419,0.37831103801727295,1.5536847114562988,0.3954639434814453,0.5907583832740784,1.9194897413253784,0.819405734539032,0.3886953592300415,1.9190375804901123,1.0567327737808228,0.599838376045227,1.9845256805419922,0.8615326881408691,0.3848226070404053,1.9843844175338745,1.112062931060791,0.5468133687973022,2.070828437805176,0.40004295110702515,0.41289982199668884,2.0644326210021973,0.6511464715003967,0.3325519263744354,0.9008513689041138,0.0,0.35934412479400635,0.8777428269386292,-0.010195349343121052,0.3887704312801361,0.861676812171936,-0.025768307968974113,0.4141707420349121,0.8487560749053955,-0.040947698056697845,0.43246912956237793,0.8248201012611389,-0.0570751428604126,0.34870076179504395,0.8651738166809082,-0.0534774586558342,0.35708174109458923,0.8850586414337158,-0.07144404202699661,0.36580193042755127,0.9054075479507446,-0.07740086317062378,0.37352922558784485,0.9202738404273987,-0.08022628724575043,0.3258972465991974,0.8917094469070435,-0.05763110890984535,0.33469337224960327,0.9245021343231201,-0.07668048143386841,0.3415244221687317,0.9440463781356812,-0.07666798681020737,0.3456793427467346,0.9588744044303894,-0.0768069177865982,0.31048280000686646,0.9208571910858154,-0.058433983474969864,0.31788450479507446,0.959332287311554,-0.07487248629331589,0.32465559244155884,0.9795677065849304,-0.06948868185281754,0.3268308937549591,0.9941529631614685,-0.06562434136867523,0.3015379309654236,0.9481672644615173,-0.059237271547317505,0.302452951669693,0.9849702715873718,-0.06996050477027893,0.3044429421424866,1.0066702365875244,-0.06657060980796814,0.3027396500110626,1.022689938545227,-0.0636662095785141
hot,0.4739501476287842,0.24282771348953247,-0.7375043630599976,0.5036987066268921,0.19891439378261566,-0.7255687117576599,0.5189411640167236,0.20099514722824097,-0.7256232500076294,0.5330653786659241,0.20425666868686676,-0.7254281044006348,0.462821900844574,0.19900774955749512,-0.6846521496772766,0.4520307183265686,0.20060515403747559,-0.6843059659004211,0.4419797956943512,0.20215624570846558,-0.684639036655426,0.5523858666419983,0.24158596992492676,-0.5267528295516968,0.43737244606018066,0.23419488966464996,-0.3161734640598297,0.5061232447624207,0.30843162536621094,-0.6625751852989197,0.44926247000694275,0.3014254570007324,-0.6031466126441956,0.6638293266296387,0.5262905359268188,-0.45700159668922424,0.34345459938049316,0.5289482474327087,-0.18019647896289825,0.7127932906150818,0.9360476732254028,-0.549412727355957,0.25526344776153564,0.9132311344146729,-0.6148325800895691,0.6350800395011902,1.167823314666748,-0.7429455518722534,0.3408776521682739,0.5848706364631653,-1.3554984331130981,0.6289341449737549,1.2564494609832764,-0.8189586400985718,0.38462647795677185,0.5124009251594543,-1.4886690378189087,0.5991677045822144,1.2357696294784546,-0.8264007568359375,0.3998486399650574,0.4770144820213318,-1.4507642984390259,0.5924385786056519,1.2036113739013672,-0.7511543035507202,0.38905400037765503,0.5027704834938049,-1.3621225357055664,0.6155061721801758,1.1574963331222534,-0.11569547653198242,0.3837577998638153,1.1508506536483765,0.11869637668132782,0.5989863276481628,1.629863977432251,0.10814432799816132,0.39124780893325806,1.6340680122375488,0.4147682785987854,0.5946947336196899,2.044489622116089,0.8546449542045593,0.39722952246665955,2.0438661575317383,1.0418778657913208,0.6030614376068115,2.1050801277160645,0.9018696546554565,0.3974297344684601,2.103358268737793,1.0973814725875854,0.5489716529846191,2.1823089122772217,0.43328896164894104,0.3945048451423645,2.181131601333618,0.6235460042953491,0.35752612352371216,0.5299274325370789,0.0,0.35837069153785706,0.48733997344970703,0.005887779872864485,0.37807726860046387,0.45204851031303406,0.0032071885652840137,0.40110334753990173,0.4306604266166687,-0.0007358808652497828,0.4186175465583801,0.41421276330947876,-0.0055720447562634945,0.38783523440361023,0.44557860493659973,-0.02039721980690956,0.4108979403972626,0.39640992879867554,-0.03169669955968857,0.4250151813030243,0.3670825958251953,-0.03509199991822243,0.4347757399082184,0.3423110842704773,-0.037213534116744995,0.4021395146846771,0.4666144847869873,-0.030443642288446426,0.44200992584228516,0.4227255582809448,-0.04244743287563324,0.46823063492774963,0.39426037669181824,-0.04609597846865654,0.4868573546409607,0.37084105610847473,-0.04963380843400955,0.4132682681083679,0.4936358332633972,-0.03893345221877098,0.4554978609085083,0.46302083134651184,-0.051629941910505295,0.4825754165649414,0.4416884183883667,-0.0570027232170105,0.5022430419921875,0.42265480756759644,-0.061159420758485794,0.42043760418891907,0.5235980153083801,-0.04615144431591034,0.45289063453674316,0.5101504325866699,-0.05762419104576111,0.47346752882003784,0.4998379349708557,-0.06286311894655228,0.49095645546913147,0.48803025484085083,-0.06687770783901215
hot,0.47809475660324097,0.24174636602401733,-0.8099949955940247,0.507446825504303,0.20213399827480316,-0.7914620041847229,0.5226587057113647,0.20445238053798676,-0.7915042042732239,0.5367206335067749,0.20766359567642212,-0.7913548350334167,0.4658604562282562,0.19965988397598267,-0.7523203492164612,0.4549090266227722,0.20049530267715454,-0.75179123878479,0.4448964595794678,0.20122623443603516,-0.7519915103912354,0.555081307888031,0.24130624532699585,-0.5557878613471985,0.44030386209487915,0.23411355912685394,-0.3498842716217041,0.5089255571365356,0.30752384662628174,-0.7217575907707214,0.4517379403114319,0.2984454333782196,-0.6637635231018066,0.6681009531021118,0.5338135361671448,-0.46342355012893677,0.34633195400238037,0.532085657119751,-0.1985221803188324,0.7147724032402039,0.9441920518875122,-0.5648683905601501,0.25394243001937866,0.9236804246902466,-0.6230184435844421,0.625662088394165,1.1847480535507202,-0.7978073358535767,0.33137422800064087,0.6026598215103149,-1.4100390672683716,0.6145322918891907,1.2722179889678955,-0.8863731622695923,0.37312233448028564,0.5345255732536316,-1.5534555912017822,0.5820784568786621,1.2512390613555908,-0.8884609341621399,0.3891289532184601,0.48984724283218384,-1.5275611877441406,0.5766262412071228,1.2183308601379395,-0.8053494691848755,0.37693989276885986,0.5168222784996033,-1.4225335121154785,0.6147105097770691,1.1665629148483276,-0.11738045513629913,0.3861869275569916,1.158892035484314,0.12028683722019196,0.5987477898597717,1.6484205722808838,0.1453050822019577,0.39369580149650574,1.6552557945251465,0.4665890336036682,0.5957704782485962,2.0712342262268066,0.9316450953483582,0.39824020862579346,2.0777809619903564,1.1493759155273438,0.6036160588264465,2.1322684288024902,0.9822689294815063,0.39861053228378296,2.139050006866455,1.2105910778045654,0.5524272918701172,2.2118477821350098,0.49000486731529236,0.3953799605369568,2.2168989181518555,0.7058024406433105,0.3588518500328064,0.5302402973175049,0.0,0.3627948462963104,0.48695361614227295,0.00849283579736948,0.3840692937374115,0.45414796471595764,0.006275080610066652,0.40794703364372253,0.43646296858787537,0.0025146559346467257,0.42680275440216064,0.42504313588142395,-0.002337512793019414,0.3915254771709442,0.447624146938324,-0.020514043048024178,0.41412830352783203,0.4008307456970215,-0.031562142074108124,0.4305250644683838,0.3729487359523773,-0.035103216767311096,0.4421558976173401,0.34936055541038513,-0.03750426322221756,0.4037742614746094,0.4703485071659088,-0.031691424548625946,0.44222044944763184,0.42704543471336365,-0.043745189905166626,0.4690677225589752,0.3997155725955963,-0.0472264364361763,0.4877837002277374,0.377639502286911,-0.05066842958331108,0.41322189569473267,0.4984268546104431,-0.04079105705022812,0.4548172950744629,0.4686923623085022,-0.05290092155337334,0.4821389615535736,0.4483951926231384,-0.057401832193136215,0.5015211701393127,0.43073317408561707,-0.06115211546421051,0.4189383387565613,0.5286456942558289,-0.0483337864279747,0.45174095034599304,0.5160108804702759,-0.05920354649424553,0.471495658159256,0.5053327679634094,-0.06355314701795578,0.48792019486427307,0.4933052659034729,-0.06707804650068283
hot,0.5073053240776062,0.25740885734558105,-0.9713370203971863,0.5327290892601013,0.21791768074035645,-0.9277623295783997,0.5476129055023193,0.21948552131652832,-0.92784184217453,0.5608940720558167,0.2215786576271057,-0.92743980884552,0.4861554503440857,0.21466946601867676,-0.9086268544197083,0.4726584851741791,0.21459192037582397,-0.9081519842147827,0.4611423909664154,0.2156689167022705,-0.9083380699157715,0.5775899887084961,0.24775443971157074,-0.5937474966049194,0.44477683305740356,0.24289709329605103,-0.4830962121486664,0.5390904545783997,0.31759339570999146,-0.8499702215194702,0.47658592462539673,0.3107993006706238,-0.8195538520812988,0.6774762868881226,0.5414333939552307,-0.4550817608833313,0.33919909596443176,0.5540412068367004,-0.26030293107032776,0.7209622263908386,0.952306866645813,-0.5223032236099243,0.22731921076774597,0.943998396396637,-0.6882352232933044,0.6602169871330261,1.1526120901107788,-0.8489669561386108,0.2794850170612335,0.63114333152771,-1.5701154470443726,0.65079665184021,1.2311761379241943,-0.949992299079895,0.3078693747520447,0.5752999186515808,-1.7264997959136963,0.6230518817901611,1.2008304595947266,-0.9614979028701782,0.3259267807006836,0.5408784747123718,-1.707342505455017,0.616003155708313,1.1734553575515747,-0.8629053831100464,0.3217628300189972,0.5606629252433777,-1.5856832265853882,0.6297030448913574,1.1803704500198364,-0.09173019230365753,0.3848035931587219,1.1747373342514038,0.09521318972110748,0.612229585647583,1.6569130420684814,0.18192750215530396,0.385248601436615,1.661077618598938,0.4637517035007477,0.6040734052658081,2.065396785736084,0.9814597964286804,0.3881714344024658,2.06677508354187,1.1776659488677979,0.6115410327911377,2.1259841918945312,1.030884027481079,0.38459309935569763,2.12577486038208,1.2399345636367798,0.5617084503173828,2.211538791656494,0.5213273763656616,0.40230733156204224,2.2169950008392334,0.710302472114563,0.24952420592308044,0.6149141192436218,0.0,0.2860841155052185,0.5985962152481079,0.0004519341164268553,0.3147822916507721,0.5723076462745667,-0.01000479981303215,0.337274432182312,0.5539349913597107,-0.022947832942008972,0.358714759349823,0.5395592451095581,-0.03745699301362038,0.3039152920246124,0.5435635447502136,-0.031369809061288834,0.3359750509262085,0.5240105986595154,-0.05317850410938263,0.3597230613231659,0.5127123594284058,-0.06688299030065536,0.38070181012153625,0.5036122798919678,-0.0761156678199768,0.2907281816005707,0.5488395094871521,-0.044233933091163635,0.32530009746551514,0.5324448347091675,-0.0680413693189621,0.34916651248931885,0.5229628682136536,-0.07951796054840088,0.3693406283855438,0.514909029006958,-0.08781706541776657,0.27586624026298523,0.5628631711006165,-0.05605018511414528,0.3037712275981903,0.5533220171928406,-0.0784105435013771,0.3244587481021881,0.5515066981315613,-0.08654612302780151,0.3436911106109619,0.5492849349975586,-0.09169801324605942,0.26282402873039246,0.5854317545890808,-0.06724482774734497,0.2777726650238037,0.5878934264183044,-0.08457965403795242,0.28919312357902527,0.5916851162910461,-0.08947016298770905,0.30110183358192444,0.5937209725379944,-0.09280595928430557
hot,0.5072160363197327,0.24539732933044434,-0.7447031736373901,0.5349242687225342,0.21244782209396362,-0.7096410393714905,0.5507323741912842,0.21567058563232422,-0.7094954252243042,0.5638266801834106,0.21907907724380493,-0.7095801830291748,0.4878524839878082,0.20604930818080902,-0.701288640499115,0.4750218987464905,0.205305814743042,-0.7009239792823792,0.46430104970932007,0.20493775606155396,-0.7010524868965149,0.5803124904632568,0.24929748475551605,-0.48569875955581665,0.45109763741493225,0.23415197432041168,-0.42611241340637207,0.5390878319740295,0.3030815124511719,-0.6617770791053772,0.474604070186615,0.2939600944519043,-0.6447708010673523,0.6828913688659668,0.5445933938026428,-0.41026005148887634,0.33850863575935364,0.5466567277908325,-0.32218626141548157,0.7159041166305542,0.9427217841148376,-0.39762458205223083,0.27084654569625854,0.9219999313354492,-0.20986731350421906,0.6611294746398926,1.2133209705352783,-0.5692780613899231,0.26009953022003174,1.1710093021392822,-0.4298436641693115,0.6675444841384888,1.3092175722122192,-0.6505981683731079,0.23937277495861053,1.2455857992172241,-0.49370044469833374,0.6198456287384033,1.3019849061965942,-0.6789670586585999,0.26264524459838867,1.2465684413909912,-0.5625126957893372,0.6150822043418884,1.2619012594223022,-0.5888487100601196,0.2769783139228821,1.2152317762374878,-0.4686086177825928,0.6167522072792053,1.1666215658187866,-0.06474114209413528,0.38444462418556213,1.161644458770752,0.06852074712514877,0.5910099744796753,1.652156949043274,0.11945207417011261,0.3846498727798462,1.6581401824951172,0.28046974539756775,0.5750471949577332,2.0703039169311523,0.8020265698432922,0.37423035502433777,2.0696208477020264,0.7689457535743713,0.5802791118621826,2.147103786468506,0.8494385480880737,0.3676552176475525,2.1431164741516113,0.8096944689750671,0.5285834074020386,2.216261386871338,0.45867639780044556,0.39363864064216614,2.223583221435547,0.38697341084480286,0.22398823499679565,0.6758651733398438,0.0,0.24907660484313965,0.6728630065917969,-0.02525007538497448,0.2675406038761139,0.6544844508171082,-0.03960251435637474,0.28069400787353516,0.6328902244567871,-0.051302600651979446,0.2989217936992645,0.6123606562614441,-0.06219032034277916,0.23093679547309875,0.6083683967590332,-0.031829774379730225,0.18828627467155457,0.6349128484725952,-0.04591851681470871,0.16058331727981567,0.6598686575889587,-0.053635552525520325,0.1373922973871231,0.6778664588928223,-0.057682543992996216,0.203663170337677,0.6045961380004883,-0.027238432317972183,0.16406549513339996,0.6374949812889099,-0.03895892575383186,0.14107850193977356,0.6635435223579407,-0.04329419136047363,0.12326860427856445,0.685476541519165,-0.04735790193080902,0.18319924175739288,0.6091351509094238,-0.024145623669028282,0.14860020577907562,0.6368951201438904,-0.03710813447833061,0.12749937176704407,0.6612532138824463,-0.04094308614730835,0.1109398752450943,0.6820193529129028,-0.04337714985013008,0.16686475276947021,0.6205703616142273,-0.02336028404533863,0.14364001154899597,0.6375128030776978,-0.03468330577015877,0.13065077364444733,0.6576359868049622,-0.03820215165615082,0.11936387419700623,0.6765316724777222,-0.039551131427288055
hot,0.5171422958374023,0.2441093921661377,-0.6488873958587646,0.5423938632011414,0.20971570909023285,-0.6070152521133423,0.5569864511489868,0.2123330682516098,-0.6068969368934631,0.5690416097640991,0.2152712345123291,-0.6069583892822266,0.49654561281204224,0.20492826402187347,-0.6049293279647827,0.4832748472690582,0.2048688530921936,-0.6045955419540405,0.4721333086490631,0.2053208351135254,-0.604796290397644,0.5838233232498169,0.24419277906417847,-0.3738057017326355,0.4559343457221985,0.2343384176492691,-0.34444060921669006,0.5466077327728271,0.3022359013557434,-0.5646782517433167,0.4843268394470215,0.29576295614242554,-0.5562660694122314,0.6839615106582642,0.5431369543075562,-0.3010486662387848,0.3412535488605499,0.5483785271644592,-0.26372191309928894,0.7178966999053955,0.9348505139350891,-0.30126357078552246,0.26316744089126587,0.9181725382804871,-0.22204656898975372,0.654589831829071,1.1691880226135254,-0.5147260427474976,0.2516486942768097,1.1334866285324097,-0.5248042941093445,0.6574850678443909,1.2593234777450562,-0.600098729133606,0.23085443675518036,1.206054925918579,-0.6010163426399231,0.6146905422210693,1.24388587474823,-0.6277918815612793,0.2560209631919861,1.1951794624328613,-0.6663348078727722,0.610268771648407,1.2080681324005127,-0.5351377725601196,0.27134960889816284,1.1664255857467651,-0.563313364982605,0.6140540838241577,1.1613255739212036,-0.04524713382124901,0.3837054371833801,1.1526122093200684,0.04901810735464096,0.5816226601600647,1.6333552598953247,0.11109266430139542,0.37409907579421997,1.6313230991363525,0.2096497267484665,0.5562182664871216,2.039097547531128,0.7211838364601135,0.35896819829940796,2.029475688934326,0.6415008306503296,0.5597854852676392,2.111910104751587,0.7606849074363708,0.35150542855262756,2.0995006561279297,0.6760693192481995,0.50966477394104,2.1835756301879883,0.38505470752716064,0.38066285848617554,2.183469295501709,0.2685621678829193,0.2286299169063568,0.6789646148681641,0.0,0.25344178080558777,0.6702292561531067,-0.026679715141654015,0.2706228196620941,0.649272084236145,-0.042324602603912354,0.27983197569847107,0.6285812258720398,-0.05353991314768791,0.2926448583602905,0.6064984202384949,-0.06349079310894012,0.22125543653964996,0.6057941317558289,-0.04019567742943764,0.18024830520153046,0.6400551795959473,-0.053067032247781754,0.15102019906044006,0.6609421968460083,-0.05988225340843201,0.12376651167869568,0.6789379715919495,-0.06338120996952057,0.19430029392242432,0.6015814542770386,-0.033380601555109024,0.15904220938682556,0.6381951570510864,-0.04279327392578125,0.1343301683664322,0.663543701171875,-0.044659052044153214,0.11250224709510803,0.685765266418457,-0.04760739579796791,0.17553791403770447,0.6065740585327148,-0.027506526559591293,0.14434024691581726,0.6374636292457581,-0.03708769008517265,0.12170104682445526,0.6622462272644043,-0.039797525852918625,0.1020050197839737,0.6834907531738281,-0.04237635061144829,0.16085556149482727,0.6212844848632812,-0.023956650868058205,0.13853834569454193,0.640877902507782,-0.03285057470202446,0.12250913679599762,0.658743143081665,-0.0356079526245594,0.1093253493309021,0.6749944686889648,-0.037048615515232086
hot,0.5552965998649597,0.24785518646240234,-0.7980813384056091,0.5848484635353088,0.1670611947774887,-0.7965746521949768,0.6020944118499756,0.1687026023864746,-0.7964106798171997,0.6183822751045227,0.17185711860656738,-0.7963435649871826,0.541640043258667,0.1720406413078308,-0.7611662149429321,0.5282394289970398,0.17636853456497192,-0.7611013650894165,0.5152813196182251,0.17990773916244507,-0.7614425420761108,0.6435882449150085,0.21301406621932983,-0.6277781128883362,0.5062026977539062,0.21604885160923004,-0.44734081625938416,0.5929674506187439,0.31099188327789307,-0.7286449074745178,0.5326987504959106,0.31495875120162964,-0.6775192022323608,0.7836156487464905,0.5358791351318359,-0.4841884970664978,0.4088137745857239,0.5248550772666931,-0.28598353266716003,0.8160589337348938,0.9580928683280945,-0.43953514099121094,0.27445098757743835,0.944823682308197,-0.5997193455696106,0.8305579423904419,1.2504596710205078,-0.5875744223594666,0.35909271240234375,0.5445126295089722,-1.230913519859314,0.852672278881073,1.3501609563827515,-0.6481269001960754,0.41263455152511597,0.468619167804718,-1.3523679971694946,0.8186323046684265,1.349904179573059,-0.6919122934341431,0.429945170879364,0.432026743888855,-1.314329743385315,0.7993102073669434,1.3106276988983154,-0.6116948127746582,0.4206980764865875,0.461079865694046,-1.2335134744644165,0.6799397468566895,1.086101770401001,-0.05725749582052231,0.46374455094337463,1.0634346008300781,0.06001212075352669,0.6744546294212341,1.5976827144622803,0.1977899819612503,0.45527592301368713,1.5968533754348755,0.3093957304954529,0.6674087047576904,1.991241693496704,1.0515518188476562,0.4599752426147461,1.9876734018325806,0.9524699449539185,0.6725622415542603,2.0548815727233887,1.114242672920227,0.4596782326698303,2.046886920928955,1.009152889251709,0.6288461685180664,2.1400649547576904,0.7050004601478577,0.4732804298400879,2.1509134769439697,0.5543309450149536,0.38470545411109924,0.4833628535270691,0.0,0.3982696533203125,0.44140782952308655,0.005345609039068222,0.42649737000465393,0.4139062166213989,-0.00408547418192029,0.45232948660850525,0.3993384838104248,-0.01450166292488575,0.472460001707077,0.3865741789340973,-0.026871711015701294,0.4236590266227722,0.4029957950115204,-0.04123286157846451,0.45872005820274353,0.3672252893447876,-0.06367997080087662,0.4837709069252014,0.34010711312294006,-0.07766318321228027,0.5043583512306213,0.3143129348754883,-0.08761380612850189,0.425779789686203,0.42885151505470276,-0.05606086924672127,0.4738752245903015,0.39682403206825256,-0.07877851277589798,0.5082083344459534,0.3757745325565338,-0.09063888341188431,0.536247968673706,0.3546006679534912,-0.10095925629138947,0.4275979697704315,0.4613875448703766,-0.06810145825147629,0.4732380509376526,0.4336596131324768,-0.08926266431808472,0.5046995282173157,0.41505229473114014,-0.09968868643045425,0.5298200845718384,0.39583030343055725,-0.10826493799686432,0.4273909330368042,0.4967869520187378,-0.07812522351741791,0.4578731060028076,0.48517099022865295,-0.09636326879262924,0.4786525368690491,0.47486695647239685,-0.10401677340269089,0.4971042573451996,0.46296271681785583,-0.11064936965703964
hot,0.5564179420471191,0.19259309768676758,-0.959549069404602,0.5794814825057983,0.13195645809173584,-0.9421148300170898,0.5975893139839172,0.13390588760375977,-0.9419783353805542,0.615363597869873,0.13662052154541016,-0.9417873620986938,0.5362471342086792,0.13258302211761475,-0.9068055152893066,0.5233920812606812,0.13567137718200684,-0.9066838026046753,0.5104108452796936,0.13861536979675293,-0.9071367383003235,0.6435211896896362,0.1822386384010315,-0.6953465342521667,0.5021923184394836,0.18621383607387543,-0.5151734948158264,0.5969863533973694,0.2748981714248657,-0.86555415391922,0.5357582569122314,0.2662002444267273,-0.8144887685775757,0.7900234460830688,0.5370548367500305,-0.5311123728752136,0.40578287839889526,0.5244753956794739,-0.33460408449172974,0.8084373474121094,0.9718552231788635,-0.48243847489356995,0.275192528963089,0.9429864883422852,-0.7553698420524597,0.7958271503448486,1.2805629968643188,-0.6547027230262756,0.32909131050109863,0.5709104537963867,-1.5464129447937012,0.8037971258163452,1.3781791925430298,-0.7198067903518677,0.3882859945297241,0.503539502620697,-1.69510018825531,0.7742125391960144,1.3667389154434204,-0.7562777996063232,0.4070112705230713,0.46458327770233154,-1.6581676006317139,0.7595902681350708,1.326470971107483,-0.6758671402931213,0.3942680358886719,0.48610085248947144,-1.5538614988327026,0.7204391956329346,1.2103304862976074,-0.08094338327646255,0.46263423562049866,1.2050923109054565,0.08343891054391861,0.7055100798606873,1.720321774482727,0.18543466925621033,0.47143954038619995,1.7270374298095703,0.31528428196907043,0.699356198310852,2.172136068344116,1.048972725868225,0.47688406705856323,2.1735284328460693,0.9874399900436401,0.706916093826294,2.236849784851074,1.1057347059249878,0.47803622484207153,2.236194133758545,1.0444841384887695,0.6558910012245178,2.330867290496826,0.602043628692627,0.48045793175697327,2.334158420562744,0.4998498558998108,0.34354180097579956,0.5136430263519287,0.0,0.3729686141014099,0.4634762406349182,0.012369516305625439,0.41072267293930054,0.43329715728759766,0.011882970109581947,0.43911057710647583,0.4194214940071106,0.0065950145944952965,0.4611258804798126,0.4056548774242401,0.0006972693954594433,0.42534640431404114,0.43316736817359924,0.0009765218710526824,0.4566885530948639,0.4079706072807312,-0.010744028724730015,0.4742913544178009,0.3912130892276764,-0.017457816749811172,0.4867887496948242,0.3741607069969177,-0.021938515827059746,0.4253977835178375,0.4541743993759155,-0.015948470681905746,0.464282363653183,0.43236303329467773,-0.027509570121765137,0.48621562123298645,0.4167743921279907,-0.03309120237827301,0.503123939037323,0.3980356454849243,-0.03817852586507797,0.41856303811073303,0.48252421617507935,-0.032834332436323166,0.451905757188797,0.4673156440258026,-0.045634299516677856,0.472879022359848,0.45561012625694275,-0.050511185079813004,0.4907715916633606,0.44162774085998535,-0.054495591670274734,0.4053972363471985,0.5162492394447327,-0.04894835874438286,0.42190834879875183,0.5096195340156555,-0.05986936762928963,0.4291648864746094,0.5037309527397156,-0.06280845403671265,0.436428427696228,0.49647635221481323,-0.06522306799888611
