name,0.47517210245132446,0.15386629104614258,-0.9803739786148071,0.5026021599769592,0.1058080866932869,-0.9295194745063782,0.5204628109931946,0.1060604378581047,-0.9290614128112793,0.5363084077835083,0.10607296973466873,-0.9282776117324829,0.4480411410331726,0.1044243574142456,-0.9231284260749817,0.43267861008644104,0.10515463352203369,-0.9237052798271179,0.419956773519516,0.1060745045542717,-0.9236065745353699,0.5624022483825684,0.12752526998519897,-0.6177924871444702,0.4021199345588684,0.1347970962524414,-0.5828927755355835,0.5108444690704346,0.2142164707183838,-0.862895131111145,0.4457431435585022,0.21455377340316772,-0.8544124364852905,0.6801847815513611,0.4480355381965637,-0.4769362509250641,0.28068220615386963,0.4527016282081604,-0.3618524670600891,0.7507672309875488,0.9496194124221802,-0.7386401891708374,0.12036869674921036,0.9358007907867432,-0.7039612531661987,0.6014396548271179,0.7092045545578003,-1.1921788454055786,0.3148473799228668,0.6300210952758789,-1.3451348543167114,0.5453335642814636,0.6469663381576538,-1.2736704349517822,0.37331628799438477,0.5624583959579468,-1.4331629276275635,0.5473690032958984,0.5807103514671326,-1.1877902746200562,0.39489132165908813,0.5255125164985657,-1.3520309925079346,0.5546197891235352,0.5966599583625793,-1.1607887744903564,0.3902576267719269,0.544289231300354,-1.3263415098190308,0.6053072214126587,1.039307713508606,-0.023001214489340782,0.36831456422805786,1.0301151275634766,0.02699214778840542,0.6254656314849854,1.5441690683364868,0.1982598453760147,0.37868738174438477,1.5587960481643677,0.41429275274276733,0.6313350200653076,1.928164005279541,0.8796623945236206,0.39834627509117126,1.9367746114730835,1.0311576128005981,0.6396602392196655,2.0004820823669434,0.9269573092460632,0.39495354890823364,2.010875701904297,1.0856995582580566,0.5997430682182312,2.099289655685425,0.5176642537117004,0.42806801199913025,2.0995359420776367,0.6592317223548889,0.6288347840309143,0.665549099445343,0.0,0.6066194772720337,0.593302845954895,0.0027783485129475594,0.57341068983078,0.5359230637550354,-0.009626802988350391,0.5453173518180847,0.5035807490348816,-0.025453666225075722,0.5223009586334229,0.48529088497161865,-0.040998779237270355,0.5710189342498779,0.5317902565002441,-0.03504018858075142,0.5234061479568481,0.5095290541648865,-0.06002979353070259,0.5000529885292053,0.5036138892173767,-0.06979268044233322,0.48239389061927795,0.4937419295310974,-0.0752582922577858,0.5738059282302856,0.5698868632316589,-0.05244230106472969,0.5191302299499512,0.5529178977012634,-0.08078290522098541,0.48973023891448975,0.5433246493339539,-0.08453010022640228,0.46758002042770386,0.5323129296302795,-0.08635783195495605,0.575442910194397,0.6154953837394714,-0.0684465616941452,0.519199013710022,0.6144227385520935,-0.09248669445514679,0.49511444568634033,0.6257585287094116,-0.0838601216673851,0.4810579717159271,0.63288414478302,-0.07631859928369522,0.5767675638198853,0.6610270738601685,-0.08476866781711578,0.5288825631141663,0.6645015478134155,-0.10318014025688171,0.5050486922264099,0.6678214073181152,-0.09854866564273834,0.48874446749687195,0.6689785718917847,-0.09281107783317566
name,0.4709039628505707,0.15733684599399567,-0.8516660928726196,0.498532235622406,0.10508472472429276,-0.8022176027297974,0.515845000743866,0.10442841053009033,-0.8019886016845703,0.5298499464988708,0.10407155007123947,-0.8013622164726257,0.4440789818763733,0.10597717761993408,-0.7971623539924622,0.4278538227081299,0.10655736923217773,-0.7976584434509277,0.41408663988113403,0.10683482140302658,-0.7976341843605042,0.5489778518676758,0.12347495555877686,-0.49893277883529663,0.3902202844619751,0.129094660282135,-0.4662052094936371,0.5022444128990173,0.2185344696044922,-0.7366250157356262,0.4371194839477539,0.21450519561767578,-0.7284126281738281,0.6619203090667725,0.4423601031303406,-0.3524927496910095,0.27287566661834717,0.4501439929008484,-0.24808743596076965,0.7351317405700684,0.9416331052780151,-0.6080687642097473,0.10706520080566406,0.9201486110687256,-0.6031367778778076,0.5874204635620117,0.6980108618736267,-1.087746262550354,0.3024902939796448,0.6182435750961304,-1.2756577730178833,0.5255210995674133,0.618669331073761,-1.1700518131256104,0.36675122380256653,0.5526726245880127,-1.3670519590377808,0.5340090990066528,0.552792489528656,-1.0834920406341553,0.3901309669017792,0.5273597240447998,-1.2857122421264648,0.5447385907173157,0.5745151042938232,-1.0565299987792969,0.3851940929889679,0.5486848950386047,-1.2571617364883423,0.5856969356536865,1.0498989820480347,-0.022425400093197823,0.34319305419921875,1.0496597290039062,0.0256175734102726,0.5880599617958069,1.5730563402175903,0.22032813727855682,0.3467608690261841,1.5765522718429565,0.38497039675712585,0.5897176265716553,1.9688746929168701,0.8804519772529602,0.359041303396225,1.9639761447906494,0.9313570857048035,0.5964195728302002,2.0425591468811035,0.9278002977371216,0.35315701365470886,2.0362794399261475,0.9819608926773071,0.5589784979820251,2.1295957565307617,0.5501306653022766,0.38838517665863037,2.1207027435302734,0.5921335816383362,0.28152748942375183,0.506510853767395,0.0,0.3112730085849762,0.4538663625717163,0.0006276576314121485,0.35988694429397583,0.42939141392707825,-0.012052156962454319,0.39925137162208557,0.4323723316192627,-0.026242755353450775,0.42348307371139526,0.44748175144195557,-0.040528323501348495,0.3954753875732422,0.4387850761413574,-0.0416581816971302,0.46526622772216797,0.43160226941108704,-0.06236620992422104,0.5100566744804382,0.4239257872104645,-0.07269633561372757,0.5451550483703613,0.41693222522735596,-0.07945438474416733,0.39780300855636597,0.4810490608215332,-0.05248074233531952,0.4695312976837158,0.4831703305244446,-0.07202822715044022,0.5135936141014099,0.48073655366897583,-0.07443595677614212,0.5468716621398926,0.47758749127388,-0.0765133798122406,0.39129647612571716,0.5281790494918823,-0.06079708784818649,0.43990111351013184,0.5365253686904907,-0.07192176580429077,0.4305264949798584,0.5415933132171631,-0.05904535949230194,0.41745418310165405,0.543856680393219,-0.05019187554717064,0.3801485002040863,0.5690683126449585,-0.07033627480268478,0.4107985198497772,0.5753202438354492,-0.07908698171377182,0.4018065929412842,0.5757802724838257,-0.07171911746263504,0.391989529132843,0.5779482126235962,-0.06471317261457443
name,0.4732434153556824,0.14856399595737457,-0.9640223383903503,0.49835580587387085,0.0971517562866211,-0.9164854884147644,0.5147321224212646,0.09641020745038986,-0.9162017703056335,0.5284861326217651,0.09559488296508789,-0.9153688549995422,0.4449945092201233,0.09625077247619629,-0.9137250185012817,0.42795243859291077,0.09597104042768478,-0.9140421152114868,0.41287127137184143,0.09533292800188065,-0.9141790270805359,0.5468024611473083,0.11320936679840088,-0.590025007724762,0.39126721024513245,0.11419957131147385,-0.5692307949066162,0.5047102570533752,0.2094634622335434,-0.841360867023468,0.4381335377693176,0.20257353782653809,-0.8363034129142761,0.6626443862915039,0.4389875531196594,-0.4210592210292816,0.2632213234901428,0.44233930110931396,-0.3280768096446991,0.7328698635101318,0.9379854798316956,-0.761185348033905,0.11210491508245468,0.9183140993118286,-0.6823616623878479,0.5772677659988403,0.6900289058685303,-1.3708405494689941,0.29208099842071533,0.5761358141899109,-1.3417103290557861,0.5143121480941772,0.6152294874191284,-1.4707409143447876,0.35628601908683777,0.5249843001365662,-1.437564492225647,0.5228850841522217,0.550503134727478,-1.3828344345092773,0.38183093070983887,0.48861217498779297,-1.3528515100479126,0.532791256904602,0.5732641816139221,-1.3421763181686401,0.3734768331050873,0.5060681104660034,-1.3199065923690796,0.5863871574401855,1.0450427532196045,-0.023372692987322807,0.32594847679138184,1.122167944908142,0.026855308562517166,0.6119152903556824,1.61021089553833,0.21190328896045685,0.3506639897823334,1.6295719146728516,0.35928285121917725,0.6218228936195374,2.0516469478607178,0.9121898412704468,0.37161195278167725,2.0557162761688232,0.953374981880188,0.6287106275558472,2.131425380706787,0.9601939916610718,0.3652971386909485,2.1296091079711914,1.0048125982284546,0.5992000699043274,2.215249538421631,0.5279639363288879,0.4077203869819641,2.216153383255005,0.5532336235046387,0.27334511280059814,0.5102636218070984,0.0,0.30599159002304077,0.4573151171207428,0.003275108989328146,0.3595418334007263,0.44391706585884094,-0.006653078831732273,0.4073221683502197,0.4751647710800171,-0.018619118258357048,0.4403112530708313,0.5160388350486755,-0.02999730408191681,0.39441242814064026,0.43823331594467163,-0.03286568820476532,0.4657193720340729,0.42680618166923523,-0.052321746945381165,0.5098171234130859,0.4176144599914551,-0.06195885315537453,0.5439959764480591,0.41004228591918945,-0.06807287782430649,0.39724624156951904,0.4783024191856384,-0.045268915593624115,0.47420746088027954,0.47049814462661743,-0.06373956054449081,0.5236362218856812,0.46504339575767517,-0.06596016883850098,0.5606890916824341,0.4614698588848114,-0.0676787793636322,0.3919703960418701,0.5228761434555054,-0.055904559791088104,0.4447542726993561,0.5270328521728516,-0.06382434070110321,0.4323764741420746,0.5354638695716858,-0.04947107657790184,0.41556406021118164,0.5418407917022705,-0.03991808742284775,0.3817291259765625,0.5639790296554565,-0.06824648380279541,0.40977585315704346,0.559461772441864,-0.07259605079889297,0.39739879965782166,0.5596163272857666,-0.06394936889410019,0.38336312770843506,0.5624340772628784,-0.05667905509471893
name,0.4799169898033142,0.15566033124923706,-0.9443219304084778,0.5043443441390991,0.09832644462585449,-0.8922451138496399,0.5184490084648132,0.09640777111053467,-0.891983687877655,0.5310630798339844,0.09480774402618408,-0.8910847902297974,0.45416006445884705,0.10068333148956299,-0.8912783861160278,0.43342241644859314,0.10044384002685547,-0.8913171887397766,0.41392427682876587,0.10029840469360352,-0.8914155960083008,0.5451937317848206,0.10808610916137695,-0.5373055338859558,0.38098734617233276,0.1176801398396492,-0.527726411819458,0.5039671659469604,0.21349507570266724,-0.8132427930831909,0.442962646484375,0.2148372083902359,-0.8113384246826172,0.6522116661071777,0.4296691119670868,-0.36563992500305176,0.2517271339893341,0.43343544006347656,-0.2495919167995453,0.7196406722068787,0.9316735863685608,-0.7073900699615479,0.10667338222265244,0.9255056381225586,-0.5979732275009155,0.577987015247345,0.6877152919769287,-1.363594651222229,0.27347487211227417,0.5731925368309021,-1.3196285963058472,0.5183589458465576,0.6065449118614197,-1.4730455875396729,0.33717548847198486,0.5344613790512085,-1.4284249544143677,0.5196017622947693,0.5461023449897766,-1.400432825088501,0.36232277750968933,0.48997247219085693,-1.3478401899337769,0.5283064246177673,0.5691408514976501,-1.3430179357528687,0.35252267122268677,0.4993542432785034,-1.3020331859588623,0.576310932636261,1.0470467805862427,-0.038884010165929794,0.3344656527042389,1.0621036291122437,0.04272543266415596,0.6102705597877502,1.6187002658843994,0.11950203031301498,0.35089078545570374,1.6383610963821411,0.30412960052490234,0.6117485761642456,2.0686185359954834,0.7667564749717712,0.3678929805755615,2.0746047496795654,0.8497437238693237,0.6182095408439636,2.141385793685913,0.8052552938461304,0.36051318049430847,2.144551992416382,0.8948715925216675,0.5877388119697571,2.2356672286987305,0.3338523507118225,0.4016047418117523,2.2352144718170166,0.40451470017433167,0.24291174113750458,0.5006576776504517,0.0,0.2737618088722229,0.4301884174346924,0.010463462211191654,0.3243323564529419,0.409444659948349,0.007795481011271477,0.3716413676738739,0.43445998430252075,0.0017876963829621673,0.4007469415664673,0.47567078471183777,-0.0033010097686201334,0.37886330485343933,0.42630821466445923,-0.011170233599841595,0.45546290278434753,0.42018064856529236,-0.0206899493932724,0.5012677907943726,0.4130321741104126,-0.024411628022789955,0.53633713722229,0.40829330682754517,-0.026581134647130966,0.38753557205200195,0.4678201973438263,-0.023128803819417953,0.4633588194847107,0.47539907693862915,-0.02920212596654892,0.5012462735176086,0.4735804498195648,-0.02558990940451622,0.5276848077774048,0.4703969359397888,-0.02422810159623623,0.3850170969963074,0.5127801299095154,-0.03364384174346924,0.43467462062835693,0.5203110575675964,-0.032822418957948685,0.426172137260437,0.5232781767845154,-0.019744835793972015,0.41182079911231995,0.5250263214111328,-0.012061424553394318,0.37570345401763916,0.5525599122047424,-0.04545530304312706,0.40230175852775574,0.5535990595817566,-0.04412645474076271,0.3929000198841095,0.55352783203125,-0.036396339535713196,0.3801078200340271,0.5534954071044922,-0.03031916543841362
name,0.4555094242095947,0.1707509607076645,-0.6961613893508911,0.4818229675292969,0.11601543426513672,-0.6472793817520142,0.49848565459251404,0.115336112678051,-0.6469707489013672,0.5130312442779541,0.11459582298994064,-0.6463373899459839,0.4296204149723053,0.1145826056599617,-0.6437638401985168,0.41282734274864197,0.11406248062849045,-0.6440915465354919,0.3987973630428314,0.1138262078166008,-0.6441857218742371,0.5342762470245361,0.13334816694259644,-0.3622399568557739,0.3731367290019989,0.13645339012145996,-0.3326583504676819,0.4844343662261963,0.22795873880386353,-0.5899640917778015,0.4261914789676666,0.22709907591342926,-0.5830408930778503,0.6432927250862122,0.4488201141357422,-0.24465878307819366,0.2559722661972046,0.4618973135948181,-0.17367185652256012,0.7200947999954224,0.9297798871994019,-0.4941607415676117,0.10194327682256699,0.9502106308937073,-0.5602473616600037,0.5623198747634888,0.7005186080932617,-0.9038783311843872,0.2792239785194397,0.612105667591095,-1.1946629285812378,0.506909191608429,0.6167007088661194,-0.9711222648620605,0.32297778129577637,0.5358846187591553,-1.2747673988342285,0.5120991468429565,0.5483449101448059,-0.8786343336105347,0.3485063314437866,0.5089197158813477,-1.1938904523849487,0.5209431052207947,0.5737146735191345,-0.8699077367782593,0.3455614447593689,0.5325371026992798,-1.1756994724273682,0.5822773575782776,1.0453801155090332,-0.01243522111326456,0.3529297709465027,1.0431960821151733,0.01641254313290119,0.603328287601471,1.5246446132659912,0.04678314924240112,0.3594513535499573,1.5380833148956299,0.2989449203014374,0.6095582246780396,1.9036362171173096,0.6571248173713684,0.38024917244911194,1.9046268463134766,0.85564124584198,0.6178185939788818,1.9735221862792969,0.6972377896308899,0.3737373650074005,1.9751638174057007,0.9044753313064575,0.5809931755065918,2.0668182373046875,0.31673428416252136,0.41934943199157715,2.0607385635375977,0.5080543756484985,0.2389124482870102,0.5104110240936279,0.0,0.2722145915031433,0.43915340304374695,0.013742007315158844,0.3299069404602051,0.41804391145706177,0.011852971278131008,0.382591187953949,0.44753700494766235,0.00572823453694582,0.4148380756378174,0.4919792413711548,0.00021592783741652966,0.37426769733428955,0.42815497517585754,-0.011336678639054298,0.4513455927371979,0.41918015480041504,-0.0207656417042017,0.4960085153579712,0.41061532497406006,-0.02271987870335579,0.5299042463302612,0.4043930172920227,-0.02410455420613289,0.38454362750053406,0.4709325134754181,-0.0272554699331522,0.46658462285995483,0.4600300192832947,-0.037281788885593414,0.5111660957336426,0.44898882508277893,-0.034960582852363586,0.542554497718811,0.4391200840473175,-0.03373058885335922,0.3852100074291229,0.5178470015525818,-0.04128769785165787,0.44542860984802246,0.5115635395050049,-0.04277850687503815,0.42948925495147705,0.5183039307594299,-0.027228502556681633,0.40850138664245605,0.5230712294578552,-0.017419785261154175,0.3784761428833008,0.5619173049926758,-0.05640082061290741,0.4135671854019165,0.5479295253753662,-0.05561826005578041,0.40129372477531433,0.5481557250022888,-0.045954424887895584,0.38464075326919556,0.5517828464508057,-0.038537777960300446
name,0.4660194516181946,0.15947259962558746,-1.0596266984939575,0.4923055171966553,0.10475575923919678,-1.0189284086227417,0.5087493658065796,0.10307104140520096,-1.0186952352523804,0.5234347581863403,0.10126321762800217,-1.0180541276931763,0.44007110595703125,0.10541987419128418,-1.0188469886779785,0.42052769660949707,0.10460364818572998,-1.0191394090652466,0.4045560359954834,0.10374128818511963,-1.0193055868148804,0.542392909526825,0.11510193347930908,-0.7003258466720581,0.3760868012905121,0.11999011039733887,-0.6933674812316895,0.49403172731399536,0.2180551141500473,-0.9377004504203796,0.43309855461120605,0.216913640499115,-0.9366762042045593,0.6486175060272217,0.43320924043655396,-0.5046918392181396,0.25182223320007324,0.44534265995025635,-0.4152575433254242,0.7173758745193481,0.9277855157852173,-0.7471875548362732,0.10844741016626358,0.9364228844642639,-0.7203408479690552,0.5690363645553589,0.6947877407073975,-1.2618104219436646,0.2773659825325012,0.5901153087615967,-1.3610684871673584,0.5103290677070618,0.6198869347572327,-1.3494964838027954,0.3380994200706482,0.5344523191452026,-1.4479421377182007,0.5145434737205505,0.5533369779586792,-1.2700681686401367,0.36210206151008606,0.5036133527755737,-1.3687572479248047,0.5236761569976807,0.5763938426971436,-1.2331795692443848,0.356617271900177,0.52001953125,-1.3385519981384277,0.5825300216674805,1.0435597896575928,-0.021371990442276,0.34479618072509766,1.0482118129730225,0.024811606854200363,0.6227888464927673,1.572655200958252,0.19474656879901886,0.3735656142234802,1.5979171991348267,0.35897377133369446,0.6346014738082886,1.9889380931854248,0.8966938257217407,0.397691011428833,1.9990057945251465,0.9897821545600891,0.6421378254890442,2.063858985900879,0.9452850222587585,0.39180272817611694,2.0716514587402344,1.0450626611709595,0.6148713827133179,2.1545028686523438,0.538478672504425,0.4337293207645416,2.156777858734131,0.6200522184371948,0.24622058868408203,0.520172655582428,0.0,0.28431522846221924,0.44446465373039246,0.011611569672822952,0.3408520221710205,0.42333969473838806,0.007657545153051615,0.388849675655365,0.45056867599487305,0.0013532780576497316,0.4167979657649994,0.48934757709503174,-0.004251815844327211,0.3823116719722748,0.43549832701683044,-0.023255767300724983,0.45816341042518616,0.4228324592113495,-0.03278888016939163,0.501099705696106,0.41429582238197327,-0.03331811726093292,0.5345247983932495,0.4080854654312134,-0.03242676705121994,0.3901156187057495,0.48682084679603577,-0.0349508598446846,0.462178111076355,0.4737083315849304,-0.03996992111206055,0.47745874524116516,0.46721553802490234,-0.029302138835191727,0.4830688536167145,0.4647769331932068,-0.02196786180138588,0.388386070728302,0.5363388061523438,-0.04428568482398987,0.43743035197257996,0.5194447636604309,-0.04162811115384102,0.42043834924697876,0.5156789422035217,-0.023140283301472664,0.4005923867225647,0.5183930397033691,-0.011864879168570042,0.37990814447402954,0.5778990983963013,-0.05444343015551567,0.4105767011642456,0.5521052479743958,-0.0505925677716732,0.39713844656944275,0.5455410480499268,-0.0392548032104969,0.38153064250946045,0.5497851967811584,-0.030776912346482277
name,0.4522187113761902,0.1513940691947937,-1.1189323663711548,0.47946614027023315,0.10443985462188721,-1.0711344480514526,0.4961342215538025,0.10535366088151932,-1.0707849264144897,0.512304425239563,0.10587120056152344,-1.0701522827148438,0.42509347200393677,0.10062486678361893,-1.0682939291000366,0.4057613015174866,0.09983188658952713,-1.0687512159347534,0.390694260597229,0.09988100081682205,-1.0687108039855957,0.5332317352294922,0.1299266815185547,-0.7395384311676025,0.3611488342285156,0.12773287296295166,-0.7230325937271118,0.48232394456863403,0.21413058042526245,-0.9932090044021606,0.41960033774375916,0.2166966050863266,-0.9904859662055969,0.63290935754776,0.44331347942352295,-0.5858739018440247,0.23973944783210754,0.4608074724674225,-0.44156938791275024,0.7043201327323914,0.9296513199806213,-0.8851554989814758,0.09741994738578796,0.9411933422088623,-0.7672846913337708,0.5519994497299194,0.6859275102615356,-1.353739857673645,0.26875022053718567,0.5973163843154907,-1.3715676069259644,0.4925755560398102,0.6281415820121765,-1.440819501876831,0.32415661215782166,0.534024178981781,-1.4457281827926636,0.4957067370414734,0.5633629560470581,-1.34418785572052,0.3467846214771271,0.5028728246688843,-1.3638101816177368,0.5042027235031128,0.5784154534339905,-1.3185011148452759,0.342703640460968,0.5204338431358337,-1.3488374948501587,0.5664463639259338,1.03216552734375,-0.05427387356758118,0.33903566002845764,1.035171389579773,0.05836641043424606,0.584088921546936,1.521981954574585,0.1925641894340515,0.3332791328430176,1.5300381183624268,0.44123464822769165,0.5903778672218323,1.9012229442596436,0.9705926775932312,0.3598301410675049,1.896695613861084,1.1529303789138794,0.5977513194084167,1.9732167720794678,1.02550208568573,0.3563501834869385,1.968298316001892,1.2147083282470703,0.5632987022399902,2.0683531761169434,0.6035756468772888,0.38945895433425903,2.0614333152770996,0.7708260416984558,0.2508072257041931,0.5308043956756592,0.0,0.2899399399757385,0.46591275930404663,0.007047140505164862,0.3461461663246155,0.4458065629005432,0.00023158758995123208,0.3927551209926605,0.47127100825309753,-0.007964889518916607,0.4209962487220764,0.5029429793357849,-0.015130480751395226,0.37484005093574524,0.4473741352558136,-0.03203848376870155,0.45154231786727905,0.42789146304130554,-0.04558385908603668,0.49359846115112305,0.4182949960231781,-0.04716196656227112,0.5261872410774231,0.41236263513565063,-0.04651782661676407,0.38284146785736084,0.49454787373542786,-0.042973704636096954,0.45443329215049744,0.47201260924339294,-0.05208570137619972,0.4698200523853302,0.46375977993011475,-0.04124026373028755,0.47594311833381653,0.4602813124656677,-0.033097248524427414,0.38204988837242126,0.5414485335350037,-0.05202983692288399,0.4292723834514618,0.5215888023376465,-0.05317297205328941,0.41148582100868225,0.5232465863227844,-0.03375229611992836,0.39101481437683105,0.5298507809638977,-0.02083323895931244,0.37523186206817627,0.5821403861045837,-0.0622556172311306,0.40420329570770264,0.5557862520217896,-0.06133276969194412,0.3923851549625397,0.5495597124099731,-0.05037117376923561,0.37837085127830505,0.553821325302124,-0.04153459519147873
name,0.40462297201156616,0.16589194536209106,-1.2628167867660522,0.43289655447006226,0.11218350380659103,-1.205797553062439,0.44996482133865356,0.11171228438615799,-1.2058151960372925,0.46472781896591187,0.11146938800811768,-1.2053229808807373,0.37594684958457947,0.11216527968645096,-1.197922945022583,0.3584369421005249,0.11265737563371658,-1.1981455087661743,0.34474992752075195,0.11334282904863358,-1.1985247135162354,0.48854905366897583,0.13086622953414917,-0.811797022819519,0.3200722932815552,0.13395439088344574,-0.7723965048789978,0.4377232491970062,0.22461523115634918,-1.1163541078567505,0.3725290298461914,0.22882305085659027,-1.107764720916748,0.6011441349983215,0.43831539154052734,-0.632585346698761,0.20569908618927002,0.46409714221954346,-0.40880322456359863,0.6820658445358276,0.9106305241584778,-1.078829050064087,0.06057935953140259,0.9092618227005005,-0.7120635509490967,0.5193979144096375,0.7102864980697632,-1.8089125156402588,0.23357203602790833,0.6222604513168335,-1.4270051717758179,0.4555177092552185,0.6540526151657104,-1.943975806236267,0.291008859872818,0.5759718418121338,-1.5320756435394287,0.459568589925766,0.5855047702789307,-1.8615808486938477,0.31813713908195496,0.5367023944854736,-1.4523481130599976,0.469198077917099,0.5982359647750854,-1.7845289707183838,0.30960187315940857,0.5439090728759766,-1.4073989391326904,0.5488394498825073,1.0203282833099365,-0.08234178274869919,0.33160585165023804,1.0384210348129272,0.08619881421327591,0.575299859046936,1.5625582933425903,0.16635756194591522,0.3278370201587677,1.5794003009796143,0.3158986270427704,0.5782012939453125,1.9523473978042603,1.0989575386047363,0.3533562421798706,1.9622279405593872,1.081032395362854,0.585323691368103,2.019845962524414,1.1648292541503906,0.35023778676986694,2.0298194885253906,1.1419048309326172,0.5485997200012207,2.1240222454071045,0.677194356918335,0.38955771923065186,2.128814697265625,0.6300807595252991,0.23318995535373688,0.5470380783081055,0.0,0.273032546043396,0.5022809505462646,0.003180915489792824,0.3302045464515686,0.4839600920677185,-0.002747342688962817,0.3765130341053009,0.5040922164916992,-0.011902708560228348,0.4055556654930115,0.5285603404045105,-0.02020174078643322,0.3518345057964325,0.4565431773662567,-0.020178204402327538,0.4268578290939331,0.4422726631164551,-0.03475363180041313,0.4685816764831543,0.43572548031806946,-0.0387369804084301,0.5002695918083191,0.42947918176651,-0.04065169394016266,0.353973388671875,0.4863877594470978,-0.03237824887037277,0.4369979202747345,0.4689018726348877,-0.04792403057217598,0.47778084874153137,0.4599945545196533,-0.04727744683623314,0.5047049522399902,0.4465729594230652,-0.04580738767981529,0.3536621332168579,0.5254387855529785,-0.043970659375190735,0.4193335473537445,0.5223109722137451,-0.05403430759906769,0.40659844875335693,0.5370027422904968,-0.04116329923272133,0.38680359721183777,0.545760989189148,-0.030620507895946503,0.34983354806900024,0.56917804479599,-0.057223159819841385,0.3930084705352783,0.5634804964065552,-0.06292910873889923,0.3831946551799774,0.5672428607940674,-0.054724715650081635,0.365398108959198,0.5724849104881287,-0.04688006266951561
name,0.3783947825431824,0.1563521772623062,-0.8634887933731079,0.4046207368373871,0.10835659503936768,-0.8171188235282898,0.4216984808444977,0.1080254316329956,-0.8168765902519226,0.43860799074172974,0.10742943733930588,-0.8163180351257324,0.34947502613067627,0.10923588275909424,-0.8172305822372437,0.3301309645175934,0.11023569107055664,-0.8174816370010376,0.3138718903064728,0.11148326843976974,-0.8175830841064453,0.4579586386680603,0.13216102123260498,-0.5210055112838745,0.2851148247718811,0.14582198858261108,-0.5148758292198181,0.4140683114528656,0.21918922662734985,-0.7525205016136169,0.3490060269832611,0.22542411088943481,-0.752153754234314,0.5753095149993896,0.42956769466400146,-0.39355140924453735,0.17594633996486664,0.46564409136772156,-0.29738351702690125,0.6725449562072754,0.9073718190193176,-0.6062889099121094,0.052808910608291626,0.9134190678596497,-0.5816927552223206,0.5385430455207825,0.6930515766143799,-1.057136058807373,0.2313595712184906,0.6510639190673828,-1.210868000984192,0.4901091456413269,0.6447345018386841,-1.1497950553894043,0.2741968631744385,0.6105076670646667,-1.2978688478469849,0.4876612722873688,0.5812162160873413,-1.081438422203064,0.27466046810150146,0.5486166477203369,-1.2522380352020264,0.49220579862594604,0.5937138795852661,-1.036125898361206,0.26809608936309814,0.5638277530670166,-1.2061173915863037,0.547848105430603,0.9987833499908447,-0.033405985683202744,0.3262544572353363,1.0295648574829102,0.03722456097602844,0.5707892179489136,1.4746452569961548,0.19882884621620178,0.32857856154441833,1.5141737461090088,0.3691615164279938,0.585984468460083,1.859735131263733,0.8875867128372192,0.36312633752822876,1.8768160343170166,0.9852412343025208,0.5961838960647583,1.928051233291626,0.9355865716934204,0.3619258999824524,1.9425861835479736,1.038383960723877,0.5679163932800293,2.0191657543182373,0.5412139892578125,0.40772563219070435,2.029850959777832,0.6144871115684509,0.19704852998256683,0.5561202168464661,0.0,0.2344852238893509,0.4770847260951996,0.007669756654649973,0.28433287143707275,0.44852155447006226,0.0028057992458343506,0.32133474946022034,0.45159822702407837,-0.004203553311526775,0.3387046456336975,0.4656810164451599,-0.01021507941186428,0.3351399302482605,0.47955694794654846,-0.023545226082205772,0.4142024517059326,0.46913060545921326,-0.03187325969338417,0.45784565806388855,0.461426317691803,-0.032773979008197784,0.4918391704559326,0.45694753527641296,-0.03347768634557724,0.3417530059814453,0.5309796333312988,-0.035370051860809326,0.4252546727657318,0.523058295249939,-0.04349273443222046,0.4695383310317993,0.510256290435791,-0.0404793955385685,0.4990786015987396,0.5037634968757629,-0.039332013577222824,0.33889713883399963,0.5828813314437866,-0.04453938081860542,0.3916414678096771,0.5774127840995789,-0.04300905764102936,0.3778238892555237,0.5647352933883667,-0.028170814737677574,0.35951730608940125,0.55875164270401,-0.0197183545678854,0.3288399577140808,0.6251633167266846,-0.055135928094387054,0.3628886938095093,0.6075358390808105,-0.052469443529844284,0.35110265016555786,0.5934116840362549,-0.04328843951225281,0.33614522218704224,0.5891730785369873,-0.036755021661520004
name,0.3782899081707001,0.15973486006259918,-0.9994818568229675,0.4024316370487213,0.11721008270978928,-0.94916170835495,0.42047828435897827,0.11860387772321701,-0.9487964510917664,0.43749159574508667,0.11892950534820557,-0.9482914209365845,0.35064876079559326,0.11168622970581055,-0.953128457069397,0.3328714370727539,0.11088544875383377,-0.9531682133674622,0.31675100326538086,0.11075074225664139,-0.9532840847969055,0.4564369320869446,0.14003270864486694,-0.6217588186264038,0.2853834629058838,0.14163555204868317,-0.6384269595146179,0.41610461473464966,0.22040210664272308,-0.8778507113456726,0.3511141836643219,0.22216826677322388,-0.8837436437606812,0.570733904838562,0.4349208474159241,-0.4740382730960846,0.17048493027687073,0.4657985270023346,-0.3854954242706299,0.6734923720359802,0.9066388010978699,-0.6774332523345947,0.05043342709541321,0.925577700138092,-0.6980704069137573,0.5328689217567444,0.7060571908950806,-1.1187862157821655,0.22191491723060608,0.6488052606582642,-1.3478628396987915,0.47829049825668335,0.6645324230194092,-1.2143511772155762,0.2613922953605652,0.6032441258430481,-1.4419795274734497,0.47902289032936096,0.5959417223930359,-1.1446716785430908,0.2809022068977356,0.5584965944290161,-1.3874620199203491,0.48788100481033325,0.6067251563072205,-1.0965780019760132,0.27202582359313965,0.5685787200927734,-1.3377914428710938,0.5426570773124695,0.9996042847633362,-0.03334888070821762,0.3217720091342926,1.0330148935317993,0.03751708194613457,0.5658484101295471,1.4909825325012207,0.19060096144676208,0.3235049843788147,1.5294277667999268,0.29659178853034973,0.5764361023902893,1.8764668703079224,0.9250098466873169,0.35119014978408813,1.895209550857544,0.9290227890014648,0.586107075214386,1.9453068971633911,0.9747759699821472,0.34898048639297485,1.9636657238006592,0.9794248342514038,0.5585212111473083,2.0380942821502686,0.5549713373184204,0.3904498219490051,2.0507912635803223,0.5240088701248169,0.23698681592941284,0.5683293342590332,0.0,0.25786450505256653,0.5137782692909241,-0.008973971009254456,0.3050485849380493,0.4955848455429077,-0.024200208485126495,0.35040897130966187,0.5253955125808716,-0.03732949495315552,0.3820852041244507,0.5598031878471375,-0.04977976158261299,0.3300555944442749,0.4969841241836548,-0.05224201828241348,0.3996250331401825,0.4821583926677704,-0.07392372190952301,0.44362014532089233,0.4688042402267456,-0.08451095223426819,0.4794829189777374,0.45687171816825867,-0.09166444838047028,0.3359009027481079,0.5404554009437561,-0.057531800121068954,0.4073052704334259,0.5232844352722168,-0.08129226416349411,0.45329177379608154,0.5031347274780273,-0.08680305629968643,0.48858267068862915,0.4884708821773529,-0.09052105993032455,0.3357711732387543,0.5871436595916748,-0.06046954542398453,0.38087964057922363,0.578944206237793,-0.07274699211120605,0.3665139079093933,0.5736169815063477,-0.06107169762253761,0.35086753964424133,0.57023686170578,-0.05296800658106804,0.3313996493816376,0.6283049583435059,-0.065422922372818,0.35503721237182617,0.6106875538825989,-0.07372331619262695,0.34030821919441223,0.60112065076828,-0.06745397299528122,0.32754093408584595,0.5983392596244812,-0.061723850667476654
name,0.37158897519111633,0.1602090448141098,-0.9119618535041809,0.39846253395080566,0.11769645661115646,-0.865799605846405,0.4162662923336029,0.11851603537797928,-0.8658679723739624,0.432752788066864,0.11908180266618729,-0.8657923936843872,0.34554293751716614,0.11342918872833252,-0.8665090799331665,0.32826733589172363,0.11293745040893555,-0.8664714097976685,0.3131501078605652,0.11332786083221436,-0.8668510317802429,0.45340585708618164,0.14500945806503296,-0.5706217288970947,0.28267306089401245,0.1483597755432129,-0.5610042214393616,0.40842634439468384,0.22317522764205933,-0.803292453289032,0.3447694182395935,0.2249709516763687,-0.8024662137031555,0.5665761232376099,0.43324020504951477,-0.4491701126098633,0.17931854724884033,0.4669171869754791,-0.3328770399093628,0.6691415905952454,0.9069133996963501,-0.6078067421913147,0.06270405650138855,0.9120241403579712,-0.5757323503494263,0.5268052816390991,0.7174569368362427,-0.9557425379753113,0.22283141314983368,0.6703907251358032,-1.1457306146621704,0.4669581353664398,0.6636520028114319,-1.0322620868682861,0.26257753372192383,0.6343249082565308,-1.221096396446228,0.4716573655605316,0.5942332744598389,-0.963959813117981,0.2586277723312378,0.5620912313461304,-1.1875249147415161,0.4821769595146179,0.6088531017303467,-0.9291955828666687,0.25431472063064575,0.5833419561386108,-1.1415643692016602,0.5400595664978027,0.9719361066818237,-0.04773245006799698,0.3245640695095062,0.9885924458503723,0.05112867429852486,0.542312502861023,1.4310328960418701,0.10779993236064911,0.3089606761932373,1.456883192062378,0.400942862033844,0.5456548929214478,1.7793787717819214,0.9428104162216187,0.3373708128929138,1.782090425491333,1.2135465145111084,0.5525915026664734,1.8411273956298828,1.0042866468429565,0.3358236849308014,1.8400071859359741,1.28471040725708,0.529455304145813,1.9336769580841064,0.6029658913612366,0.3815673589706421,1.937894582748413,0.8643200993537903,0.21664491295814514,0.5728961229324341,0.0,0.24655160307884216,0.5055047273635864,-0.001751786912791431,0.2891300320625305,0.4512798488140106,-0.01476535014808178,0.31457245349884033,0.40635210275650024,-0.02807370014488697,0.3255191445350647,0.36720484495162964,-0.04128287360072136,0.3281773626804352,0.4932670295238495,-0.046250972896814346,0.4023711681365967,0.47898152470588684,-0.06297145783901215,0.44532620906829834,0.4672708809375763,-0.06816773116588593,0.47850075364112854,0.4589160978794098,-0.07170852273702621,0.33101388812065125,0.5424605011940002,-0.055866874754428864,0.4086487293243408,0.5234903693199158,-0.07404505461454391,0.45476412773132324,0.5025924444198608,-0.07518310099840164,0.48677220940589905,0.4917435348033905,-0.07630264759063721,0.3272024393081665,0.5925477147102356,-0.06227220594882965,0.3774281442165375,0.5774596929550171,-0.06996867060661316,0.3632349371910095,0.5691415071487427,-0.05406532064080238,0.3449764549732208,0.5687309503555298,-0.04384809732437134,0.31839072704315186,0.6341549158096313,-0.07023961842060089,0.3496221899986267,0.6123615503311157,-0.07439015805721283,0.3356974422931671,0.6017001867294312,-0.0643053650856018,0.32086509466171265,0.6037238836288452,-0.05646011605858803
name,0.39028361439704895,0.157639741897583,-1.2378891706466675,0.41359367966651917,0.10830163955688477,-1.1827224493026733,0.4304896295070648,0.10858702659606934,-1.1825917959213257,0.4469941258430481,0.10858481377363205,-1.1821218729019165,0.36468076705932617,0.10457491874694824,-1.1904057264328003,0.34490934014320374,0.10349547863006592,-1.1906273365020752,0.3269328474998474,0.10295963287353516,-1.1909644603729248,0.46597546339035034,0.13137418031692505,-0.807350754737854,0.28907492756843567,0.12501877546310425,-0.8424909710884094,0.42047804594039917,0.22038143873214722,-1.0961915254592896,0.3568325936794281,0.2197851538658142,-1.1078600883483887,0.5744748115539551,0.4332520663738251,-0.5740119218826294,0.17492957413196564,0.4701131582260132,-0.4913144111633301,0.6682848334312439,0.9128042459487915,-0.8575838804244995,0.05027878284454346,0.9274572730064392,-0.47247180342674255,0.5356953144073486,0.7152373790740967,-1.5840169191360474,0.12686392664909363,0.9608672857284546,-0.9728755950927734,0.48667970299720764,0.6660770177841187,-1.7259266376495361,0.15748313069343567,1.0084738731384277,-1.0536924600601196,0.48298779129981995,0.5967901349067688,-1.672255516052246,0.16880469024181366,0.9298467636108398,-1.0584509372711182,0.48969417810440063,0.6063758134841919,-1.5744373798370361,0.17005228996276855,0.9148891568183899,-0.9811447262763977,0.5387876629829407,1.0133217573165894,-0.04258417710661888,0.3153366148471832,1.045486330986023,0.04657065123319626,0.5855114459991455,1.5578044652938843,0.18818296492099762,0.3413066565990448,1.5932409763336182,0.2195749282836914,0.5992777347564697,1.9650208950042725,1.0084052085876465,0.3771202564239502,1.9831068515777588,0.8905768394470215,0.6079626083374023,2.0375866889953613,1.064324975013733,0.3749842345714569,2.053514003753662,0.9420619010925293,0.5769284963607788,2.1377968788146973,0.6091369986534119,0.42590051889419556,2.151294231414795,0.44517308473587036,0.22110196948051453,0.5674073100090027,0.0,0.24160903692245483,0.5157722234725952,-0.007632564753293991,0.29040491580963135,0.49500513076782227,-0.018412457779049873,0.33823537826538086,0.5147318840026855,-0.026898592710494995,0.3703936040401459,0.5454114079475403,-0.03478357940912247,0.32172563672065735,0.4930013418197632,-0.0414627306163311,0.38651859760284424,0.48227831721305847,-0.0576450414955616,0.4281494617462158,0.4713766276836395,-0.06538639962673187,0.46145308017730713,0.45980218052864075,-0.07006591558456421,0.3277566134929657,0.5308021306991577,-0.04367389157414436,0.39241912961006165,0.5180547833442688,-0.05684254691004753,0.43128275871276855,0.5003502368927002,-0.05767102912068367,0.46067512035369873,0.4872618615627289,-0.05921168252825737,0.3258149325847626,0.5739240646362305,-0.04449575021862984,0.36844462156295776,0.57085120677948,-0.052117809653282166,0.36001893877983093,0.5661091208457947,-0.04358511418104172,0.35034608840942383,0.5625354647636414,-0.03779565170407295,0.31973153352737427,0.6120255589485168,-0.0468035526573658,0.3391593098640442,0.6057050824165344,-0.054343558847904205,0.3275724947452545,0.6005669832229614,-0.05056217685341835,0.3180110454559326,0.5989605784416199,-0.04608774185180664
name,0.3838881552219391,0.1669061779975891,-1.3005295991897583,0.41007646918296814,0.11813855171203613,-1.2458316087722778,0.4263288378715515,0.11852085590362549,-1.2458010911941528,0.44269055128097534,0.11851555854082108,-1.2454407215118408,0.35627812147140503,0.1164240837097168,-1.2485734224319458,0.3375677466392517,0.1166759729385376,-1.2490248680114746,0.322252482175827,0.11746370792388916,-1.2493771314620972,0.46436721086502075,0.140035018324852,-0.8640440106391907,0.29474273324012756,0.14636296033859253,-0.8699714541435242,0.415785014629364,0.2291342169046402,-1.1555533409118652,0.35313892364501953,0.23060832917690277,-1.1591511964797974,0.5738129019737244,0.4352211356163025,-0.6409414410591125,0.1790107935667038,0.4798843264579773,-0.5497962832450867,0.6697263717651367,0.9188161492347717,-0.9986246228218079,0.05847623944282532,0.9471315741539001,-0.8240467309951782,0.5245715379714966,0.7116986513137817,-1.7053687572479248,0.2411513775587082,0.6731890439987183,-1.5012279748916626,0.47203755378723145,0.6612706780433655,-1.8381963968276978,0.29723596572875977,0.6293871998786926,-1.609001874923706,0.4750548005104065,0.5920360088348389,-1.7692168951034546,0.3034133017063141,0.5714877843856812,-1.5435254573822021,0.48226428031921387,0.6027603149414062,-1.6865332126617432,0.29725170135498047,0.5831274390220642,-1.484757661819458,0.5429844856262207,1.0792977809906006,-0.041750628501176834,0.27885961532592773,1.1015262603759766,0.04536135122179985,0.550472617149353,1.5481226444244385,0.18110284209251404,0.30337536334991455,1.5613964796066284,0.21844279766082764,0.5506038069725037,1.9348572492599487,1.1389857530593872,0.3208647072315216,1.937520980834961,0.99528568983078,0.5577342510223389,2.0063223838806152,1.2105737924575806,0.31745845079421997,2.0079123973846436,1.0593039989471436,0.5249696969985962,2.1083757877349854,0.7741970419883728,0.3626862168312073,2.1086044311523438,0.582493245601654,0.20979943871498108,0.5772934556007385,0.0,0.24809589982032776,0.5181791186332703,0.001500035054050386,0.3032071590423584,0.49469441175460815,-0.007365947589278221,0.34800049662590027,0.5128173828125,-0.016993297263979912,0.3786719739437103,0.5430558919906616,-0.02541033737361431,0.3347761034965515,0.5020940899848938,-0.03668205067515373,0.4127854108810425,0.48346710205078125,-0.0505976676940918,0.45398688316345215,0.47339391708374023,-0.05337550491094589,0.4862503111362457,0.46745264530181885,-0.054493390023708344,0.3375175893306732,0.5472083687782288,-0.04617462307214737,0.42366719245910645,0.5392107367515564,-0.06075247377157211,0.4627815783023834,0.5367476940155029,-0.05689989775419235,0.4885484278202057,0.5385826826095581,-0.053605932742357254,0.3344898521900177,0.5938319563865662,-0.05322723090648651,0.3971804678440094,0.5825918912887573,-0.05715467035770416,0.3906771242618561,0.5787244439125061,-0.04059185832738876,0.3775447905063629,0.578757643699646,-0.030196210369467735,0.32671281695365906,0.6350846290588379,-0.061829328536987305,0.36744263768196106,0.6134747266769409,-0.062111612409353256,0.3627646565437317,0.6025465130805969,-0.052110422402620316,0.35166633129119873,0.6013069152832031,-0.044603075832128525
name,0.38914433121681213,0.16431760787963867,-1.1731549501419067,0.41276416182518005,0.11713087558746338,-1.1204066276550293,0.4303959906101227,0.11729228496551514,-1.1203545331954956,0.44776687026023865,0.11695892363786697,-1.1200129985809326,0.3592941164970398,0.11415904015302658,-1.1245373487472534,0.33960121870040894,0.11362869292497635,-1.124767541885376,0.32237595319747925,0.11401820182800293,-1.1251627206802368,0.47028249502182007,0.14049625396728516,-0.7625239491462708,0.2902601361274719,0.1442728042602539,-0.7771674394607544,0.4212942123413086,0.2276046872138977,-1.0391262769699097,0.3588114380836487,0.23232364654541016,-1.045014500617981,0.5768539309501648,0.43604522943496704,-0.5535994172096252,0.1829778552055359,0.46958014369010925,-0.4665536880493164,0.6694552898406982,0.9207342267036438,-0.7689363956451416,0.05869719386100769,0.9310678839683533,-0.6594870686531067,0.5364142060279846,0.7242259383201599,-1.3577210903167725,0.16442856192588806,0.7525070309638977,-1.3864482641220093,0.4795912802219391,0.6823701858520508,-1.4801942110061646,0.16040873527526855,0.8384124636650085,-1.4981428384780884,0.4782874584197998,0.60743248462677,-1.4338515996932983,0.1603558212518692,0.7585650682449341,-1.4960391521453857,0.48580384254455566,0.6150161027908325,-1.346934199333191,0.16320641338825226,0.7600000500679016,-1.3991388082504272,0.5435638427734375,1.0017144680023193,-0.03170241042971611,0.3214205205440521,1.0252944231033325,0.03560560941696167,0.5712631344795227,1.4914515018463135,0.2330724000930786,0.3241952657699585,1.516409158706665,0.27517783641815186,0.580098569393158,1.8638066053390503,1.1555328369140625,0.35353484749794006,1.8688678741455078,1.0491831302642822,0.5882167816162109,1.9368984699249268,1.2219719886779785,0.3518320322036743,1.9372481107711792,1.1114941835403442,0.5593066215515137,2.0269434452056885,0.7807981967926025,0.40139704942703247,2.030700206756592,0.6244463324546814,0.23374834656715393,0.5859814882278442,0.0,0.26124390959739685,0.5322966575622559,-0.0012268301798030734,0.3116949200630188,0.5108640789985657,-0.011076729744672775,0.35722070932388306,0.5337272882461548,-0.020464414730668068,0.38553595542907715,0.5611159801483154,-0.029217038303613663,0.3361361026763916,0.5159278512001038,-0.0451529361307621,0.409797340631485,0.49576953053474426,-0.06328697502613068,0.4514925479888916,0.4835726022720337,-0.06840863078832626,0.4834915101528168,0.47531622648239136,-0.07057078182697296,0.3389870524406433,0.5593507289886475,-0.05181509256362915,0.42055755853652954,0.5458817481994629,-0.06911463290452957,0.463061660528183,0.5353114008903503,-0.06585878133773804,0.4930950999259949,0.528008222579956,-0.06305747479200363,0.33679836988449097,0.6022161245346069,-0.0560729093849659,0.39427998661994934,0.5892220139503479,-0.06382107734680176,0.3849194347858429,0.5851492881774902,-0.0471818707883358,0.37089383602142334,0.5854454040527344,-0.03552485629916191,0.33078911900520325,0.6401312947273254,-0.06156754121184349,0.3682582378387451,0.6170639991760254,-0.06606755405664444,0.36263468861579895,0.6074231863021851,-0.05696108564734459,0.3526502549648285,0.6069347858428955,-0.04896802827715874
name,0.5517786145210266,0.2697245478630066,-0.8326689004898071,0.572075605392456,0.22869239747524261,-0.8251102566719055,0.5823891758918762,0.226992666721344,-0.8251346349716187,0.5875557661056519,0.23871499300003052,-0.8256360292434692,0.53713059425354,0.21709537506103516,-0.824090301990509,0.524928867816925,0.23286157846450806,-0.8242769241333008,0.5138299465179443,0.23132146894931793,-0.8247493505477905,0.6013464331626892,0.25301748514175415,-0.6644490361213684,0.5013692378997803,0.24338263273239136,-0.6590195298194885,0.5657262802124023,0.3326103985309601,-0.7585973739624023,0.5263070464134216,0.32900455594062805,-0.7582632899284363,0.6956702470779419,0.45760634541511536,-0.5449405312538147,0.3892037272453308,0.4375002086162567,-0.45234060287475586,0.8226190805435181,0.8152350783348083,-0.7960052490234375,0.32501286268234253,0.7524064779281616,-0.6759921312332153,0.665444016456604,0.6521486639976501,-1.1044491529464722,0.4161522388458252,0.6797834634780884,-1.0084809064865112,0.612632155418396,0.6691423058509827,-1.157286286354065,0.44979128241539,0.6706152558326721,-1.038026213645935,0.6153424978256226,0.6003450751304626,-1.0653287172317505,0.4401385188102722,0.6245272159576416,-0.9962290525436401,0.6136358380317688,0.5975106954574585,-1.0624351501464844,0.44132494926452637,0.6344203948974609,-0.9930388331413269,0.6177053451538086,0.9063400626182556,-0.04616064578294754,0.45007437467575073,0.900748610496521,0.046846963465213776,0.659803569316864,1.0725750923156738,-0.6105020642280579,0.3519231677055359,1.1173111200332642,-0.3436524271965027,0.6147878766059875,1.354297399520874,0.32437053322792053,0.44332653284072876,1.430705189704895,0.319071888923645,0.6032434105873108,1.3737945556640625,0.4130231440067291,0.4659082889556885,1.4627015590667725,0.38222092390060425,0.6132403612136841,1.55171799659729,0.2450442761182785,0.440815269947052,1.6087733507156372,0.1801334172487259,0.34708964824676514,0.5771415829658508,0.0,0.37931180000305176,0.5029257535934448,8.146029722411186e-05,0.4464397728443146,0.4827198088169098,-0.016611993312835693,0.5016908049583435,0.5186722874641418,-0.03368072956800461,0.5379888415336609,0.5588913559913635,-0.0481070950627327,0.43687495589256287,0.4343980550765991,-0.06862813234329224,0.5348132252693176,0.41552093625068665,-0.09718603640794754,0.5634825825691223,0.4426855742931366,-0.09934654086828232,0.5673256516456604,0.4714892506599426,-0.09722823649644852,0.43372637033462524,0.4977463185787201,-0.08534116297960281,0.5410823822021484,0.46486276388168335,-0.1198791116476059,0.5626620650291443,0.48382359743118286,-0.11373724788427353,0.5598008632659912,0.5033214688301086,-0.10340207815170288,0.4303719699382782,0.5662446618080139,-0.09835901856422424,0.5351423025131226,0.5725108981132507,-0.11941675841808319,0.5254588723182678,0.582679808139801,-0.09519491344690323,0.500521183013916,0.5785552859306335,-0.07578868418931961,0.4277718961238861,0.6332861185073853,-0.11191821098327637,0.5078750848770142,0.6353159546852112,-0.12309391051530838,0.5017980933189392,0.6306523084640503,-0.1077185571193695,0.4825248122215271,0.6189058423042297,-0.09384805709123611
name,0.545876681804657,0.3056897521018982,-1.2136636972427368,0.5629633069038391,0.2556192874908447,-1.2219374179840088,0.5745692253112793,0.2547874450683594,-1.2219399213790894,0.5862452387809753,0.2541043758392334,-1.2225292921066284,0.5352486371994019,0.25432491302490234,-1.2195842266082764,0.5248605012893677,0.25287294387817383,-1.2200140953063965,0.5144065618515015,0.25152653455734253,-1.2205018997192383,0.6017407178878784,0.25914931297302246,-1.064592957496643,0.5031355619430542,0.2559159994125366,-1.0583513975143433,0.563652753829956,0.34358274936676025,-1.1362662315368652,0.5262080430984497,0.3420969843864441,-1.1357495784759521,0.6960766315460205,0.4442380368709564,-0.8737081289291382,0.3892199397087097,0.4432980716228485,-0.8033755421638489,0.8303943872451782,0.7996528744697571,-1.2383757829666138,0.3176127076148987,0.7647278308868408,-1.0750377178192139,0.6842523813247681,0.6731312870979309,-1.67522394657135,0.3792310655117035,0.6962117552757263,-1.5247387886047363,0.6248272061347961,0.64714515209198,-1.7609065771102905,0.39773714542388916,0.6804776787757874,-1.5900518894195557,0.6269038915634155,0.5847849249839783,-1.6663520336151123,0.39982590079307556,0.6414415240287781,-1.544264316558838,0.634142279624939,0.6023105382919312,-1.6384446620941162,0.4063315987586975,0.6500108242034912,-1.5123679637908936,0.6290809512138367,0.8873108625411987,-0.017056679353117943,0.46348658204078674,0.8886940479278564,0.017713870853185654,0.6003005504608154,1.1396620273590088,-0.15481480956077576,0.4214419424533844,1.1304905414581299,-0.09203542768955231,0.6170060038566589,1.3028591871261597,0.9944646954536438,0.49925392866134644,1.3548740148544312,0.8653610348701477,0.6178167462348938,1.3114585876464844,1.1055893898010254,0.5159558653831482,1.377522349357605,0.9588848352432251,0.6191166043281555,1.4703468084335327,0.9506502151489258,0.5105269551277161,1.5151313543319702,0.751380205154419,0.34252798557281494,0.5588577389717102,0.0,0.3776516914367676,0.4841634929180145,-0.0008726633386686444,0.4485728144645691,0.4646812677383423,-0.02213054522871971,0.5057609677314758,0.5071694850921631,-0.044697415083646774,0.5377641916275024,0.5416626334190369,-0.06581152975559235,0.4398084878921509,0.40828078985214233,-0.0778849720954895,0.5453749895095825,0.3714544475078583,-0.11175978183746338,0.6064256429672241,0.3617340326309204,-0.123077392578125,0.6492069959640503,0.36085087060928345,-0.12912219762802124,0.42569607496261597,0.4637303650379181,-0.09760992228984833,0.5433924198150635,0.430079847574234,-0.14029470086097717,0.5871129631996155,0.46389535069465637,-0.14063769578933716,0.6084845066070557,0.49819430708885193,-0.13447678089141846,0.41751039028167725,0.5306127667427063,-0.11271005868911743,0.5311921238899231,0.5385802388191223,-0.1388867050409317,0.524840235710144,0.5613462924957275,-0.1145746260881424,0.4998611807823181,0.5652034282684326,-0.09496478736400604,0.41350072622299194,0.6013070344924927,-0.12888315320014954,0.5045499205589294,0.6044635772705078,-0.14128945767879486,0.49932098388671875,0.6050608158111572,-0.12404265999794006,0.473712682723999,0.5976488590240479,-0.10919344425201416
name,0.5627548694610596,0.3076082468032837,-0.8979633450508118,0.5789954662322998,0.2656717896461487,-0.9095131754875183,0.5888205766677856,0.26540136337280273,-0.9095698595046997,0.5987012386322021,0.2652466893196106,-0.9100707173347473,0.5554054975509644,0.2643169164657593,-0.9085646867752075,0.546635091304779,0.2631463408470154,-0.9087187647819519,0.537813127040863,0.2619970440864563,-0.9091434478759766,0.6136702299118042,0.27080094814300537,-0.790009617805481,0.5289688110351562,0.2674883008003235,-0.7853015661239624,0.5775191783905029,0.3414883017539978,-0.8346650004386902,0.5463507771492004,0.33999699354171753,-0.8343237638473511,0.6986044645309448,0.43206068873405457,-0.6605249643325806,0.4283371865749359,0.4108392298221588,-0.6238202452659607,0.7949056625366211,0.7589182257652283,-0.943294882774353,0.3818596303462982,0.7049074172973633,-0.8744856119155884,0.6655195355415344,0.6304270029067993,-1.3204447031021118,0.4981774389743805,0.5954818725585938,-1.1920135021209717,0.6300117373466492,0.627698540687561,-1.4025360345840454,0.5326630473136902,0.570592999458313,-1.2466760873794556,0.6259426474571228,0.5685533285140991,-1.3369951248168945,0.531640887260437,0.5310807228088379,-1.2087212800979614,0.6283615827560425,0.5825594663619995,-1.2972118854522705,0.5295891761779785,0.5466045141220093,-1.1797043085098267,0.630456268787384,0.8535532355308533,-0.01937907189130783,0.4827974736690521,0.8417249321937561,0.019534122198820114,0.6448695063591003,0.9058166146278381,-0.42463797330856323,0.3836197257041931,0.8949405550956726,-0.2761198878288269,0.636565625667572,0.9974106550216675,0.39389196038246155,0.5475727319717407,1.069870114326477,0.36062419414520264,0.6329594850540161,0.9848933815956116,0.48340684175491333,0.5772408246994019,1.0704606771469116,0.434375137090683,0.6401506662368774,1.1171889305114746,0.43870216608047485,0.5756939053535461,1.2014120817184448,0.3668748736381531,0.7406553626060486,0.548871636390686,0.0,0.6941116452217102,0.5345019102096558,-0.0036273160949349403,0.6493468880653381,0.47801679372787476,-0.013579213060438633,0.6221710443496704,0.43337950110435486,-0.026725344359874725,0.5953881144523621,0.40750351548194885,-0.03824614733457565,0.6679999828338623,0.39465808868408203,-0.009896335192024708,0.6476962566375732,0.3578222095966339,-0.03325207903981209,0.6233770847320557,0.3509085774421692,-0.04604799672961235,0.6032106876373291,0.36612316966056824,-0.0527055487036705,0.7031916975975037,0.3810746371746063,-0.0228059533983469,0.6765332221984863,0.40332305431365967,-0.04991040378808975,0.6669443249702454,0.46260401606559753,-0.05284149944782257,0.6641162633895874,0.5137752294540405,-0.05065968632698059,0.7401447296142578,0.3874073624610901,-0.03840182349085808,0.708899736404419,0.4415861666202545,-0.06227731332182884,0.7012750506401062,0.5046593546867371,-0.05564852058887482,0.69898921251297,0.5532341599464417,-0.046994730830192566,0.7769234776496887,0.40896108746528625,-0.05622069165110588,0.7437372207641602,0.45929789543151855,-0.07117617875337601,0.7311083078384399,0.5123087167739868,-0.06664260476827621,0.7260324954986572,0.5511096715927124,-0.060001928359270096
name,0.540395975112915,0.2402154803276062,-1.1045509576797485,0.5636510252952576,0.18797367811203003,-1.088106632232666,0.5783891081809998,0.18936055898666382,-1.0881398916244507,0.5931321382522583,0.1908321976661682,-1.0886110067367554,0.5285962224006653,0.18361228704452515,-1.0809650421142578,0.5154977440834045,0.18171095848083496,-1.081290602684021,0.5023804903030396,0.17988872528076172,-1.0817128419876099,0.615784764289856,0.2151123434305191,-0.8737229108810425,0.49391311407089233,0.19995123147964478,-0.8475341796875,0.5671137571334839,0.29158979654312134,-1.0133705139160156,0.5165215730667114,0.2863800823688507,-1.0066189765930176,0.7130995392799377,0.4574999213218689,-0.6755309700965881,0.3686131238937378,0.459075391292572,-0.6083804368972778,0.7959532737731934,0.8221017718315125,-0.8973286747932434,0.29562562704086304,0.7059193849563599,-0.6925638914108276,0.6833401322364807,0.6411944627761841,-1.293017864227295,0.3481910526752472,0.7693650722503662,-0.997347354888916,0.6387361288070679,0.6479056477546692,-1.371973991394043,0.36620181798934937,0.7973502278327942,-1.0416529178619385,0.6494516134262085,0.5851517915725708,-1.303960919380188,0.37139809131622314,0.7559335827827454,-1.0255593061447144,0.6492782235145569,0.6000348329544067,-1.2653716802597046,0.3772401809692383,0.7520390748977661,-0.9927598237991333,0.6067782640457153,0.9061075448989868,-0.018116869032382965,0.4436187744140625,0.8869714736938477,0.01824612356722355,0.6239532232284546,1.110741138458252,0.014171743765473366,0.4115542471408844,1.0956257581710815,0.08027079701423645,0.597115695476532,1.2746623754501343,1.1288009881973267,0.46982041001319885,1.321541428565979,1.0476781129837036,0.5918576121330261,1.2905361652374268,1.2367053031921387,0.4812641739845276,1.3447996377944946,1.1444759368896484,0.5870110988616943,1.4275057315826416,1.0892541408538818,0.47055625915527344,1.4841386079788208,0.9676912426948547,0.3196774125099182,0.5613138675689697,0.0,0.3492644429206848,0.4729152023792267,-0.007644591853022575,0.418046236038208,0.42405247688293457,-0.027150601148605347,0.48422932624816895,0.4408372938632965,-0.0450991690158844,0.5282936096191406,0.4694198966026306,-0.06255795061588287,0.4192252457141876,0.4163917005062103,-0.08058237284421921,0.5300124883651733,0.378110408782959,-0.11084435135126114,0.5942066311836243,0.3524627685546875,-0.12004170566797256,0.6431843042373657,0.33502840995788574,-0.12469250708818436,0.4261128008365631,0.48172661662101746,-0.0920574888586998,0.5395025014877319,0.4348180890083313,-0.12734881043434143,0.5854240655899048,0.4030095040798187,-0.12561148405075073,0.609786868095398,0.3862130641937256,-0.12098553776741028,0.43258893489837646,0.5492478609085083,-0.0996086522936821,0.5234904885292053,0.5217419862747192,-0.11920762807130814,0.5035423636436462,0.516319990158081,-0.09315875917673111,0.4726290702819824,0.5185014009475708,-0.07380673289299011,0.438616544008255,0.610297441482544,-0.10927918553352356,0.5087753534317017,0.5759410858154297,-0.12005222588777542,0.49348559975624084,0.5657138228416443,-0.10471470654010773,0.4680422842502594,0.5672966837882996,-0.0916559100151062
name,0.5397385954856873,0.30792930722236633,-1.1533254384994507,0.5655813813209534,0.2553890347480774,-1.153045654296875,0.5800885558128357,0.2562422752380371,-1.1529678106307983,0.5946189165115356,0.25724005699157715,-1.1534230709075928,0.5319258570671082,0.24928903579711914,-1.144037127494812,0.5198783874511719,0.24585318565368652,-1.144382119178772,0.507793128490448,0.24252796173095703,-1.1447513103485107,0.618923544883728,0.26429104804992676,-0.9554664492607117,0.5010212659835815,0.24362407624721527,-0.9179336428642273,0.5632064938545227,0.347984254360199,-1.0608365535736084,0.5174105167388916,0.3407207131385803,-1.0513391494750977,0.6955596804618835,0.4615384340286255,-0.7387102842330933,0.3707424998283386,0.444889098405838,-0.6619377136230469,0.7897176146507263,0.7829707860946655,-0.9852513074874878,0.3032883107662201,0.6966649293899536,-0.8758365511894226,0.6754695773124695,0.671892523765564,-1.3023391962051392,0.4033799171447754,0.617095410823822,-1.1915103197097778,0.6325309872627258,0.6498509645462036,-1.356184959411621,0.43570274114608765,0.595056414604187,-1.2273043394088745,0.6376322507858276,0.598022997379303,-1.27508544921875,0.4354768395423889,0.5642430782318115,-1.1611453294754028,0.6392802000045776,0.6121036410331726,-1.2663336992263794,0.4372205138206482,0.5795730352401733,-1.1650288105010986,0.601028561592102,0.8993247151374817,-0.019497137516736984,0.4410608410835266,0.879944384098053,0.019850794225931168,0.5895265936851501,1.1463996171951294,-0.0780615285038948,0.40977174043655396,1.1413666009902954,0.025538235902786255,0.5886845588684082,1.3166835308074951,1.042223334312439,0.4632328152656555,1.3715224266052246,0.9545007944107056,0.5884717106819153,1.3272156715393066,1.1523504257202148,0.47053638100624084,1.3914151191711426,1.0479928255081177,0.5768820643424988,1.4802366495132446,1.0159568786621094,0.48502737283706665,1.5368880033493042,0.8730699419975281,0.7438328266143799,0.5534072518348694,0.0,0.6912501454353333,0.5338860154151917,0.002582956338301301,0.6419017910957336,0.4878503382205963,-0.006698989309370518,0.6156149506568909,0.4463621973991394,-0.020708343014121056,0.5986029505729675,0.419393926858902,-0.03269224613904953,0.6451402306556702,0.3946176767349243,-0.006589541211724281,0.6007499694824219,0.374428927898407,-0.031099941581487656,0.5706440210342407,0.3821577727794647,-0.04260019585490227,0.5485821962356567,0.39628759026527405,-0.04744691774249077,0.67577064037323,0.3759649097919464,-0.023912010714411736,0.6301308870315552,0.37143293023109436,-0.04952923581004143,0.6004616022109985,0.3918166756629944,-0.05572604760527611,0.579683780670166,0.41498395800590515,-0.057781606912612915,0.7113816142082214,0.37315815687179565,-0.043247289955616,0.6729576587677002,0.42523688077926636,-0.06299331039190292,0.6708859801292419,0.4895048141479492,-0.055924057960510254,0.6731833815574646,0.5364090204238892,-0.047249116003513336,0.74880051612854,0.3876323103904724,-0.06467042863368988,0.7111184597015381,0.4433042109012604,-0.07428078353404999,0.7021111249923706,0.49677518010139465,-0.06835906952619553,0.7015365362167358,0.5359758734703064,-0.06146734952926636
name,0.5428054928779602,0.3159208595752716,-0.7155105471611023,0.5695615410804749,0.27738091349601746,-0.7384068965911865,0.5831202268600464,0.27751535177230835,-0.7383707761764526,0.5966554880142212,0.27775809168815613,-0.7386658787727356,0.5357406139373779,0.2738868296146393,-0.7330982089042664,0.5239521861076355,0.27128058671951294,-0.7331172227859497,0.5122047066688538,0.26869189739227295,-0.7332649827003479,0.6223457455635071,0.27972185611724854,-0.6513354778289795,0.5003374218940735,0.2657194137573242,-0.6269090175628662,0.5619792938232422,0.3479290008544922,-0.6623851656913757,0.5214747190475464,0.34291866421699524,-0.6553159952163696,0.6874700784683228,0.39851781725883484,-0.5049470067024231,0.4178484082221985,0.3730615973472595,-0.4351971745491028,0.756401777267456,0.6486256122589111,-0.5038058161735535,0.3555237650871277,0.599242627620697,-0.4796451926231384,0.6831940412521362,0.5824588537216187,-0.5912448763847351,0.41737136244773865,0.6071723699569702,-0.7466403245925903,0.6663615703582764,0.5724936723709106,-0.6056904792785645,0.42553025484085083,0.6143505573272705,-0.7810457944869995,0.6573561429977417,0.5310144424438477,-0.599987268447876,0.4414885640144348,0.5839765071868896,-0.7762816548347473,0.6547556519508362,0.535201370716095,-0.5821804404258728,0.45039018988609314,0.5835270285606384,-0.7464542388916016,0.6027321815490723,0.7273210883140564,-0.023501044139266014,0.4569076895713806,0.7162075638771057,0.023104989901185036,0.652529239654541,0.6959178447723389,-0.08561955392360687,0.34132760763168335,0.6280831098556519,-0.10115368664264679,0.6303738355636597,0.6520453691482544,0.20006516575813293,0.5357133746147156,0.6494570374488831,0.21832528710365295,0.6244480609893799,0.6417068243026733,0.24393728375434875,0.5774517059326172,0.6447669267654419,0.26813632249832153,0.6167222261428833,0.6652108430862427,0.2810331881046295,0.5576933026313782,0.6909288167953491,0.3378213942050934,0.7463411092758179,0.5597301721572876,0.0,0.6941536068916321,0.5333973169326782,-0.0007629257161170244,0.651136040687561,0.4747551679611206,-0.0120614068582654,0.6284914612770081,0.43194255232810974,-0.027985716238617897,0.6056311130523682,0.41005396842956543,-0.041587844491004944,0.6671008467674255,0.38200581073760986,-0.013993904925882816,0.6285377740859985,0.33231619000434875,-0.03784529119729996,0.5998603701591492,0.3395359218120575,-0.048748552799224854,0.5791643857955933,0.361043244600296,-0.053162481635808945,0.7009825110435486,0.370048850774765,-0.027773050591349602,0.6692461371421814,0.3994511365890503,-0.04768757149577141,0.663291871547699,0.4662383794784546,-0.04603978618979454,0.6633997559547424,0.5211105346679688,-0.042728934437036514,0.7369487285614014,0.3788969814777374,-0.04341726750135422,0.7045129537582397,0.4302501082420349,-0.058938220143318176,0.7000301480293274,0.4958311915397644,-0.04965054988861084,0.6989759206771851,0.5450239181518555,-0.04213378578424454,0.7719886898994446,0.3993563652038574,-0.06128421798348427,0.7392961382865906,0.438618004322052,-0.06823889911174774,0.7266404628753662,0.48968425393104553,-0.06054720655083656,0.7204391360282898,0.5296081304550171,-0.05361300706863403
name,0.5453296899795532,0.35592159628868103,-0.6642524600028992,0.5690892934799194,0.3269805908203125,-0.6838651299476624,0.5796760320663452,0.3273169696331024,-0.6839582920074463,0.5902740359306335,0.3277195990085602,-0.6844002604484558,0.5416469573974609,0.3239766061306,-0.6825310587882996,0.532832682132721,0.3225128948688507,-0.6827709674835205,0.5239483118057251,0.3211219906806946,-0.6830750703811646,0.610592782497406,0.3313324749469757,-0.6426482796669006,0.5151620507240295,0.32438504695892334,-0.6402243375778198,0.5591500997543335,0.38232117891311646,-0.6313750743865967,0.5279757976531982,0.3786737322807312,-0.6311683058738708,0.6782684326171875,0.4299411475658417,-0.5281017422676086,0.4204989969730377,0.3978772461414337,-0.4634864926338196,0.771539568901062,0.6321964263916016,-0.3495121896266937,0.3078416883945465,0.5089312791824341,-0.26886290311813354,0.681972324848175,0.6585243940353394,-0.23809337615966797,0.3707279562950134,0.537067174911499,-0.1745523065328598,0.6654037833213806,0.6598936319351196,-0.22851023077964783,0.3767636716365814,0.5449405312538147,-0.14823557436466217,0.650174617767334,0.6255850195884705,-0.21407894790172577,0.39240580797195435,0.525601863861084,-0.14459815621376038,0.6479415893554688,0.6221752166748047,-0.2232690155506134,0.3970450162887573,0.524471640586853,-0.16419130563735962,0.6404285430908203,0.6905535459518433,-0.03136935830116272,0.5011882781982422,0.6620731949806213,0.031123584136366844,0.6584980487823486,0.7834848165512085,0.13440237939357758,0.4345451295375824,0.5512493848800659,0.31418147683143616,0.5892457365989685,0.5785682201385498,0.6632411479949951,0.4774719178676605,0.550876259803772,0.7210845947265625,0.573787271976471,0.5332390069961548,0.7322626113891602,0.49263882637023926,0.5370800495147705,0.7757148742675781,0.5678406953811646,0.5595002770423889,0.8268278241157532,0.4689221978187561,0.5913037061691284,0.8626121282577515,0.7261188626289368,0.5204622149467468,0.0,0.6879108548164368,0.505561351776123,-0.011974126100540161,0.6502158641815186,0.468829870223999,-0.024316608905792236,0.6271412372589111,0.43794405460357666,-0.03755740076303482,0.6043634414672852,0.41954362392425537,-0.04974285513162613,0.656493067741394,0.389666348695755,-0.0230797678232193,0.631501317024231,0.3775244355201721,-0.04769187793135643,0.616089940071106,0.3954887092113495,-0.05964174494147301,0.6047598719596863,0.42038494348526,-0.0652957633137703,0.6919938921928406,0.37706056237220764,-0.0320730097591877,0.6654307246208191,0.38111886382102966,-0.061109643429517746,0.6521406769752502,0.4300960898399353,-0.06747566163539886,0.6450545191764832,0.4795965552330017,-0.06765233725309372,0.7285717725753784,0.38261833786964417,-0.04331936314702034,0.7026776671409607,0.42453643679618835,-0.06999598443508148,0.6936352849006653,0.48651644587516785,-0.06726135313510895,0.6881805062294006,0.5330983996391296,-0.06016075238585472,0.76409912109375,0.4049288034439087,-0.05689990147948265,0.7379715442657471,0.4495920240879059,-0.07529646903276443,0.7229518890380859,0.499779611825943,-0.07391905039548874,0.7127812504768372,0.5368860363960266,-0.068766288459301
name,0.5228481292724609,0.3632146418094635,-0.17560391128063202,0.5135030150413513,0.360371470451355,-0.22511668503284454,0.5099633932113647,0.36360225081443787,-0.22520765662193298,0.5063856840133667,0.36697691679000854,-0.22547569870948792,0.5271017551422119,0.3543761670589447,-0.23128513991832733,0.531899094581604,0.3537871539592743,-0.23126885294914246,0.5367677807807922,0.3531384766101837,-0.23156686127185822,0.5048023462295532,0.3919597864151001,-0.32618260383605957,0.5485073924064636,0.37520208954811096,-0.3561972379684448,0.5219351053237915,0.3862897753715515,-0.1968579739332199,0.5365769267082214,0.3798094689846039,-0.2059963047504425,0.5144088268280029,0.498581200838089,-0.29364094138145447,0.5822635293006897,0.45865508913993835,-0.32863569259643555,0.5082314014434814,0.6803821325302124,-0.20686626434326172,0.6176320314407349,0.6373040676116943,-0.3283259868621826,0.5076043009757996,0.48535382747650146,-0.021434077993035316,0.5907376408576965,0.5102003812789917,-0.26223015785217285,0.4943925738334656,0.43143215775489807,-0.0019294607918709517,0.5801533460617065,0.4682944118976593,-0.24900677800178528,0.5175448060035706,0.41257917881011963,0.007113412953913212,0.5689977407455444,0.46757668256759644,-0.23292961716651917,0.5221807360649109,0.43384960293769836,-0.011573689989745617,0.5784702301025391,0.4844900369644165,-0.251892626285553,0.5269920825958252,0.7758329510688782,-0.005735411308705807,0.5218905210494995,0.7451722025871277,0.006028214935213327,0.45728006958961487,0.7575190663337708,-0.2185901701450348,0.3969823122024536,0.6863654255867004,-0.10971256345510483,0.48319950699806213,0.6942625045776367,0.2675701081752777,0.47651416063308716,0.7457256317138672,0.138833686709404,0.5034307837486267,0.6924424767494202,0.3326410949230194,0.5019856095314026,0.7693895697593689,0.1784563511610031,0.44203513860702515,0.646020233631134,0.4735109210014343,0.4690411686897278,0.736270546913147,0.30278852581977844,0.32902175188064575,0.46805763244628906,0.0,0.32944154739379883,0.44245973229408264,-0.01768767461180687,0.32057008147239685,0.42690420150756836,-0.030632315203547478,0.32013824582099915,0.4394409656524658,-0.04303837940096855,0.32719188928604126,0.4586172103881836,-0.054106440395116806,0.27854612469673157,0.44621512293815613,-0.024662936106324196,0.2722255289554596,0.4629885256290436,-0.04086775705218315,0.28853586316108704,0.4849810302257538,-0.04815678671002388,0.3036794662475586,0.4988831877708435,-0.050966642796993256,0.26811155676841736,0.47677668929100037,-0.023853735998272896,0.2615532875061035,0.4966592490673065,-0.03784159570932388,0.28251051902770996,0.5144181251525879,-0.040586914867162704,0.3011360764503479,0.5224503874778748,-0.04136865586042404,0.2648780345916748,0.5036678910255432,-0.02491587959229946,0.2586788833141327,0.5223760008811951,-0.03732047230005264,0.2788267433643341,0.5348513126373291,-0.03620092198252678,0.2969893515110016,0.5404287576675415,-0.03416889160871506,0.2668035328388214,0.5279364585876465,-0.0280296728014946,0.25917723774909973,0.5436360239982605,-0.035740647464990616,0.2718040943145752,0.5525907278060913,-0.034974176436662674,0.28548070788383484,0.5572027564048767,-0.03323822468519211
name,0.48471957445144653,0.2584148049354553,-0.423727810382843,0.5057856440544128,0.20794939994812012,-0.3974170684814453,0.5192164182662964,0.20840658247470856,-0.39702877402305603,0.5329153537750244,0.20973116159439087,-0.397038072347641,0.4692170023918152,0.21120977401733398,-0.40282994508743286,0.45587357878685,0.21412140130996704,-0.4029625356197357,0.4418618083000183,0.2177734375,-0.4031822085380554,0.5485126376152039,0.23830336332321167,-0.23080773651599884,0.4085717797279358,0.24795818328857422,-0.24407920241355896,0.5056575536727905,0.3111375570297241,-0.3600156605243683,0.4605807662010193,0.3154292106628418,-0.3645417094230652,0.635345995426178,0.5098509192466736,-0.14000098407268524,0.3069666028022766,0.5159468650817871,-0.14763043820858002,0.7348076701164246,0.922678530216217,-0.30435237288475037,0.1835656762123108,0.9153984785079956,-0.4112544059753418,0.6186371445655823,0.6662355661392212,-0.5447086095809937,0.32070428133010864,0.5981664657592773,-0.7694910764694214,0.5764026641845703,0.6100156903266907,-0.5817674994468689,0.36798417568206787,0.5397512912750244,-0.810200035572052,0.5727925300598145,0.5574172139167786,-0.5020197629928589,0.3641577363014221,0.4940720498561859,-0.7547959089279175,0.5703022480010986,0.5889769196510315,-0.5146057605743408,0.36940035223960876,0.5300340056419373,-0.7559173703193665,0.5652176141738892,0.9867804646492004,0.022775467485189438,0.3751395344734192,0.9874868392944336,-0.01974894292652607,0.571566104888916,1.4018467664718628,0.1077347844839096,0.3718714118003845,1.4088118076324463,0.13325457274913788,0.5605838894844055,1.7151118516921997,0.5529776811599731,0.38089102506637573,1.7169034481048584,0.43380650877952576,0.5661525726318359,1.7736445665359497,0.5790501832962036,0.3736378252506256,1.7747029066085815,0.4514610171318054,0.5399762988090515,1.850513219833374,0.28578197956085205,0.4027213454246521,1.84993314743042,0.13384246826171875,0.29128605127334595,0.4697231948375702,0.0,0.2994222640991211,0.4454284906387329,-0.027973739430308342,0.2953067719936371,0.42852213978767395,-0.046380624175071716,0.29357048869132996,0.4355764389038086,-0.061252497136592865,0.29307153820991516,0.4501059353351593,-0.07464282214641571,0.24937988817691803,0.4380558133125305,-0.04094580188393593,0.23896756768226624,0.45461156964302063,-0.06071149930357933,0.2489273101091385,0.4803578853607178,-0.07094188034534454,0.2589641213417053,0.49923649430274963,-0.0758662074804306,0.2371491938829422,0.46627458930015564,-0.03578077629208565,0.22690638899803162,0.48242971301078796,-0.05585414543747902,0.24325595796108246,0.5065951347351074,-0.06273641437292099,0.25878238677978516,0.5227171182632446,-0.06573690474033356,0.23209455609321594,0.49253344535827637,-0.03254994377493858,0.22232478857040405,0.5059159994125366,-0.04947512596845627,0.23824024200439453,0.5254586935043335,-0.051987458020448685,0.2535867989063263,0.5392754077911377,-0.05216046795248985,0.2327813357114792,0.5176681280136108,-0.03178126737475395,0.22442138195037842,0.5277975797653198,-0.04279201477766037,0.23535843193531036,0.5407441854476929,-0.04496639221906662,0.24670088291168213,0.5512834191322327,-0.045449234545230865
name,0.4736061692237854,0.2575186491012573,-0.35453489422798157,0.4954330325126648,0.20950466394424438,-0.33419322967529297,0.5096027851104736,0.2109571099281311,-0.33373305201530457,0.5233978033065796,0.21309822797775269,-0.33392012119293213,0.4575151801109314,0.20997680723667145,-0.33718231320381165,0.44372278451919556,0.21193218231201172,-0.3373303711414337,0.4298272728919983,0.2145506739616394,-0.3376482129096985,0.5401864647865295,0.240074023604393,-0.20583376288414001,0.39684951305389404,0.24150538444519043,-0.2093324363231659,0.4968263506889343,0.3120686709880829,-0.303555428981781,0.4495389461517334,0.3153180480003357,-0.3053811192512512,0.6268595457077026,0.5196793079376221,-0.13370971381664276,0.2952289879322052,0.5244739055633545,-0.13682934641838074,0.7286592125892639,0.9258867502212524,-0.29159578680992126,0.17215898633003235,0.9189224243164062,-0.36364006996154785,0.5963233113288879,0.6496178507804871,-0.5020142197608948,0.31149205565452576,0.606032133102417,-0.6955342888832092,0.5483628511428833,0.5820943117141724,-0.5327283143997192,0.3603232204914093,0.549622118473053,-0.7289423942565918,0.5521293878555298,0.5402137041091919,-0.4563376307487488,0.3583792448043823,0.5048919916152954,-0.6825648546218872,0.550089418888092,0.5781556367874146,-0.47292131185531616,0.3642808198928833,0.5430113077163696,-0.6851984262466431,0.5626983642578125,0.9970267415046692,0.028200674802064896,0.3695567846298218,0.9899118542671204,-0.02521757408976555,0.5756862163543701,1.4144994020462036,0.141397163271904,0.3606416881084442,1.4260609149932861,0.18181945383548737,0.5537934899330139,1.7097508907318115,0.5708730220794678,0.3750472962856293,1.717803716659546,0.45857304334640503,0.5631258487701416,1.7736471891403198,0.5960761904716492,0.3641403913497925,1.7750848531723022,0.4715080261230469,0.5266808867454529,1.8617780208587646,0.32341912388801575,0.3949902355670929,1.865591049194336,0.17002160847187042,0.2993813157081604,0.455469012260437,0.0,0.3008216321468353,0.4344118535518646,-0.030587973073124886,0.2930547893047333,0.42273229360580444,-0.049528587609529495,0.28886833786964417,0.4359588027000427,-0.06381832808256149,0.2881229519844055,0.4555225372314453,-0.07611871510744095,0.24542975425720215,0.43389254808425903,-0.04217220097780228,0.2355644851922989,0.45835965871810913,-0.06130680814385414,0.24453112483024597,0.48683464527130127,-0.07152287662029266,0.2554117441177368,0.5078312158584595,-0.07632963359355927,0.23465275764465332,0.46027499437332153,-0.03479372337460518,0.22514763474464417,0.4838511645793915,-0.05410781502723694,0.2386620044708252,0.5105768442153931,-0.061912331730127335,0.2529769539833069,0.527507483959198,-0.06574016809463501,0.23116014897823334,0.4837343096733093,-0.029499847441911697,0.2229086309671402,0.5027636289596558,-0.04586615413427353,0.2356436848640442,0.5247803926467896,-0.04991699755191803,0.24964462220668793,0.5397724509239197,-0.05110965296626091,0.23299650847911835,0.505711555480957,-0.02682013064622879,0.2249341458082199,0.5186060667037964,-0.03738212585449219,0.23337022960186005,0.5332571864128113,-0.04051601514220238,0.24267971515655518,0.544205367565155,-0.04178565740585327
name,0.47347694635391235,0.25868964195251465,-0.4326058328151703,0.49737414717674255,0.2095353603363037,-0.4109858572483063,0.5114591121673584,0.21114343404769897,-0.4105915129184723,0.5252857804298401,0.21383680403232574,-0.41036921739578247,0.45975542068481445,0.211106538772583,-0.4037128984928131,0.4467926621437073,0.21332526206970215,-0.4038533568382263,0.4329668879508972,0.2163376808166504,-0.40402358770370483,0.5434972047805786,0.24365507066249847,-0.2564382255077362,0.4017154574394226,0.24871744215488434,-0.21120789647102356,0.4942828118801117,0.31369954347610474,-0.37408608198165894,0.44601327180862427,0.3190310299396515,-0.3621923625469208,0.6411199569702148,0.508284330368042,-0.17442545294761658,0.3017633855342865,0.5087313652038574,-0.10442064702510834,0.7350648045539856,0.9200242161750793,-0.3744228482246399,0.1795363426208496,0.9161834716796875,-0.3971734046936035,0.6109388470649719,0.6569356918334961,-0.6293830275535583,0.30220019817352295,0.5972317457199097,-0.8554866909980774,0.5643291473388672,0.597802460193634,-0.6693446636199951,0.3444965183734894,0.5397114157676697,-0.9112929105758667,0.5604168176651001,0.5410301089286804,-0.5862237811088562,0.3442070782184601,0.49542731046676636,-0.8505339622497559,0.55943763256073,0.5714088678359985,-0.5970954298973083,0.3531201481819153,0.5321807861328125,-0.8441057205200195,0.5657224655151367,0.9973304271697998,-0.005168259609490633,0.3746876120567322,0.9916524291038513,0.008531888946890831,0.5708403587341309,1.4151798486709595,0.06715794652700424,0.36345863342285156,1.4265011548995972,0.18870365619659424,0.5621383190155029,1.741650104522705,0.4815208315849304,0.3706108331680298,1.747156023979187,0.48432350158691406,0.568803071975708,1.8034121990203857,0.5034050941467285,0.3643081486225128,1.8064284324645996,0.5029745101928711,0.5371094942092896,1.8771830797195435,0.1988673210144043,0.3937315344810486,1.8856500387191772,0.18304599821567535,0.2940066456794739,0.46286603808403015,0.0,0.2962866723537445,0.45060399174690247,-0.018270090222358704,0.28716814517974854,0.44033482670783997,-0.03029543347656727,0.28342971205711365,0.44928327202796936,-0.04205342382192612,0.2871757745742798,0.46320971846580505,-0.05202857777476311,0.23378200829029083,0.45873555541038513,-0.015170198865234852,0.2256341576576233,0.4829239547252655,-0.02936844527721405,0.23853234946727753,0.5063692331314087,-0.03645165264606476,0.248519167304039,0.5191081762313843,-0.03930739685893059,0.22514468431472778,0.47837087512016296,-0.01400374248623848,0.21768158674240112,0.5021010041236877,-0.02576329931616783,0.23507647216320038,0.5237441658973694,-0.028637804090976715,0.24575360119342804,0.5350496768951416,-0.0292636938393116,0.22320719063282013,0.4978979527950287,-0.015794696286320686,0.21705889701843262,0.5187661647796631,-0.027406863868236542,0.23411981761455536,0.5347244143486023,-0.02736796997487545,0.2454502284526825,0.5413784384727478,-0.025503749027848244,0.22642165422439575,0.5166894793510437,-0.01988860033452511,0.2190380096435547,0.5340356230735779,-0.027135636657476425,0.2291814535856247,0.5466786623001099,-0.02688569575548172,0.23719744384288788,0.5531535744667053,-0.02513568475842476
name,0.5830320715904236,0.24900692701339722,-1.0220710039138794,0.6035594940185547,0.19085663557052612,-1.0035115480422974,0.6169115900993347,0.18932121992111206,-1.003283143043518,0.6295865178108215,0.1885107159614563,-1.0030370950698853,0.5635172128677368,0.1959296613931656,-0.9837342500686646,0.5491911768913269,0.19830764830112457,-0.9839385151863098,0.5354230403900146,0.2006503939628601,-0.9843144416809082,0.6500554084777832,0.20964418351650238,-0.7425148487091064,0.5146827101707458,0.22219806909561157,-0.6396843194961548,0.6068556308746338,0.2986724078655243,-0.9162009358406067,0.5575985312461853,0.300939679145813,-0.8884940147399902,0.7794712781906128,0.49300405383110046,-0.5529949069023132,0.4074324667453766,0.47258198261260986,-0.3677928149700165,0.824400782585144,0.9604372382164001,-0.8268459439277649,0.1828317642211914,0.8384510278701782,-0.7340831756591797,0.6637873649597168,0.700241208076477,-1.207911729812622,0.3443599343299866,0.5461374521255493,-1.368711233139038,0.605943500995636,0.6016702651977539,-1.2740710973739624,0.3653212785720825,0.4648361802101135,-1.4562427997589111,0.6176261305809021,0.5397753119468689,-1.1861178874969482,0.3759619891643524,0.43273574113845825,-1.3814384937286377,0.6192957162857056,0.5673261284828186,-1.1718946695327759,0.38609635829925537,0.47700268030166626,-1.352587342262268,0.6673235297203064,1.0261831283569336,-0.03021087311208248,0.43964529037475586,1.0106664896011353,0.03322400152683258,0.6635030508041382,1.5015705823898315,0.15795503556728363,0.4250526428222656,1.4893947839736938,0.39242908358573914,0.6542608141899109,1.8719375133514404,0.9194172024726868,0.42617908120155334,1.8640369176864624,1.0998783111572266,0.6571236848831177,1.9393219947814941,0.9779976010322571,0.42063626646995544,1.929131031036377,1.161569356918335,0.6211532354354858,2.0258288383483887,0.5776321291923523,0.44509559869766235,2.0239222049713135,0.7384788393974304,0.761062741279602,0.6430830955505371,0.0,0.6982184052467346,0.6040288805961609,0.009993838146328926,0.6485573053359985,0.5409246683120728,0.009260141290724277,0.6287853717803955,0.4862574636936188,0.0011157969711348414,0.6287984848022461,0.45363882184028625,-0.004388963337987661,0.688658595085144,0.44432514905929565,0.02292885072529316,0.6639269590377808,0.40841713547706604,0.010039035230875015,0.6530965566635132,0.43279173970222473,0.004240651614964008,0.649167537689209,0.4598173499107361,0.0027310396544635296,0.7234315276145935,0.43478164076805115,0.006341169588267803,0.6970562934875488,0.4133165180683136,-0.006664908025413752,0.6881360411643982,0.45875120162963867,-0.00971686840057373,0.6872015595436096,0.5053005218505859,-0.008159012533724308,0.7604286670684814,0.43879079818725586,-0.012867797166109085,0.7334588766098022,0.4373917877674103,-0.025977712124586105,0.7242941856384277,0.49569371342658997,-0.02097739838063717,0.7224053740501404,0.5451692342758179,-0.01349467784166336,0.7963341474533081,0.4568425416946411,-0.03321415185928345,0.770876407623291,0.4582385718822479,-0.03869403898715973,0.7592090964317322,0.5077651739120483,-0.03146890178322792,0.7545781135559082,0.5530564785003662,-0.023101475089788437
