never,0.49112850427627563,0.2923944592475891,-1.1968878507614136,0.5159781575202942,0.24820870161056519,-1.1474037170410156,0.5306569337844849,0.24740518629550934,-1.1471915245056152,0.5431009531021118,0.2480311393737793,-1.1467713117599487,0.46444541215896606,0.25287896394729614,-1.1522717475891113,0.44798898696899414,0.25549888610839844,-1.15236234664917,0.4328269362449646,0.25784075260162354,-1.1529319286346436,0.56098473072052,0.2700217068195343,-0.7837239503860474,0.41661080718040466,0.28407466411590576,-0.7964965105056763,0.5249897241592407,0.3462584614753723,-1.0599318742752075,0.45872241258621216,0.3520094156265259,-1.0637240409851074,0.6798683404922485,0.5858517289161682,-0.5010122060775757,0.3101380467414856,0.5759368538856506,-0.6304667592048645,0.7143900990486145,0.9989545345306396,-0.4546428322792053,0.2199389934539795,0.9688534140586853,-0.9802882075309753,0.704941987991333,1.2849055528640747,-0.772293210029602,0.45531949400901794,0.8090360164642334,-1.532636284828186,0.7227512001991272,1.3705284595489502,-0.8428990244865417,0.5407878160476685,0.7729176878929138,-1.651984453201294,0.6960898637771606,1.3543733358383179,-0.8848646283149719,0.547508180141449,0.7263556718826294,-1.595898151397705,0.6775287389755249,1.3172130584716797,-0.7988041043281555,0.5234532952308655,0.7310968637466431,-1.514833688735962,0.5945188999176025,1.2072409391403198,-0.00440239068120718,0.3424414396286011,1.1925557851791382,0.007115168962627649,0.5717833042144775,1.7003605365753174,0.10792795568704605,0.33358603715896606,1.68119215965271,0.1054149642586708,0.5629743337631226,2.127598285675049,0.7341234087944031,0.3382911682128906,2.1088414192199707,0.5688539147377014,0.5684195756912231,2.19095516204834,0.765766978263855,0.3318467140197754,2.170884132385254,0.6000003218650818,0.5305648446083069,2.285886526107788,0.2799431383609772,0.3668982684612274,2.2697362899780273,0.07306614518165588,0.4898747205734253,0.7758026719093323,0.0,0.5071249604225159,0.7271051406860352,0.0025260504335165024,0.5414965748786926,0.7012201547622681,-0.006995010655373335,0.575893759727478,0.6977204084396362,-0.016055388376116753,0.600856363773346,0.6943382620811462,-0.025849658995866776,0.5370122194290161,0.6877385973930359,-0.045212484896183014,0.596620500087738,0.6728684902191162,-0.06176318600773811,0.6282632946968079,0.6645514369010925,-0.06535987555980682,0.6497001051902771,0.655920147895813,-0.06683030724525452,0.5363161563873291,0.7223349213600159,-0.05651778727769852,0.6054145097732544,0.7063248157501221,-0.0765242949128151,0.6460628509521484,0.6965716481208801,-0.0788363665342331,0.6749837398529053,0.6859418749809265,-0.0802282765507698,0.5364349484443665,0.761673629283905,-0.06455375254154205,0.6014870405197144,0.7451978921890259,-0.08188605308532715,0.6403435468673706,0.7331972718238831,-0.08281932026147842,0.6664473414421082,0.7197860479354858,-0.08347943425178528,0.5376637578010559,0.7969525456428528,-0.07110154628753662,0.5841326117515564,0.7867765426635742,-0.08418840169906616,0.6114628911018372,0.7737846374511719,-0.08594553172588348,0.630744993686676,0.7601286172866821,-0.08739995211362839
never,0.4744637906551361,0.28985631465911865,-0.8291465640068054,0.5020052790641785,0.2471594214439392,-0.7783463597297668,0.5169999599456787,0.24730849266052246,-0.7783197164535522,0.5301370620727539,0.24799953401088715,-0.7779824137687683,0.4491400718688965,0.2504124045372009,-0.7728837132453918,0.43280544877052307,0.2518373727798462,-0.7728265523910522,0.4198766350746155,0.2539166212081909,-0.773265540599823,0.5517066717147827,0.27368873357772827,-0.4637410640716553,0.40501850843429565,0.2841600179672241,-0.42744144797325134,0.5135612487792969,0.34557369351387024,-0.7155077457427979,0.441641241312027,0.34762704372406006,-0.7066874504089355,0.673140287399292,0.5848786234855652,-0.3197966516017914,0.29290837049484253,0.5982514023780823,-0.2781485319137573,0.7095450162887573,0.9849069714546204,-0.3552151024341583,0.22675073146820068,0.9978816509246826,-0.6840547323226929,0.6905838251113892,1.2770792245864868,-0.6128122210502625,0.19061121344566345,0.6536120772361755,-1.4815051555633545,0.7002748250961304,1.3653795719146729,-0.6725397109985352,0.15114864706993103,0.5202783942222595,-1.6243165731430054,0.6649471521377563,1.3413609266281128,-0.6948530673980713,0.162967711687088,0.47482824325561523,-1.6046888828277588,0.6497092247009277,1.3058902025222778,-0.6338701248168945,0.19051218032836914,0.5365419387817383,-1.498557209968567,0.6188989281654358,1.2313543558120728,-0.021458525210618973,0.3708369731903076,1.234893798828125,0.02521245740354061,0.6113295555114746,1.7154682874679565,-0.0022163218818604946,0.38563263416290283,1.7110474109649658,-0.07560496032238007,0.6051544547080994,2.145174741744995,0.5719091892242432,0.3760172128677368,2.145188570022583,0.31900426745414734,0.6103231310844421,2.2116456031799316,0.6016454696655273,0.3739144206047058,2.2142655849456787,0.3447023630142212,0.569315493106842,2.296391248703003,0.15075738728046417,0.3964715301990509,2.290969133377075,-0.16723959147930145,0.17923691868782043,0.5933310985565186,0.0,0.2001405656337738,0.5348462462425232,0.0008195231785066426,0.1891774833202362,0.4657450318336487,-0.002306404523551464,0.1747439205646515,0.4176625907421112,-0.009400187991559505,0.16640426218509674,0.3764343857765198,-0.01751822605729103,0.14152568578720093,0.42303726077079773,0.003138907952234149,0.12217451632022858,0.3512915074825287,-0.011623753234744072,0.10924762487411499,0.3041003942489624,-0.02276303991675377,0.09711072593927383,0.2639705538749695,-0.03024987131357193,0.1267501264810562,0.4326920807361603,-0.011536821722984314,0.10272339731454849,0.3534875512123108,-0.024187203496694565,0.08535692095756531,0.29792118072509766,-0.0352621003985405,0.06972070038318634,0.250429630279541,-0.0442139133810997,0.11548443138599396,0.45177361369132996,-0.02847052365541458,0.09224723279476166,0.37762850522994995,-0.042745329439640045,0.07684154808521271,0.32628133893013,-0.05260070785880089,0.0627000480890274,0.28235605359077454,-0.05998394265770912,0.10820818692445755,0.48112863302230835,-0.04642500728368759,0.09121812880039215,0.42835381627082825,-0.0592183880507946,0.07939644157886505,0.39013010263442993,-0.06552862375974655,0.06859013438224792,0.35597100853919983,-0.07035591453313828
never,0.47992151975631714,0.2907889187335968,-1.165008783340454,0.5070319175720215,0.249592125415802,-1.1058645248413086,0.5213812589645386,0.24934619665145874,-1.1058481931686401,0.5339550971984863,0.24937516450881958,-1.1056653261184692,0.45856180787086487,0.2535613179206848,-1.1104679107666016,0.4431053698062897,0.2558538317680359,-1.1105029582977295,0.42998284101486206,0.25842857360839844,-1.110942006111145,0.5536003112792969,0.2719659209251404,-0.7383370399475098,0.4158047139644623,0.2832772433757782,-0.7550484538078308,0.5141647458076477,0.34363964200019836,-1.0302976369857788,0.4509264826774597,0.3436909317970276,-1.0353666543960571,0.6774744391441345,0.5932713150978088,-0.5142757296562195,0.3094637393951416,0.5919748544692993,-0.5071951746940613,0.7119144797325134,0.9844209551811218,-0.4549840986728668,0.24442680180072784,0.9340097904205322,-0.5851869583129883,0.6713258624076843,1.2832984924316406,-0.787247359752655,0.20862388610839844,1.026125431060791,-1.2029842138290405,0.67880779504776,1.3765698671340942,-0.8869982957839966,0.2043294459581375,1.0596058368682861,-1.338284969329834,0.6495621204376221,1.3606147766113281,-0.9562376141548157,0.2054090052843094,1.0178375244140625,-1.4094889163970947,0.6386399865150452,1.3165900707244873,-0.8288251757621765,0.21541258692741394,1.0048952102661133,-1.2524338960647583,0.6081258654594421,1.2163794040679932,-0.04325467348098755,0.37187516689300537,1.2101978063583374,0.046578675508499146,0.580924391746521,1.722535490989685,-0.04852892458438873,0.3635396957397461,1.7138581275939941,-0.07778026163578033,0.5623080730438232,2.171694755554199,0.5175305604934692,0.34643399715423584,2.1805529594421387,0.3133036196231842,0.5666388273239136,2.2406625747680664,0.5398368835449219,0.34379297494888306,2.2576751708984375,0.3320290446281433,0.5206764340400696,2.323423147201538,0.014995159581303596,0.3606760501861572,2.324852228164673,-0.24814589321613312,0.2532983422279358,0.7459073066711426,0.0,0.3045050799846649,0.7103310227394104,-0.02008400484919548,0.3182004690170288,0.6480761170387268,-0.015361402183771133,0.31139910221099854,0.5981807112693787,-0.003327977145090699,0.30708298087120056,0.5646607279777527,0.011178453452885151,0.2619209885597229,0.6028111577033997,-0.00961732305586338,0.27781715989112854,0.543221652507782,0.003683245275169611,0.2943437993526459,0.5518056750297546,0.01798819936811924,0.2988813519477844,0.5684720873832703,0.02816065214574337,0.24125102162361145,0.6122304201126099,0.007927498780190945,0.2492019683122635,0.5419720411300659,0.026589887216687202,0.2547014653682709,0.5121594667434692,0.036110538989305496,0.2520637810230255,0.4945865273475647,0.039646878838539124,0.23118650913238525,0.6292063593864441,0.024427006021142006,0.24973665177822113,0.5754320025444031,0.038082655519247055,0.269686222076416,0.5834178924560547,0.03968086466193199,0.2822751998901367,0.5988544821739197,0.03939848020672798,0.2266833782196045,0.6502993106842041,0.039257243275642395,0.24624872207641602,0.614081859588623,0.0424928143620491,0.26324379444122314,0.6180940270423889,0.040344543755054474,0.275847464799881,0.6294620037078857,0.04067563638091087
never,0.48626941442489624,0.3055420517921448,-1.1707589626312256,0.5094814300537109,0.2577659487724304,-1.1247769594192505,0.5237383842468262,0.25674867630004883,-1.1245571374893188,0.536067008972168,0.25656718015670776,-1.1241400241851807,0.45987099409103394,0.26426416635513306,-1.1285192966461182,0.44395357370376587,0.26664412021636963,-1.128545880317688,0.42931613326072693,0.26859331130981445,-1.1289393901824951,0.5533178448677063,0.2788330316543579,-0.7929448485374451,0.41360098123550415,0.29413706064224243,-0.803082287311554,0.5189111232757568,0.3585190176963806,-1.0445314645767212,0.45409345626831055,0.3654826283454895,-1.0478615760803223,0.6761294603347778,0.5926751494407654,-0.5488777160644531,0.3038778603076935,0.6131038069725037,-0.6014860272407532,0.7167227268218994,1.0000718832015991,-0.5114079713821411,0.22513854503631592,1.0147480964660645,-0.775558352470398,0.7127511501312256,1.2759511470794678,-0.8280937075614929,0.4181055426597595,0.9760507941246033,-1.2875142097473145,0.7269139885902405,1.3606992959976196,-0.9111541509628296,0.4728270173072815,0.971460223197937,-1.3945720195770264,0.6915598511695862,1.3415366411209106,-0.9507554173469543,0.47693687677383423,0.9156398773193359,-1.3686027526855469,0.676109790802002,1.3037261962890625,-0.8554292917251587,0.46144217252731323,0.909205436706543,-1.284460425376892,0.6327707171440125,1.220567226409912,-0.04301073029637337,0.39090263843536377,1.2404757738113403,0.04624267667531967,0.632544219493866,1.7169764041900635,-0.05974728986620903,0.4073426127433777,1.7397022247314453,0.05980094149708748,0.634697675704956,2.1522371768951416,0.4969243109226227,0.4257373809814453,2.1726810932159424,0.4137829840183258,0.6411814093589783,2.2139344215393066,0.5234732627868652,0.42445772886276245,2.239169120788574,0.4342256486415863,0.6049020886421204,2.322395086288452,0.05635146051645279,0.4517351984977722,2.326968193054199,-0.06719101220369339,0.43149280548095703,0.9572055339813232,0.0,0.4554171562194824,0.9052274227142334,-0.00042214556015096605,0.483880877494812,0.8669288158416748,-0.010927249677479267,0.510886013507843,0.8509901762008667,-0.021359581500291824,0.5295737385749817,0.8453805446624756,-0.032796572893857956,0.4627388119697571,0.8758073449134827,-0.0437077060341835,0.4982053339481354,0.8562398552894592,-0.06305879354476929,0.5231161117553711,0.8470674753189087,-0.06973595172166824,0.5412941575050354,0.8392452001571655,-0.07387090474367142,0.4603426158428192,0.9137243628501892,-0.05466155707836151,0.49923425912857056,0.8951504826545715,-0.07779042422771454,0.5298101305961609,0.8838690519332886,-0.08418717980384827,0.5540317296981812,0.874434769153595,-0.08891276270151138,0.4602712094783783,0.953679084777832,-0.0629216879606247,0.49568355083465576,0.945019543170929,-0.0846070721745491,0.5286996364593506,0.9373237490653992,-0.08989284932613373,0.5573903322219849,0.9299032092094421,-0.09350369870662689,0.46156930923461914,0.991367757320404,-0.06975314021110535,0.488151878118515,0.9897591471672058,-0.0870140790939331,0.5132731795310974,0.9829517006874084,-0.09288952499628067,0.5369303226470947,0.9753186106681824,-0.09744002670049667
never,0.4773465096950531,0.2951316833496094,-1.243102788925171,0.5031700730323792,0.24799884855747223,-1.1868547201156616,0.5190830230712891,0.24791015684604645,-1.1866616010665894,0.5307005047798157,0.24979615211486816,-1.1861728429794312,0.45379799604415894,0.25265586376190186,-1.1892749071121216,0.43950581550598145,0.25686824321746826,-1.1893203258514404,0.4252210557460785,0.26059865951538086,-1.18999183177948,0.5549026131629944,0.27516430616378784,-0.7775428891181946,0.4150013327598572,0.28780442476272583,-0.7827169895172119,0.514663815498352,0.35197657346725464,-1.0883713960647583,0.45012444257736206,0.3510594367980957,-1.0900325775146484,0.6829758882522583,0.5897812247276306,-0.4311154782772064,0.3067452609539032,0.5807726383209229,-0.629692792892456,0.7213082313537598,1.002926230430603,-0.3511650264263153,0.21182875335216522,0.9668830633163452,-1.0734671354293823,0.7163439393043518,1.339972734451294,-0.6568854451179504,0.4840913414955139,0.7690755128860474,-1.696049690246582,0.7315986156463623,1.4354525804519653,-0.722958505153656,0.5785928964614868,0.7071730494499207,-1.8397953510284424,0.707705557346344,1.4230796098709106,-0.7750893831253052,0.5951762199401855,0.6577670574188232,-1.7743724584579468,0.6879925727844238,1.3829692602157593,-0.6883141398429871,0.5681254863739014,0.6776174902915955,-1.6772754192352295,0.6010075211524963,1.2500745058059692,0.010959036648273468,0.33511269092559814,1.231065273284912,-0.008095982484519482,0.5709246397018433,1.7839417457580566,0.022770069539546967,0.3283241391181946,1.75885808467865,-0.09084279090166092,0.5538085103034973,2.261070728302002,0.6165435910224915,0.31514275074005127,2.254971981048584,0.3272594213485718,0.556590735912323,2.3282060623168945,0.6412431001663208,0.30789631605148315,2.3285510540008545,0.35016435384750366,0.5176997184753418,2.421457052230835,0.09097377210855484,0.3329627513885498,2.404797315597534,-0.26064133644104004,0.5299547910690308,0.7022804617881775,0.0,0.5532044768333435,0.6693060398101807,0.002990908920764923,0.5907808542251587,0.6510611772537231,-0.0047816066071391106,0.6221885681152344,0.6502488851547241,-0.014006044715642929,0.6465160846710205,0.6472943425178528,-0.02488958090543747,0.5930652618408203,0.6489592790603638,-0.03411809727549553,0.6385530829429626,0.6365780830383301,-0.05319633334875107,0.6685710549354553,0.628574550151825,-0.06291847676038742,0.6917505860328674,0.6217682957649231,-0.06907524168491364,0.5904521942138672,0.673409640789032,-0.0467875674366951,0.6397613883018494,0.6595118045806885,-0.067781001329422,0.6757195591926575,0.6497604250907898,-0.07510454207658768,0.7038443088531494,0.6407618522644043,-0.08063651621341705,0.5849745273590088,0.7022520899772644,-0.05762861669063568,0.6308290958404541,0.6879078149795532,-0.07604803889989853,0.6651675701141357,0.6771923899650574,-0.08126352727413177,0.691787600517273,0.6671144366264343,-0.08544810116291046,0.5770904421806335,0.7335891127586365,-0.06750687956809998,0.6081153750419617,0.7263180613517761,-0.08302509039640427,0.6322834491729736,0.7178666591644287,-0.08797084540128708,0.6526135802268982,0.7106750011444092,-0.09180396795272827
never,0.49677973985671997,0.2763805389404297,-0.6613513231277466,0.5186227560043335,0.23556552827358246,-0.6083614230155945,0.5321841835975647,0.23561464250087738,-0.6082639694213867,0.5434061288833618,0.236948624253273,-0.6081395149230957,0.4677821695804596,0.24021059274673462,-0.6091789603233337,0.44971075654029846,0.24300450086593628,-0.6090415120124817,0.43395930528640747,0.24601806700229645,-0.6095636487007141,0.5617300271987915,0.2638772130012512,-0.3093111217021942,0.41234201192855835,0.2774704694747925,-0.3016558587551117,0.5308257937431335,0.3329579532146454,-0.5537742972373962,0.4603636860847473,0.3406822085380554,-0.5533134937286377,0.6800035834312439,0.5859602689743042,-0.18721970915794373,0.3017733693122864,0.5844075679779053,-0.20238681137561798,0.7177221179008484,0.9853281378746033,-0.20911474525928497,0.23953327536582947,0.9804267287254333,-0.5916570425033569,0.7012490630149841,1.269166111946106,-0.41712141036987305,0.18898728489875793,0.5876402258872986,-1.2764041423797607,0.712638795375824,1.3597779273986816,-0.4698609411716461,0.12692248821258545,0.46233266592025757,-1.4053562879562378,0.6736489534378052,1.3376840353012085,-0.48806867003440857,0.16202214360237122,0.3988577723503113,-1.3912403583526611,0.6586601138114929,1.3013170957565308,-0.4371165335178375,0.18422842025756836,0.47563254833221436,-1.2943350076675415,0.6216514706611633,1.2343145608901978,0.0019609055016189814,0.3739768862724304,1.233011245727539,0.002021661028265953,0.608435332775116,1.7157450914382935,-0.048972342163324356,0.3825586438179016,1.7106645107269287,-0.10411133617162704,0.597815990447998,2.1441125869750977,0.4591701924800873,0.3731552064418793,2.1379384994506836,0.22131049633026123,0.6027578115463257,2.2109503746032715,0.4829052984714508,0.369076132774353,2.2038278579711914,0.23838286101818085,0.5607421398162842,2.2906904220581055,0.044353410601615906,0.3980318605899811,2.286785125732422,-0.2550295293331146,0.18133947253227234,0.49837565422058105,0.0,0.20574042201042175,0.4397071301937103,0.0017616754630580544,0.19481061398983002,0.36716005206108093,-0.000501845614053309,0.18018469214439392,0.3170728087425232,-0.006785288453102112,0.17055147886276245,0.28030717372894287,-0.014270381070673466,0.14823144674301147,0.32121741771698,0.007248028181493282,0.12910455465316772,0.2510892450809479,-0.007249924819916487,0.11529577523469925,0.20127879083156586,-0.019891036674380302,0.10201798379421234,0.15916180610656738,-0.028534019365906715,0.13222052156925201,0.32902929186820984,-0.007339832838624716,0.1097651794552803,0.2523263394832611,-0.018960902467370033,0.09258329123258591,0.1939413845539093,-0.03198058530688286,0.0756576731801033,0.1417422890663147,-0.04283418506383896,0.11790575832128525,0.3449711501598358,-0.02424127794802189,0.09810135513544083,0.27141237258911133,-0.037382036447525024,0.08267354220151901,0.2145475149154663,-0.048970356583595276,0.06674593687057495,0.16462266445159912,-0.05797756835818291,0.1066092848777771,0.3716791272163391,-0.042069993913173676,0.09089124202728271,0.31434834003448486,-0.053859420120716095,0.0792873352766037,0.2739621698856354,-0.06057220697402954,0.0674450471997261,0.237521693110466,-0.0660012736916542
never,0.49038928747177124,0.27885574102401733,-0.6765528917312622,0.5151289701461792,0.23735421895980835,-0.624971330165863,0.5300169587135315,0.236527681350708,-0.6249578595161438,0.5417066812515259,0.23704767227172852,-0.6248344779014587,0.46236810088157654,0.2429448515176773,-0.6241230368614197,0.44497841596603394,0.24579381942749023,-0.6240422129631042,0.4297235906124115,0.2489144206047058,-0.6245961785316467,0.5632906556129456,0.26385486125946045,-0.3259355425834656,0.41177040338516235,0.2817160487174988,-0.31089717149734497,0.5282694101333618,0.33206456899642944,-0.5680733919143677,0.4573814868927002,0.34122249484062195,-0.5655379295349121,0.6853681206703186,0.5858240127563477,-0.19879038631916046,0.30865347385406494,0.5805691480636597,-0.20240382850170135,0.7234721183776855,0.9862841367721558,-0.2287832796573639,0.25093281269073486,0.9785102605819702,-0.5867990851402283,0.6948444247245789,1.2625597715377808,-0.4537068009376526,0.18733417987823486,0.6048811674118042,-1.307537317276001,0.7036088705062866,1.3497251272201538,-0.5068032145500183,0.14114701747894287,0.4705650210380554,-1.4411520957946777,0.665542483329773,1.3234100341796875,-0.5244312882423401,0.15141203999519348,0.41116124391555786,-1.431983470916748,0.6510672569274902,1.28822922706604,-0.4728984832763672,0.17634952068328857,0.4811682105064392,-1.3285274505615234,0.6267753839492798,1.2298033237457275,0.0014456055359914899,0.377147376537323,1.229011058807373,0.002284472109749913,0.6129357218742371,1.7190884351730347,-0.05451911687850952,0.3888009786605835,1.7079529762268066,-0.168650284409523,0.6049767732620239,2.1564245223999023,0.4274163842201233,0.37631556391716003,2.152339458465576,0.14664222300052643,0.6100696325302124,2.2217304706573486,0.4481826722621918,0.37324196100234985,2.22098708152771,0.16148784756660461,0.56534743309021,2.307433605194092,0.002270587719976902,0.3972768783569336,2.296630620956421,-0.34505996108055115,0.1799916923046112,0.513812243938446,0.0,0.20242473483085632,0.45720458030700684,0.0006843190058134496,0.19069990515708923,0.38366416096687317,-0.001057721790857613,0.1746908724308014,0.33336952328681946,-0.006765955593436956,0.1641857922077179,0.2930372357368469,-0.01344484742730856,0.14004597067832947,0.3376349210739136,0.010524164885282516,0.12011861801147461,0.2668915390968323,-0.0023019176442176104,0.10510366410017014,0.2179926186800003,-0.013513218611478806,0.09080968797206879,0.1778271347284317,-0.02126706950366497,0.12391560524702072,0.34532028436660767,-0.0035991903860121965,0.09915079921483994,0.266895055770874,-0.013191320933401585,0.08096248656511307,0.21037603914737701,-0.0248250775039196,0.06305660307407379,0.16119210422039032,-0.03468230366706848,0.11062677204608917,0.3625243008136749,-0.02049284428358078,0.08774054050445557,0.28744396567344666,-0.03283461183309555,0.07115516811609268,0.23439428210258484,-0.043290555477142334,0.05485472083091736,0.18894097208976746,-0.051234617829322815,0.10058996081352234,0.39083006978034973,-0.03856569528579712,0.08258521556854248,0.3342001736164093,-0.050394050776958466,0.07014384865760803,0.2954768240451813,-0.05676816403865814,0.05840329825878143,0.2610514163970947,-0.061597421765327454
never,0.4833501875400543,0.2759520411491394,-0.8849483728408813,0.5073464512825012,0.23746943473815918,-0.8249055743217468,0.5208741426467896,0.2375485897064209,-0.8249701261520386,0.5329964756965637,0.23826217651367188,-0.8248347043991089,0.45816344022750854,0.24280677735805511,-0.8241207003593445,0.44234317541122437,0.2452683448791504,-0.8241786956787109,0.42960721254348755,0.24830716848373413,-0.8247455358505249,0.5530352592468262,0.2681800127029419,-0.4790470600128174,0.4142880439758301,0.27689701318740845,-0.4636060297489166,0.5186958909034729,0.3331413269042969,-0.7624551653862,0.4531001150608063,0.3328059911727905,-0.7596725821495056,0.6756784915924072,0.5746419429779053,-0.3140745460987091,0.3124459385871887,0.5768060088157654,-0.33840641379356384,0.7145088911056519,0.9585054516792297,-0.27646857500076294,0.20950722694396973,0.9029693007469177,-0.8161524534225464,0.6880366206169128,1.2654860019683838,-0.4776594638824463,0.153265118598938,0.49574023485183716,-1.647024393081665,0.6967138051986694,1.364109754562378,-0.5288422107696533,0.09402412176132202,0.38913244009017944,-1.807731032371521,0.6619269847869873,1.3404041528701782,-0.5691746473312378,0.1275884211063385,0.2999606132507324,-1.8041141033172607,0.6471283435821533,1.3018314838409424,-0.5045289993286133,0.14562425017356873,0.3655496835708618,-1.674795150756836,0.6237572431564331,1.2160881757736206,-0.002208433113992214,0.38366860151290894,1.2155723571777344,0.005301234778016806,0.6143242716789246,1.702032208442688,-0.01550537534058094,0.40590399503707886,1.694360375404358,-0.1275998055934906,0.6136707067489624,2.131699800491333,0.5182188749313354,0.41251078248023987,2.1290981769561768,0.2394074946641922,0.6195427179336548,2.1953225135803223,0.5414600968360901,0.4095739722251892,2.194157123565674,0.25913092494010925,0.5859114527702332,2.2693586349487305,0.06390680372714996,0.43620339035987854,2.26644229888916,-0.27715417742729187,0.1585591584444046,0.39955317974090576,0.0,0.17502731084823608,0.327445387840271,0.00738118402659893,0.15703760087490082,0.2546479105949402,0.0069647119380533695,0.13897636532783508,0.20524585247039795,0.0012171154376119375,0.1246408224105835,0.1637546718120575,-0.005295034497976303,0.10189715772867203,0.21601858735084534,0.014805302955210209,0.07415429502725601,0.14992262423038483,0.0009883021702989936,0.055961862206459045,0.09815807640552521,-0.011779699474573135,0.04006016254425049,0.05337643623352051,-0.02052442543208599,0.08940501511096954,0.22612103819847107,-0.0024508247151970863,0.06062280014157295,0.15356148779392242,-0.014290145598351955,0.03782977908849716,0.09484913945198059,-0.026666000485420227,0.017341405153274536,0.04219314455986023,-0.036785196512937546,0.07796802371740341,0.24101102352142334,-0.02193657122552395,0.051383793354034424,0.17132490873336792,-0.03388252854347229,0.03096252679824829,0.11490647494792938,-0.042633987963199615,0.012943074107170105,0.06557592749595642,-0.04982709512114525,0.07029989361763,0.26541319489479065,-0.04241776093840599,0.04770314693450928,0.20615607500076294,-0.05319266766309738,0.03330760449171066,0.16331487894058228,-0.05839109420776367,0.02142874151468277,0.12519636750221252,-0.06273330748081207
never,0.5156854391098022,0.2553759813308716,-1.2391622066497803,0.5357263684272766,0.21526867151260376,-1.1767528057098389,0.5496075749397278,0.21454262733459473,-1.1765865087509155,0.5606516599655151,0.2148730754852295,-1.1761093139648438,0.48883217573165894,0.21948999166488647,-1.1885966062545776,0.4723900854587555,0.22182005643844604,-1.1888091564178467,0.45755070447921753,0.22366833686828613,-1.189308762550354,0.5751656293869019,0.2413463592529297,-0.7900541424751282,0.4372459053993225,0.2532680034637451,-0.8374220132827759,0.5479908585548401,0.3118795156478882,-1.0959057807922363,0.48547857999801636,0.3137989044189453,-1.1101394891738892,0.6946142911911011,0.5702027678489685,-0.5065489411354065,0.3241841793060303,0.5569514036178589,-0.6494150757789612,0.7342037558555603,0.9618175029754639,-0.4353744387626648,0.257528692483902,0.9723866581916809,-0.8908373713493347,0.7249136567115784,1.226575255393982,-0.801043689250946,0.4113408625125885,0.9231739640235901,-1.50446617603302,0.7378627061843872,1.3195046186447144,-0.8903176188468933,0.44624003767967224,0.9078413248062134,-1.6375173330307007,0.7064144015312195,1.3042376041412354,-0.9496985673904419,0.44879597425460815,0.8571801781654358,-1.6366071701049805,0.6918472647666931,1.2636291980743408,-0.8361737132072449,0.4402712285518646,0.8547295928001404,-1.5142598152160645,0.6148355007171631,1.1863468885421753,-0.0017101442208513618,0.38017284870147705,1.1863263845443726,0.004546438809484243,0.5897037386894226,1.6444942951202393,0.15693283081054688,0.3687165379524231,1.6405773162841797,0.11472765356302261,0.5770918726921082,2.043696403503418,0.8177730441093445,0.37714648246765137,2.0401439666748047,0.6252251863479614,0.579171895980835,2.1106455326080322,0.8534990549087524,0.37475550174713135,2.1061882972717285,0.6592081785202026,0.552299976348877,2.1888859272003174,0.3828588128089905,0.40403372049331665,2.1859402656555176,0.14779308438301086,0.4348262548446655,0.9073395133018494,0.0,0.44376805424690247,0.8554527759552002,-0.0018197862664237618,0.4562259316444397,0.8062667846679688,-0.012218361720442772,0.4666688144207001,0.7799413800239563,-0.02426678128540516,0.468906432390213,0.7649789452552795,-0.03597262501716614,0.4585466980934143,0.8236146569252014,-0.03228931874036789,0.4699566066265106,0.785922646522522,-0.05106085538864136,0.4641156792640686,0.7713416814804077,-0.057358212769031525,0.4520071744918823,0.7613760828971863,-0.05999325215816498,0.4603559076786041,0.8530972599983215,-0.04193272814154625,0.4578946530818939,0.8279038071632385,-0.0616026446223259,0.45265865325927734,0.8033181428909302,-0.06437447667121887,0.4481203258037567,0.781183660030365,-0.06623108685016632,0.4618290364742279,0.886258065700531,-0.050328291952610016,0.4665446877479553,0.8796683549880981,-0.06796946376562119,0.4679637849330902,0.8647449016571045,-0.0662771686911583,0.4687275290489197,0.8496631383895874,-0.0649043619632721,0.46432238817214966,0.9171359539031982,-0.058574970811605453,0.47321566939353943,0.9274841547012329,-0.07074149698019028,0.4755159616470337,0.9252445101737976,-0.06893592327833176,0.47600629925727844,0.9198700785636902,-0.06717122346162796
never,0.4959171414375305,0.2698875665664673,-0.7852163910865784,0.5183196067810059,0.22535699605941772,-0.7353363633155823,0.5328367948532104,0.22590003907680511,-0.7354316711425781,0.5453560948371887,0.22735857963562012,-0.7351436018943787,0.46943384408950806,0.22936415672302246,-0.7271044254302979,0.454061895608902,0.23126758635044098,-0.7270849943161011,0.441523015499115,0.23383641242980957,-0.7276332974433899,0.5664151310920715,0.25359827280044556,-0.4263554513454437,0.4265599250793457,0.26271873712539673,-0.3719947338104248,0.5312097668647766,0.32657772302627563,-0.6737983226776123,0.46424493193626404,0.3293948769569397,-0.6603675484657288,0.6929762959480286,0.5594837665557861,-0.2837072014808655,0.3217521011829376,0.5670849680900574,-0.2362428605556488,0.7418197393417358,0.970180332660675,-0.24393102526664734,0.2593774199485779,0.9848977327346802,-0.6653500199317932,0.7074464559555054,1.229248285293579,-0.4228294789791107,0.1839843988418579,0.6234185099601746,-1.5166951417922974,0.7109599113464355,1.318580985069275,-0.463731050491333,0.14712661504745483,0.50560063123703,-1.6604242324829102,0.6811437606811523,1.2894877195358276,-0.4918530583381653,0.15171629190444946,0.4397510290145874,-1.6620447635650635,0.6675944328308105,1.2547332048416138,-0.4417772889137268,0.1738453507423401,0.4994302988052368,-1.54399836063385,0.6335394382476807,1.209115982055664,-0.0403781458735466,0.3905549943447113,1.2154655456542969,0.043570779263973236,0.6276503801345825,1.687659740447998,-0.010682561434805393,0.4012770652770996,1.696260690689087,0.04849157854914665,0.6230778694152832,2.1195080280303955,0.5755739212036133,0.4075734615325928,2.1212968826293945,0.4561671316623688,0.6288069486618042,2.1832022666931152,0.6068292856216431,0.4082927107810974,2.184678554534912,0.4854380488395691,0.5927131772041321,2.2634730339050293,0.16066700220108032,0.4257901608943939,2.2635960578918457,-0.005926030687987804,0.18837615847587585,0.5409970283508301,0.0,0.20455880463123322,0.47982847690582275,0.0017763024661689997,0.18717633187770844,0.40903380513191223,-0.000454078457551077,0.16745026409626007,0.36196181178092957,-0.0068389843218028545,0.15329375863075256,0.32291242480278015,-0.014088517986238003,0.13468746840953827,0.37097036838531494,0.009022953920066357,0.10630326718091965,0.3043051064014435,-0.0050957598723471165,0.0852552056312561,0.2560347318649292,-0.017272647470235825,0.06610453128814697,0.2165987342596054,-0.02542962320148945,0.11914974451065063,0.3815431296825409,-0.005546987522393465,0.0871710330247879,0.3086990714073181,-0.017013264819979668,0.06256337463855743,0.25322529673576355,-0.02905278652906418,0.039494045078754425,0.2047770470380783,-0.03885135054588318,0.10638297349214554,0.3988591730594635,-0.022602589800953865,0.07793812453746796,0.3275125026702881,-0.03551993891596794,0.056201569736003876,0.27464473247528076,-0.045052699744701385,0.0357377752661705,0.22984850406646729,-0.05234752222895622,0.09789171814918518,0.42531195282936096,-0.04079052060842514,0.0752761960029602,0.36766913533210754,-0.05225309357047081,0.05961497128009796,0.3274329900741577,-0.057751916348934174,0.045182324945926666,0.2923189401626587,-0.06207040324807167
never,0.492493212223053,0.25505220890045166,-1.3144328594207764,0.5185269713401794,0.21692878007888794,-1.2554570436477661,0.5332543253898621,0.21707452833652496,-1.2554950714111328,0.5452092885971069,0.21794801950454712,-1.255026936531067,0.4699752926826477,0.22231926023960114,-1.2618083953857422,0.45503130555152893,0.22433505952358246,-1.2620493173599243,0.4421162009239197,0.2269611358642578,-1.2626729011535645,0.5674803256988525,0.24674749374389648,-0.856490969657898,0.4307679533958435,0.25634557008743286,-0.8799341917037964,0.5300248861312866,0.3126837909221649,-1.1655752658843994,0.4624822735786438,0.31467533111572266,-1.1729516983032227,0.6940732002258301,0.5602025389671326,-0.5500338077545166,0.3178653120994568,0.5722452402114868,-0.6316626667976379,0.7378926277160645,0.9686093926429749,-0.44826751947402954,0.2324371039867401,0.9718415141105652,-0.8468388319015503,0.7283039093017578,1.2464544773101807,-0.8663440942764282,0.3254978060722351,0.9626466631889343,-1.5683916807174683,0.7151057720184326,1.3316762447357178,-0.968691349029541,0.34928154945373535,0.9432887434959412,-1.7197265625,0.690767765045166,1.3046090602874756,-1.0423954725265503,0.34873926639556885,0.886506199836731,-1.7395899295806885,0.6778630018234253,1.2655502557754517,-0.9073908925056458,0.34828394651412964,0.8842490911483765,-1.5905184745788574,0.6384265422821045,1.2245126962661743,-0.019045932218432426,0.38822484016418457,1.230258584022522,0.021729180589318275,0.6146487593650818,1.7183573246002197,0.15487559139728546,0.3783651888370514,1.7245163917541504,0.1553153246641159,0.6035969257354736,2.153757333755493,0.864208996295929,0.3791767954826355,2.161660671234131,0.704572319984436,0.6069362759590149,2.2183868885040283,0.90313720703125,0.3770121932029724,2.2274255752563477,0.7423416972160339,0.5723284482955933,2.309626579284668,0.4031703472137451,0.4037002623081207,2.3107147216796875,0.1971098631620407,0.3672145903110504,0.947952389717102,0.0,0.3814225494861603,0.889789879322052,0.0011946704471483827,0.3879637122154236,0.8337165713310242,-0.009532459080219269,0.38984760642051697,0.7984604239463806,-0.023648764938116074,0.38358885049819946,0.7777443528175354,-0.038399338722229004,0.35915958881378174,0.8471715450286865,-0.031709928065538406,0.3663935661315918,0.8191938996315002,-0.05533776059746742,0.37694910168647766,0.8113633394241333,-0.06735292822122574,0.3862191438674927,0.8067723512649536,-0.0748220905661583,0.3540077209472656,0.8768233060836792,-0.046883001923561096,0.3578283488750458,0.866197407245636,-0.07472331821918488,0.3705797493457794,0.8499761819839478,-0.08411970734596252,0.38245218992233276,0.8356955647468567,-0.09043262898921967,0.35146716237068176,0.9091716408729553,-0.06071146950125694,0.3595915138721466,0.9017826914787292,-0.08621259778738022,0.3755493462085724,0.8868672251701355,-0.08875925093889236,0.38975563645362854,0.873134434223175,-0.08987540006637573,0.35333406925201416,0.9415289163589478,-0.07429007440805435,0.36376041173934937,0.9356316328048706,-0.09432520717382431,0.37762880325317383,0.9207189083099365,-0.09659372270107269,0.3899010419845581,0.9064075946807861,-0.09721338748931885
never,0.4862373471260071,0.3093263506889343,-0.6613851189613342,0.5065893530845642,0.27923107147216797,-0.6119945049285889,0.5211539268493652,0.2796880006790161,-0.6118630766868591,0.5320255756378174,0.28085649013519287,-0.6116158366203308,0.4634625315666199,0.2799995541572571,-0.6005557179450989,0.4512445330619812,0.28104692697525024,-0.6004130244255066,0.4405251443386078,0.282217800617218,-0.6008090376853943,0.5513913631439209,0.30559131503105164,-0.329399973154068,0.42844685912132263,0.30879396200180054,-0.2613952159881592,0.5199346542358398,0.35966938734054565,-0.5637338757514954,0.4604899287223816,0.35771244764328003,-0.5456486344337463,0.6693605184555054,0.582616925239563,-0.22383475303649902,0.3360050916671753,0.5865655541419983,-0.17060260474681854,0.7205722332000732,0.9536135196685791,-0.2183481901884079,0.24952392280101776,0.9187865853309631,-0.5963888764381409,0.6976962685585022,1.2077594995498657,-0.38401588797569275,0.21981465816497803,0.5095545649528503,-1.3290596008300781,0.707557737827301,1.2932441234588623,-0.4262850880622864,0.19218799471855164,0.38208502531051636,-1.4665594100952148,0.6734206676483154,1.2780702114105225,-0.4532395303249359,0.19530677795410156,0.3446537256240845,-1.4526220560073853,0.6586637496948242,1.2469574213027954,-0.40352922677993774,0.20919737219810486,0.39279720187187195,-1.3485949039459229,0.6012687683105469,1.1754127740859985,-0.04162884131073952,0.3801993131637573,1.171020746231079,0.04495717212557793,0.5888676643371582,1.6099684238433838,0.026225438341498375,0.38770267367362976,1.6130213737487793,0.11989780515432358,0.5848177075386047,1.9908512830734253,0.5889496207237244,0.3891027271747589,1.9858944416046143,0.5011587142944336,0.5911027789115906,2.0501554012298584,0.6208289861679077,0.38744109869003296,2.0403504371643066,0.5272179841995239,0.5529119372367859,2.115868091583252,0.20263800024986267,0.4036084711551666,2.123382329940796,0.07246621698141098,0.22282901406288147,0.4561120867729187,0.0,0.2382948398590088,0.40345534682273865,0.009806760586798191,0.22523954510688782,0.34632790088653564,0.011879994533956051,0.21380910277366638,0.30991876125335693,0.008931200951337814,0.2086568921804428,0.2818945646286011,0.005319157149642706,0.18852593004703522,0.3080785870552063,0.018372971564531326,0.16922685503959656,0.2539304196834564,0.009371267631649971,0.15754926204681396,0.21076823770999908,-1.1766645911848173e-05,0.14697405695915222,0.17311659455299377,-0.006349383853375912,0.17904461920261383,0.3133161664009094,0.0036834869533777237,0.16130617260932922,0.25495630502700806,-0.0038083794061094522,0.14736923575401306,0.20602664351463318,-0.012876608408987522,0.13442271947860718,0.16214056313037872,-0.02014215849339962,0.1707008332014084,0.32150936126708984,-0.012582649476826191,0.15453697741031647,0.2627187967300415,-0.02059844136238098,0.14261078834533691,0.21640360355377197,-0.02626093663275242,0.13207685947418213,0.1778971552848816,-0.030946210026741028,0.16488869488239288,0.3354376554489136,-0.029414257034659386,0.1515914499759674,0.28344303369522095,-0.036647260189056396,0.14430436491966248,0.2461160272359848,-0.03948986530303955,0.1389133781194687,0.21475443243980408,-0.04203387722373009
never,0.49566611647605896,0.3037651777267456,-0.7196943759918213,0.5155236124992371,0.27287203073501587,-0.6651993989944458,0.5285575985908508,0.27370384335517883,-0.6651715636253357,0.5384129285812378,0.2749583125114441,-0.664886474609375,0.4720578193664551,0.27550071477890015,-0.6595475077629089,0.45797768235206604,0.2770017981529236,-0.6594098806381226,0.44616976380348206,0.27960675954818726,-0.6598246097564697,0.5559532642364502,0.3028084635734558,-0.36112239956855774,0.4295770525932312,0.30801957845687866,-0.3213423788547516,0.5265105366706848,0.35587817430496216,-0.6143713593482971,0.46791768074035645,0.35425376892089844,-0.6043999195098877,0.6703253984451294,0.5881429314613342,-0.2530320882797241,0.3306421637535095,0.5906893014907837,-0.21234765648841858,0.7196273803710938,0.9626685380935669,-0.26889681816101074,0.2567763924598694,0.9309397339820862,-0.6449655890464783,0.6934356093406677,1.2404963970184326,-0.5054903030395508,0.21399006247520447,0.5293149948120117,-1.4452755451202393,0.7058445811271667,1.3334197998046875,-0.5603657364845276,0.1822417974472046,0.41458553075790405,-1.5919958353042603,0.6724040508270264,1.317419409751892,-0.5999561548233032,0.18511319160461426,0.3720017075538635,-1.5920319557189941,0.6562304496765137,1.2819037437438965,-0.5319703221321106,0.2014956772327423,0.4205913543701172,-1.47115957736969,0.6106313467025757,1.1925556659698486,-0.029478853568434715,0.38662880659103394,1.1898099184036255,0.032586049288511276,0.600872814655304,1.6458408832550049,-0.02665606699883938,0.39687973260879517,1.6486988067626953,0.04380405321717262,0.6024845838546753,2.0456326007843018,0.48929399251937866,0.41088733077049255,2.0421760082244873,0.3718767464160919,0.6084961295127869,2.1052184104919434,0.5134036540985107,0.4114287793636322,2.096104145050049,0.38798511028289795,0.5761251449584961,2.168879508972168,0.0677802562713623,0.426466703414917,2.1760568618774414,-0.08727071434259415,0.21700425446033478,0.46541041135787964,0.0,0.23004195094108582,0.4163411855697632,0.009264718741178513,0.214474156498909,0.3591963052749634,0.010639769956469536,0.2008439302444458,0.32221341133117676,0.007107599638402462,0.19431613385677338,0.2908041775226593,0.002556055085733533,0.1766900271177292,0.3241603970527649,0.014031303115189075,0.15770746767520905,0.2667964696884155,0.0036537449341267347,0.14352041482925415,0.22429579496383667,-0.00602421909570694,0.12942832708358765,0.18927769362926483,-0.01255611702799797,0.1671222746372223,0.33035150170326233,-0.001028686878271401,0.1486186683177948,0.26665982604026794,-0.0095668388530612,0.13111154735088348,0.21848922967910767,-0.018905233591794968,0.11381973326206207,0.1773146241903305,-0.02649640291929245,0.15869830548763275,0.34106019139289856,-0.017463233321905136,0.14099819958209991,0.278309166431427,-0.0265848059207201,0.12680119276046753,0.2327474057674408,-0.03326110169291496,0.11276765912771225,0.19554151594638824,-0.0388343371450901,0.15236139297485352,0.35886555910110474,-0.03429599851369858,0.13955549895763397,0.30837175250053406,-0.04274887591600418,0.13090810179710388,0.27367863059043884,-0.04645625129342079,0.12288320064544678,0.24435082077980042,-0.04967612028121948
never,0.5014370679855347,0.31577327847480774,-1.0808758735656738,0.522233247756958,0.27962636947631836,-1.0356031656265259,0.5353637933731079,0.27917125821113586,-1.0354032516479492,0.5447763204574585,0.27963489294052124,-1.0350037813186646,0.478959858417511,0.28305530548095703,-1.0359938144683838,0.46473389863967896,0.2859249711036682,-1.0357950925827026,0.4521847665309906,0.2886902987957001,-1.0360389947891235,0.561858057975769,0.30233192443847656,-0.7051698565483093,0.43734484910964966,0.31430763006210327,-0.6946675181388855,0.5327035784721375,0.36600303649902344,-0.9588087797164917,0.47617998719215393,0.3646325469017029,-0.9558350443840027,0.6753568649291992,0.5895059108734131,-0.4677782952785492,0.33098453283309937,0.5870753526687622,-0.509657084941864,0.720680832862854,0.9689799547195435,-0.39535000920295715,0.22054867446422577,0.9651917219161987,-0.7807105183601379,0.7068434953689575,1.2238537073135376,-0.6651663780212402,0.34046661853790283,0.8219020366668701,-1.4099819660186768,0.7175626158714294,1.3004186153411865,-0.7338746190071106,0.3748810291290283,0.7666113376617432,-1.5384589433670044,0.6941101551055908,1.2879669666290283,-0.7800332903862,0.37440165877342224,0.7210884094238281,-1.5176552534103394,0.6799686551094055,1.2575520277023315,-0.6934230327606201,0.3707199990749359,0.736964225769043,-1.4144456386566162,0.6100430488586426,1.1781717538833618,-0.023924633860588074,0.37312406301498413,1.167745590209961,0.026819422841072083,0.5825232863426208,1.6427805423736572,0.17532315850257874,0.366728276014328,1.6408064365386963,0.18521112203598022,0.5700154304504395,2.0405385494232178,0.8667919039726257,0.36859890818595886,2.03714919090271,0.7049224972724915,0.5742378234863281,2.0978140830993652,0.9066190719604492,0.3660363554954529,2.0908660888671875,0.7444260716438293,0.5372273921966553,2.182283878326416,0.438576877117157,0.3885657489299774,2.1874170303344727,0.22686882317066193,0.3463559150695801,0.773293137550354,0.0,0.3594655394554138,0.7102717757225037,0.005644753109663725,0.37586912512779236,0.6523618102073669,-0.004028355237096548,0.39359250664711,0.6116867661476135,-0.016517341136932373,0.40394923090934753,0.5756087303161621,-0.03069411963224411,0.3556167781352997,0.6661601662635803,-0.03538110479712486,0.37926995754241943,0.6204472780227661,-0.05852637439966202,0.39467304944992065,0.5952574014663696,-0.07135918736457825,0.4062192738056183,0.5713756680488586,-0.08076522499322891,0.3569335341453552,0.6920263767242432,-0.05312814563512802,0.3818984925746918,0.6540327072143555,-0.08066640794277191,0.40008753538131714,0.6247962117195129,-0.09221084415912628,0.41555872559547424,0.5970523357391357,-0.10126286745071411,0.35910290479660034,0.7227586507797241,-0.06863772124052048,0.3818660378456116,0.6930826306343079,-0.0945841446518898,0.39967143535614014,0.6667490601539612,-0.10244688391685486,0.4158762991428375,0.6399605870246887,-0.108429454267025,0.3633066415786743,0.7567059993743896,-0.08289701491594315,0.3764060139656067,0.7455558180809021,-0.10471143573522568,0.386120080947876,0.7279728651046753,-0.11146502196788788,0.3954204320907593,0.7082210183143616,-0.1165088564157486
never,0.4986315369606018,0.317158579826355,-1.1093157529830933,0.5196419358253479,0.2812786102294922,-1.0651040077209473,0.5334981679916382,0.2806307077407837,-1.064983606338501,0.5431145429611206,0.2809625267982483,-1.0647410154342651,0.47661566734313965,0.2840304970741272,-1.061968207359314,0.462158203125,0.28623485565185547,-1.061614751815796,0.4500001072883606,0.288803368806839,-1.0617033243179321,0.5590361952781677,0.3025349974632263,-0.7323037981987,0.4355379641056061,0.31349390745162964,-0.7013711929321289,0.5297921895980835,0.36649882793426514,-0.9862016439437866,0.47207802534103394,0.36546891927719116,-0.9773818254470825,0.6705042123794556,0.5833691358566284,-0.511143684387207,0.3281160593032837,0.5879976749420166,-0.49249857664108276,0.7155230045318604,0.9608214497566223,-0.45745667815208435,0.22396059334278107,0.9700925946235657,-0.7590356469154358,0.7314927577972412,1.2595202922821045,-0.7497026920318604,0.3396140933036804,0.8337781429290771,-1.4343150854110718,0.755286455154419,1.3452414274215698,-0.8377538919448853,0.37433212995529175,0.7789762616157532,-1.5732471942901611,0.7259392738342285,1.3435146808624268,-0.8951484560966492,0.3723078966140747,0.7335107326507568,-1.5652093887329102,0.7065741419792175,1.311113953590393,-0.7847914695739746,0.36831575632095337,0.7499912977218628,-1.4461488723754883,0.6124802827835083,1.1782033443450928,-0.05088435858488083,0.37760818004608154,1.1751316785812378,0.05411834269762039,0.5935486555099487,1.6556674242019653,0.14131908118724823,0.38100695610046387,1.6630916595458984,0.272742360830307,0.5862523317337036,2.0657670497894287,0.8608345985412598,0.3879316747188568,2.0697219371795654,0.8561081886291504,0.5924956202507019,2.1269326210021973,0.9008172750473022,0.38543593883514404,2.1278345584869385,0.9024707078933716,0.5509424805641174,2.207380771636963,0.4017859101295471,0.4092145562171936,2.220802068710327,0.36496564745903015,0.34116771817207336,0.7906756401062012,0.0,0.3548852503299713,0.7338075041770935,0.007493378594517708,0.3735135495662689,0.6775997877120972,-0.0008501234115101397,0.393269419670105,0.6375584006309509,-0.012489893473684788,0.40597155690193176,0.5996870398521423,-0.025896528735756874,0.35095688700675964,0.6809717416763306,-0.03059144876897335,0.3775511682033539,0.6285292506217957,-0.05271802842617035,0.3930220603942871,0.5987635850906372,-0.0654941126704216,0.40452298521995544,0.5708279013633728,-0.0750710591673851,0.3534950911998749,0.7024738788604736,-0.04932738468050957,0.3800044357776642,0.6500100493431091,-0.0757148489356041,0.39743754267692566,0.6187021732330322,-0.08839373290538788,0.4126572906970978,0.589637041091919,-0.0983593687415123,0.3583468794822693,0.7307332754135132,-0.0660913735628128,0.3819577395915985,0.6861076951026917,-0.09143099933862686,0.39929190278053284,0.6588718295097351,-0.10201266407966614,0.4159950017929077,0.6319997310638428,-0.10988277941942215,0.3663910925388336,0.7639622688293457,-0.08121120184659958,0.37925881147384644,0.7422130703926086,-0.10261109471321106,0.38854163885116577,0.7225444912910461,-0.11119253933429718,0.3988310992717743,0.7015588879585266,-0.11792393773794174
never,0.4913405478000641,0.3123670816421509,-0.5897253751754761,0.5149954557418823,0.2767338156700134,-0.5459749698638916,0.5299715995788574,0.2771506905555725,-0.5460388660430908,0.541355550289154,0.27790138125419617,-0.5458815097808838,0.46786460280418396,0.2773147225379944,-0.5407223105430603,0.4546690881252289,0.2783143222332001,-0.5406641364097595,0.4440292716026306,0.27959853410720825,-0.5411489009857178,0.5629936456680298,0.30127203464508057,-0.27789026498794556,0.4313283860683441,0.305984765291214,-0.23669788241386414,0.5257658362388611,0.3666152358055115,-0.4913332462310791,0.46389198303222656,0.3644724488258362,-0.4814700186252594,0.6815693378448486,0.5881699919700623,-0.17683064937591553,0.3295857310295105,0.59778892993927,-0.12072430551052094,0.727681040763855,0.970404863357544,-0.1909562647342682,0.27053630352020264,0.9730385541915894,-0.4764411449432373,0.707516074180603,1.2375603914260864,-0.4109250009059906,0.22510147094726562,0.5919049382209778,-1.1852868795394897,0.7195905447006226,1.327431082725525,-0.45941129326820374,0.18249350786209106,0.4709559679031372,-1.3061567544937134,0.6857670545578003,1.3068825006484985,-0.49229830503463745,0.18003568053245544,0.4241325259208679,-1.3055641651153564,0.6695467829704285,1.2725942134857178,-0.43354493379592896,0.20250508189201355,0.48060691356658936,-1.2071449756622314,0.613377034664154,1.1886240243911743,-0.029384683817625046,0.3877771496772766,1.1902114152908325,0.03243028745055199,0.60914546251297,1.6267868280410767,-0.045885805040597916,0.39825618267059326,1.6316379308700562,0.04793301597237587,0.6116516590118408,2.0208332538604736,0.4342542588710785,0.40549856424331665,2.0213115215301514,0.3506428003311157,0.6179755926132202,2.082021474838257,0.45936936140060425,0.4073092043399811,2.081719398498535,0.36775052547454834,0.5772926211357117,2.1557891368865967,0.06067632883787155,0.4190673828125,2.1558172702789307,-0.05655389279127121,0.23247162997722626,0.5191665291786194,0.0,0.23943021893501282,0.4618743360042572,0.008434299379587173,0.21374726295471191,0.40518301725387573,0.007986416108906269,0.19257383048534393,0.36812204122543335,0.002642267383635044,0.18117523193359375,0.33688321709632874,-0.003872891189530492,0.17114393413066864,0.37908855080604553,0.00946241244673729,0.14172446727752686,0.3297516703605652,-0.0037558721378445625,0.12164836376905441,0.2888842821121216,-0.01479695737361908,0.10332100093364716,0.2540908455848694,-0.02253088355064392,0.1627512276172638,0.3896920680999756,-0.00723313121125102,0.13098925352096558,0.33382025361061096,-0.018894530832767487,0.10740712285041809,0.28795671463012695,-0.02925531379878521,0.08525650948286057,0.2463105022907257,-0.037810638546943665,0.15652424097061157,0.40591755509376526,-0.02548344060778618,0.12656539678573608,0.35378894209861755,-0.03742486238479614,0.1042775958776474,0.3110240697860718,-0.04531673714518547,0.08441101759672165,0.2742477357387543,-0.05178729444742203,0.15392842888832092,0.4318842887878418,-0.04412516951560974,0.13044890761375427,0.3903250992298126,-0.05569159984588623,0.11448697000741959,0.35827144980430603,-0.06115472689270973,0.10058283060789108,0.33072400093078613,-0.06543518602848053
never,0.49379196763038635,0.30936044454574585,-0.6152594685554504,0.5178126692771912,0.27532222867012024,-0.5719778537750244,0.5330824255943298,0.27570682764053345,-0.5719419121742249,0.544640064239502,0.27674663066864014,-0.5716939568519592,0.47126898169517517,0.27560949325561523,-0.5642427206039429,0.4583335816860199,0.2766645550727844,-0.5640795826911926,0.4473413825035095,0.27778059244155884,-0.5644733905792236,0.5660995841026306,0.3005170226097107,-0.30788862705230713,0.4358331561088562,0.30356571078300476,-0.2547118365764618,0.5283762216567993,0.3621580898761749,-0.52031010389328,0.46655911207199097,0.35904461145401,-0.5066611766815186,0.6858958601951599,0.5898934602737427,-0.21097061038017273,0.3322344422340393,0.5951212048530579,-0.14097774028778076,0.7289588451385498,0.9716527462005615,-0.21591493487358093,0.265150249004364,0.9732400178909302,-0.49160680174827576,0.7158037424087524,1.237955093383789,-0.41309458017349243,0.22241318225860596,0.6116423010826111,-1.200635552406311,0.7322155833244324,1.3255184888839722,-0.45832449197769165,0.18903279304504395,0.5011412501335144,-1.318199634552002,0.6989036202430725,1.3109745979309082,-0.4905422627925873,0.1858176290988922,0.44981807470321655,-1.317537546157837,0.6813558340072632,1.27765953540802,-0.43588075041770935,0.2095634937286377,0.5078214406967163,-1.2229299545288086,0.6185898184776306,1.1908940076828003,-0.0360538475215435,0.39033669233322144,1.1930371522903442,0.039573654532432556,0.6167146563529968,1.6387330293655396,-0.04083942994475365,0.4040120244026184,1.6511292457580566,0.0826212465763092,0.6174090504646301,2.03839111328125,0.46716079115867615,0.4125165343284607,2.0439887046813965,0.3941255509853363,0.6247515678405762,2.0987634658813477,0.4938577115535736,0.41339007019996643,2.102095603942871,0.4128710627555847,0.5821673274040222,2.1745872497558594,0.08704148977994919,0.4286354184150696,2.1849708557128906,-0.023165272548794746,0.23594312369823456,0.5337594151496887,0.0,0.2452016919851303,0.4722782075405121,0.010566477663815022,0.22055692970752716,0.4139675796031952,0.011123951524496078,0.199642613530159,0.3751385807991028,0.006354115903377533,0.18904954195022583,0.3414060175418854,0.00045891996705904603,0.17630723118782043,0.38663366436958313,0.011882767081260681,0.14753542840480804,0.33419620990753174,-0.0009233786258846521,0.12773345410823822,0.29241105914115906,-0.01189159695059061,0.1096598207950592,0.25644099712371826,-0.019733263179659843,0.16812145709991455,0.39714813232421875,-0.005915424320846796,0.137631356716156,0.337959885597229,-0.017450563609600067,0.11397320032119751,0.2910493314266205,-0.028302423655986786,0.09174733608961105,0.24828876554965973,-0.03741972893476486,0.16202577948570251,0.4129146635532379,-0.025112470611929893,0.1324346363544464,0.3592630624771118,-0.037089575082063675,0.11018858104944229,0.31596696376800537,-0.04553208872675896,0.09043462574481964,0.27795910835266113,-0.05256771668791771,0.15976524353027344,0.4384274184703827,-0.044466063380241394,0.13718929886817932,0.3968384861946106,-0.05589572340250015,0.12217388302087784,0.36532530188560486,-0.06157729774713516,0.10930019617080688,0.33756595849990845,-0.06630127876996994
never,0.5021864175796509,0.32650578022003174,-1.0566967725753784,0.5266327857971191,0.28219074010849,-1.0145232677459717,0.5408702492713928,0.280636191368103,-1.0143606662750244,0.552661120891571,0.2797039747238159,-1.0139778852462769,0.47781604528427124,0.2892197370529175,-1.0169438123703003,0.4625764787197113,0.29176443815231323,-1.0169904232025146,0.44951218366622925,0.2949870824813843,-1.0173816680908203,0.5713900327682495,0.3007426857948303,-0.7142610549926758,0.4366850256919861,0.3190292716026306,-0.7184014916419983,0.5345935821533203,0.3748489022254944,-0.9447898864746094,0.47236937284469604,0.3821824789047241,-0.946304440498352,0.6858941912651062,0.5975787043571472,-0.4947456419467926,0.33870190382003784,0.5964238047599792,-0.5351735353469849,0.7283997535705566,0.9816113114356995,-0.45075806975364685,0.26912441849708557,0.995622992515564,-0.761647641658783,0.7103636860847473,1.2429054975509644,-0.7209513187408447,0.4023495316505432,0.8834154605865479,-1.2882229089736938,0.7206041812896729,1.3240100145339966,-0.7855260372161865,0.4250304102897644,0.8242019414901733,-1.393242359161377,0.6936343908309937,1.3064446449279785,-0.8241380453109741,0.4215278625488281,0.7746080756187439,-1.3667322397232056,0.6784899830818176,1.2714264392852783,-0.74439936876297,0.41887301206588745,0.7889958620071411,-1.2852590084075928,0.6187551021575928,1.168006181716919,-0.0267177764326334,0.3954024910926819,1.1626670360565186,0.029083961620926857,0.5983933210372925,1.616973876953125,-0.00642062583938241,0.3900783061981201,1.611975073814392,0.053100019693374634,0.5877538323402405,2.0088324546813965,0.5070006251335144,0.397588312625885,1.9988327026367188,0.39011213183403015,0.5920743942260742,2.0647850036621094,0.5299889445304871,0.39341574907302856,2.05249285697937,0.40901970863342285,0.5618243217468262,2.1506781578063965,0.1017284169793129,0.4206116199493408,2.146555185317993,-0.054387204349040985,0.4205436706542969,0.7778523564338684,0.0,0.4215572476387024,0.7104360461235046,0.013996034860610962,0.4241865873336792,0.667414128780365,0.014001904055476189,0.42618608474731445,0.6387009620666504,0.009442050941288471,0.4259750247001648,0.625473141670227,0.004164291545748711,0.4160972833633423,0.7095636129379272,-0.0028186433482915163,0.417054682970047,0.6994318962097168,-0.007421619258821011,0.42297422885894775,0.6916860938072205,-0.008324014954268932,0.4292497932910919,0.6826201677322388,-0.008886503055691719,0.41997402906417847,0.7357133030891418,-0.016597550362348557,0.42680034041404724,0.7235060334205627,-0.020245246589183807,0.4366307258605957,0.7096186876296997,-0.019587920978665352,0.4454430341720581,0.6964641809463501,-0.020955970510840416,0.4248732328414917,0.7613555192947388,-0.0279359370470047,0.4347195029258728,0.749750018119812,-0.030336199328303337,0.44537198543548584,0.7317690849304199,-0.027062183246016502,0.4531107246875763,0.7146519422531128,-0.0276662465184927,0.43063026666641235,0.7841177582740784,-0.03824469819664955,0.44573065638542175,0.777890682220459,-0.039351943880319595,0.45663824677467346,0.7656209468841553,-0.035720281302928925,0.46274784207344055,0.755569577217102,-0.03438662365078926
never,0.4979109764099121,0.3251803517341614,-1.1427510976791382,0.5227569937705994,0.28229743242263794,-1.095990777015686,0.5366265177726746,0.28120356798171997,-1.095860242843628,0.5490085482597351,0.2801049053668976,-1.0954923629760742,0.4759804606437683,0.2879641652107239,-1.1003865003585815,0.4607073664665222,0.29048216342926025,-1.1004916429519653,0.44795599579811096,0.29332154989242554,-1.1009212732315063,0.5689631104469299,0.30048757791519165,-0.7644525170326233,0.43482065200805664,0.31577956676483154,-0.7764106392860413,0.5306451916694641,0.3750806450843811,-1.0191600322723389,0.4708079695701599,0.3776147961616516,-1.0233045816421509,0.6858296990394592,0.5929998755455017,-0.5202153921127319,0.33890432119369507,0.5929086208343506,-0.5777580142021179,0.7271770238876343,0.9782872796058655,-0.4659368097782135,0.2766874432563782,0.9905188679695129,-0.8550704717636108,0.705186665058136,1.2372523546218872,-0.7523675560951233,0.39214780926704407,0.8532131910324097,-1.470333218574524,0.713285505771637,1.3195724487304688,-0.8185027837753296,0.4163815975189209,0.7928219437599182,-1.5895627737045288,0.689039945602417,1.3004401922225952,-0.8628953695297241,0.4116658568382263,0.7435230612754822,-1.5726871490478516,0.6748989224433899,1.265521764755249,-0.7784972786903381,0.4081176817417145,0.7566168308258057,-1.4739972352981567,0.6185659766197205,1.1668896675109863,-0.028944220393896103,0.39447224140167236,1.1593273878097534,0.03128035366535187,0.5966261625289917,1.6191420555114746,0.012139778584241867,0.38903915882110596,1.612011432647705,0.08056460320949554,0.5830003023147583,2.0139718055725098,0.564606249332428,0.39244720339775085,2.0068297386169434,0.4576566815376282,0.5865216851234436,2.0696969032287598,0.5899097919464111,0.388197124004364,2.0614657402038574,0.47976166009902954,0.555959939956665,2.1534130573272705,0.13257159292697906,0.41338086128234863,2.153014659881592,-0.009235327132046223,0.40754997730255127,0.8349608182907104,0.0,0.41570115089416504,0.7687894701957703,0.005360806826502085,0.41995710134506226,0.7053507566452026,-0.0026400028727948666,0.42505383491516113,0.6601014733314514,-0.013268757611513138,0.4243909418582916,0.6206416487693787,-0.024904713034629822,0.40001219511032104,0.7216442227363586,-0.029817432165145874,0.4158194363117218,0.6768112778663635,-0.050859346985816956,0.42564889788627625,0.6503621935844421,-0.06177219748497009,0.4328787624835968,0.6260441541671753,-0.0697028636932373,0.40274155139923096,0.7475415468215942,-0.04638722166419029,0.42330309748649597,0.7075122594833374,-0.07185319811105728,0.4391302466392517,0.6803959012031555,-0.08205784857273102,0.45313575863838196,0.654392421245575,-0.08978050947189331,0.40941059589385986,0.7778581976890564,-0.06118032708764076,0.4283551275730133,0.7452178001403809,-0.08529093116521835,0.444825679063797,0.720298707485199,-0.09209394454956055,0.46020299196243286,0.6944135427474976,-0.09698280692100525,0.41987699270248413,0.8117891550064087,-0.07491301745176315,0.43206125497817993,0.7958186268806458,-0.09508255869150162,0.4403533935546875,0.7771406173706055,-0.1012067049741745,0.44838660955429077,0.7549378871917725,-0.10554003715515137
never,0.48878175020217896,0.3224502205848694,-0.5887989401817322,0.5128422379493713,0.2827141582965851,-0.54686039686203,0.5275115966796875,0.28201723098754883,-0.5470187664031982,0.539599597454071,0.2822542190551758,-0.5469579100608826,0.46425262093544006,0.2861483693122864,-0.5355117321014404,0.45083242654800415,0.2877093553543091,-0.5355360507965088,0.4397285580635071,0.2897227108478546,-0.536059558391571,0.5608232021331787,0.3042299151420593,-0.2846393585205078,0.4291447699069977,0.31814318895339966,-0.216570645570755,0.5240737795829773,0.37461185455322266,-0.49201613664627075,0.4615229666233063,0.3769475817680359,-0.4747553765773773,0.6860088109970093,0.5916605591773987,-0.19902655482292175,0.33904051780700684,0.5969504714012146,-0.08530130237340927,0.7310333251953125,0.9738442301750183,-0.22135142982006073,0.2673841714859009,0.9687597751617432,-0.46614870429039,0.6972827911376953,1.246796727180481,-0.4234928488731384,0.1983303427696228,0.60820072889328,-1.22383451461792,0.7054122090339661,1.342968463897705,-0.47150030732154846,0.15515610575675964,0.4890388250350952,-1.3538955450057983,0.6684885025024414,1.3193944692611694,-0.5051581263542175,0.16394737362861633,0.43570491671562195,-1.3532594442367554,0.6545684933662415,1.2811883687973022,-0.4445381760597229,0.18641284108161926,0.49488651752471924,-1.24818754196167,0.615463376045227,1.1881572008132935,-0.045909397304058075,0.39140427112579346,1.1882272958755493,0.04872232675552368,0.6089985966682434,1.6274727582931519,-0.11594267189502716,0.4052709639072418,1.6238406896591187,-0.037580251693725586,0.615890622138977,2.0322089195251465,0.30648788809776306,0.4158593714237213,2.0296971797943115,0.219944566488266,0.6237128376960754,2.0959513187408447,0.325077623128891,0.4185717701911926,2.094409465789795,0.23209266364574432,0.5810664892196655,2.165017604827881,-0.08417821675539017,0.4276403784751892,2.160533905029297,-0.2039308249950409,0.20840732753276825,0.5292421579360962,0.0,0.2196851670742035,0.4708162546157837,0.005647305399179459,0.19736416637897491,0.408068984746933,0.004919089376926422,0.17577259242534637,0.36646994948387146,-0.0005461876280605793,0.16249564290046692,0.3345085382461548,-0.0070969644002616405,0.15199768543243408,0.3753832280635834,0.011553367599844933,0.12284037470817566,0.32134559750556946,-0.0011416214983910322,0.10379650443792343,0.27868226170539856,-0.012481776997447014,0.0867169052362442,0.24222363531589508,-0.020510083064436913,0.14005054533481598,0.3830903172492981,-0.004075753968209028,0.10858388990163803,0.32189318537712097,-0.014415649697184563,0.08647555857896805,0.2724449336528778,-0.02599630318582058,0.06605052947998047,0.2279808074235916,-0.03580545261502266,0.13057073950767517,0.39850300550460815,-0.021730929613113403,0.10060635954141617,0.3411833643913269,-0.0331338495016098,0.07945633679628372,0.29612135887145996,-0.04297110065817833,0.060485757887363434,0.2568226158618927,-0.05088327080011368,0.12480024993419647,0.425079882144928,-0.04012559726834297,0.1016300618648529,0.38140571117401123,-0.050921253859996796,0.08586340397596359,0.3504987061023712,-0.05688047781586647,0.07174591720104218,0.32291775941848755,-0.06165391951799393
never,0.4877183437347412,0.31738710403442383,-0.5466033816337585,0.5110217928886414,0.2775980234146118,-0.5065925121307373,0.526943027973175,0.2765893340110779,-0.5067260265350342,0.5387835502624512,0.2768988609313965,-0.5066352486610413,0.4625914692878723,0.28147637844085693,-0.49482545256614685,0.45001155138015747,0.2825794816017151,-0.49475184082984924,0.4396572709083557,0.2839571237564087,-0.4952082633972168,0.5608744621276855,0.30037444829940796,-0.26267939805984497,0.4319069981575012,0.3134666085243225,-0.19212892651557922,0.5248525738716125,0.36935126781463623,-0.457943856716156,0.4618367552757263,0.37291812896728516,-0.4398745894432068,0.6882621049880981,0.5901174545288086,-0.1902635395526886,0.34126198291778564,0.59624183177948,-0.07622254639863968,0.7344168424606323,0.9696041345596313,-0.23156476020812988,0.27101993560791016,0.9716290235519409,-0.4239422678947449,0.7053552865982056,1.2327438592910767,-0.43836504220962524,0.20135144889354706,0.6103756427764893,-1.137123942375183,0.7169795036315918,1.3225582838058472,-0.49154871702194214,0.15770995616912842,0.49114158749580383,-1.258976936340332,0.6789610385894775,1.3002437353134155,-0.52174973487854,0.16640999913215637,0.4361610412597656,-1.2601544857025146,0.6638035774230957,1.265549898147583,-0.4594389796257019,0.18981313705444336,0.4986022114753723,-1.1616084575653076,0.621624231338501,1.183377742767334,-0.03996327891945839,0.39730894565582275,1.1861165761947632,0.04315972700715065,0.6202406883239746,1.6269700527191162,-0.13517704606056213,0.4131105840206146,1.6280089616775513,-0.04349977523088455,0.6296656131744385,2.033546209335327,0.27441439032554626,0.4255661964416504,2.0297985076904297,0.19141964614391327,0.638721764087677,2.0956544876098633,0.29033607244491577,0.42772427201271057,2.0904390811920166,0.2012571543455124,0.5922385454177856,2.1670799255371094,-0.1235879436135292,0.4437025189399719,2.165905237197876,-0.2338571846485138,0.211625337600708,0.5342580080032349,0.0,0.22283323109149933,0.47611361742019653,0.005335752386599779,0.2010558545589447,0.4128105938434601,0.0036710775457322598,0.17963017523288727,0.3709608316421509,-0.002734855283051729,0.1648065149784088,0.33882567286491394,-0.010001936927437782,0.1527594029903412,0.3793165385723114,0.009531049989163876,0.12378959357738495,0.3212653696537018,-0.0038974680937826633,0.10399658977985382,0.2778034806251526,-0.015004456974565983,0.08642156422138214,0.24124063551425934,-0.022752903401851654,0.1422310471534729,0.38860994577407837,-0.0065798512659966946,0.11099959909915924,0.32148489356040955,-0.0173931997269392,0.08782971650362015,0.27166229486465454,-0.028198985382914543,0.06646264344453812,0.2277018278837204,-0.03731193020939827,0.13406220078468323,0.4055836796760559,-0.02476196549832821,0.10281780362129211,0.34399187564849854,-0.03662358224391937,0.07962469756603241,0.2988303005695343,-0.04541745409369469,0.0594387948513031,0.25929751992225647,-0.052525267004966736,0.12959685921669006,0.4331532418727875,-0.0437040813267231,0.10578356683254242,0.3876016139984131,-0.05469093471765518,0.08974893391132355,0.35473939776420593,-0.06003575399518013,0.07626820355653763,0.3250655233860016,-0.06432387977838516
never,0.49956169724464417,0.33131134510040283,-1.050357699394226,0.5266540050506592,0.2872886657714844,-1.0114378929138184,0.5407695174217224,0.2861863970756531,-1.01127290725708,0.5533350110054016,0.2854456901550293,-1.0108805894851685,0.4778258204460144,0.2925405502319336,-1.0118588209152222,0.462669312953949,0.2944788932800293,-1.011820912361145,0.45043158531188965,0.2966262102127075,-1.0122326612472534,0.5748878717422485,0.303226113319397,-0.7082775235176086,0.44135910272598267,0.3167403042316437,-0.7026211023330688,0.533652126789093,0.37794172763824463,-0.9353535771369934,0.4714663624763489,0.381991982460022,-0.9341766238212585,0.6891951560974121,0.5926103591918945,-0.48945045471191406,0.3404373526573181,0.5964820384979248,-0.5057187080383301,0.7341314554214478,0.9772739410400391,-0.44149845838546753,0.2600848376750946,0.9904970526695251,-0.735263466835022,0.7234009504318237,1.2544026374816895,-0.7073532342910767,0.3831574320793152,0.8867514133453369,-1.296403169631958,0.7373561263084412,1.3367518186569214,-0.7749556303024292,0.4093000292778015,0.8515384793281555,-1.4094111919403076,0.7099160552024841,1.3225305080413818,-0.817797839641571,0.4117342531681061,0.8009928464889526,-1.3848644495010376,0.6937220096588135,1.2877638339996338,-0.7329018115997314,0.4095703065395355,0.8031724095344543,-1.2961736917495728,0.6294382810592651,1.1827499866485596,-0.0350990854203701,0.39883869886398315,1.1836978197097778,0.0378682017326355,0.6150184869766235,1.6433383226394653,0.012090248987078667,0.39918282628059387,1.6472644805908203,0.11197961866855621,0.6089581847190857,2.0477070808410645,0.5605644583702087,0.4106671214103699,2.0442678928375244,0.5130664706230164,0.6147999167442322,2.105814218521118,0.5868242383003235,0.40745753049850464,2.099247694015503,0.5395909547805786,0.5793435573577881,2.1958346366882324,0.137853741645813,0.43773213028907776,2.1956441402435303,0.057468198239803314,0.4035807251930237,0.8787777423858643,0.0,0.4176335632801056,0.8153979182243347,0.004170489963144064,0.426458477973938,0.7581449747085571,-0.0046068038791418076,0.43498122692108154,0.7183845043182373,-0.016364291310310364,0.4390188455581665,0.6855425834655762,-0.02952035516500473,0.4012939929962158,0.7697678804397583,-0.031654663383960724,0.4258016347885132,0.7338632941246033,-0.052804458886384964,0.4412497878074646,0.7161868214607239,-0.06346558034420013,0.45202726125717163,0.7012837529182434,-0.07070690393447876,0.40058961510658264,0.7989528775215149,-0.047273024916648865,0.42755255103111267,0.7702429890632629,-0.07305033504962921,0.44822531938552856,0.7499201893806458,-0.08285238593816757,0.464913010597229,0.7320309281349182,-0.08981254696846008,0.4027138352394104,0.8322286605834961,-0.06089695170521736,0.4261440336704254,0.8107916116714478,-0.08517562597990036,0.4476792812347412,0.7915738821029663,-0.09062649309635162,0.46599194407463074,0.7739439606666565,-0.09419775754213333,0.40886786580085754,0.8670611381530762,-0.07366255670785904,0.42212146520614624,0.8608533143997192,-0.09350914508104324,0.4319777488708496,0.8469487428665161,-0.09807240962982178,0.441093385219574,0.8322609066963196,-0.10084091871976852
never,0.36670947074890137,0.339942991733551,-0.8433475494384766,0.3920062780380249,0.2906874418258667,-0.8010880351066589,0.4067772328853607,0.2883162498474121,-0.8013190031051636,0.42043933272361755,0.28750449419021606,-0.8014682531356812,0.34981754422187805,0.2961927652359009,-0.7818467020988464,0.33870577812194824,0.2973390221595764,-0.781633198261261,0.3296750783920288,0.2982524633407593,-0.7818590402603149,0.43983811140060425,0.30539798736572266,-0.47845545411109924,0.3216843008995056,0.31904137134552,-0.36934810876846313,0.400172621011734,0.39119428396224976,-0.7264280319213867,0.3443372845649719,0.39434289932250977,-0.6976756453514099,0.5661020278930664,0.560217559337616,-0.3708859086036682,0.23467007279396057,0.5759420394897461,-0.13302308320999146,0.653326153755188,0.9458406567573547,-0.3801151514053345,0.026614785194396973,0.8600997924804688,-0.6125190258026123,0.6660770177841187,1.2415122985839844,-0.5042995810508728,0.20497861504554749,0.6144440174102783,-1.3440660238265991,0.6863126754760742,1.3360072374343872,-0.5706455111503601,0.24951425194740295,0.4938444495201111,-1.4804762601852417,0.6516944766044617,1.3392729759216309,-0.5958621501922607,0.2653496265411377,0.4822602868080139,-1.4038643836975098,0.6338822841644287,1.3088237047195435,-0.5213107466697693,0.26660582423210144,0.5211146473884583,-1.3357404470443726,0.5383795499801636,1.199169635772705,-0.15116555988788605,0.3159855604171753,1.217164397239685,0.15365546941757202,0.5360854864120483,1.701762080192566,-0.13766469061374664,0.32631948590278625,1.7248250246047974,0.4460899829864502,0.5386989116668701,2.155999183654785,0.4270969331264496,0.34353822469711304,2.1604249477386475,1.0190507173538208,0.5531281232833862,2.219916582107544,0.45180806517601013,0.34449684619903564,2.2187957763671875,1.0679740905761719,0.48855966329574585,2.2930045127868652,-0.0703049972653389,0.35342052578926086,2.3087472915649414,0.5589611530303955,0.20889833569526672,0.557470440864563,0.0,0.2446691393852234,0.5201672911643982,0.01041644997894764,0.2684859335422516,0.477958619594574,0.006782574579119682,0.2865481376647949,0.44905444979667664,-0.0017005054978653789,0.30193570256233215,0.42501601576805115,-0.011907611042261124,0.2556486427783966,0.4456186294555664,-0.01099091675132513,0.2853057384490967,0.4025673270225525,-0.02828998677432537,0.3056965470314026,0.3796621561050415,-0.03944244235754013,0.32286396622657776,0.36317265033721924,-0.04724380001425743,0.24960525333881378,0.45458564162254333,-0.028996992856264114,0.28117215633392334,0.4121492803096771,-0.049301695078611374,0.3035072684288025,0.389615923166275,-0.06092867627739906,0.3220452666282654,0.3708565831184387,-0.06964005529880524,0.2416575402021408,0.4746333956718445,-0.04644465073943138,0.27050867676734924,0.4383779764175415,-0.06685855239629745,0.2913142442703247,0.4179072380065918,-0.0775473341345787,0.30936500430107117,0.3997728228569031,-0.08504776656627655,0.23517416417598724,0.5028052926063538,-0.06266660243272781,0.25243186950683594,0.4831937551498413,-0.0798727422952652,0.2657209038734436,0.4662313759326935,-0.08820570260286331,0.2783316373825073,0.4494461715221405,-0.0947229266166687
never,0.37048301100730896,0.3035639524459839,-0.8411620855331421,0.3939329981803894,0.2623773217201233,-0.7907576560974121,0.40840378403663635,0.2620559334754944,-0.790668249130249,0.42047983407974243,0.2629375457763672,-0.7905608415603638,0.34712663292884827,0.26823002099990845,-0.7757267355918884,0.33153632283210754,0.2710409164428711,-0.7755085229873657,0.3188092112541199,0.27392780780792236,-0.7758850455284119,0.4454723000526428,0.2890782356262207,-0.4771190583705902,0.30676940083503723,0.3016091585159302,-0.39706259965896606,0.40767258405685425,0.353354275226593,-0.7321001291275024,0.34387651085853577,0.3616688847541809,-0.7112617492675781,0.5670903325080872,0.567170262336731,-0.34241342544555664,0.22604326903820038,0.5797518491744995,-0.2414046823978424,0.6394343376159668,0.9581100940704346,-0.3216899335384369,0.04666319489479065,0.8696825504302979,-0.7086645364761353,0.6312721371650696,1.2283406257629395,-0.4343581795692444,0.04558175802230835,0.49807363748550415,-1.432281255722046,0.6298272609710693,1.3136729001998901,-0.4868050217628479,0.0206262469291687,0.34113746881484985,-1.577677845954895,0.5859342813491821,1.2939741611480713,-0.49427860975265503,0.05493110418319702,0.3082195520401001,-1.5321763753890991,0.5756439566612244,1.2611368894577026,-0.44638791680336,0.07421281933784485,0.3686180114746094,-1.442413568496704,0.5604656338691711,1.2037088871002197,-0.06036127731204033,0.3185628652572632,1.2229483127593994,0.06393524259328842,0.5644587278366089,1.6945250034332275,-0.004945466760545969,0.3438430428504944,1.719014286994934,0.21240019798278809,0.5731961727142334,2.126842498779297,0.6014268398284912,0.3566235899925232,2.141942024230957,0.667170524597168,0.5837104916572571,2.19754695892334,0.6357232332229614,0.35376864671707153,2.2074484825134277,0.7035099864006042,0.540563702583313,2.2736053466796875,0.16649340093135834,0.3926827609539032,2.2975661754608154,0.19393517076969147,0.07290239632129669,0.4393637776374817,0.0,0.0942055806517601,0.39748454093933105,0.0035781962797045708,0.09238342940807343,0.33257582783699036,0.004759097471833229,0.08451975882053375,0.2878232002258301,0.002063568215817213,0.08004038035869598,0.25112730264663696,-0.0011304451618343592,0.06416931003332138,0.29029250144958496,0.017880022525787354,0.057102020829916,0.23806428909301758,0.00964178703725338,0.0545509047806263,0.1983271986246109,0.0019928677938878536,0.05208905413746834,0.16655106842517853,-0.002896529156714678,0.050705116242170334,0.29228270053863525,0.006265349220484495,0.04473395645618439,0.2349962443113327,0.0004965917905792594,0.04067506641149521,0.1885252445936203,-0.006593312136828899,0.03654440492391586,0.1474705934524536,-0.012401171959936619,0.03651580214500427,0.300207257270813,-0.008033153600990772,0.03210301697254181,0.24237388372421265,-0.015772398561239243,0.028828445822000504,0.19727714359760284,-0.021032236516475677,0.025293029844760895,0.15841419994831085,-0.024916715919971466,0.02250494807958603,0.3178022801876068,-0.023490920662879944,0.01646418496966362,0.2682667672634125,-0.03134088218212128,0.010832227766513824,0.23317307233810425,-0.034620776772499084,0.005890507251024246,0.20238395035266876,-0.03672342747449875
never,0.3811335563659668,0.3085942268371582,-0.7952669262886047,0.40502601861953735,0.26783573627471924,-0.7453823685646057,0.4192965030670166,0.267333984375,-0.7454845309257507,0.43149933218955994,0.26839351654052734,-0.745327889919281,0.35739460587501526,0.2724253535270691,-0.7278373837471008,0.3427738547325134,0.2739444971084595,-0.7276557087898254,0.33089369535446167,0.27603769302368164,-0.7281005382537842,0.45430904626846313,0.29138845205307007,-0.4220491051673889,0.3190962076187134,0.30325889587402344,-0.3263993263244629,0.4177704453468323,0.36180251836776733,-0.6820154786109924,0.3520980775356293,0.3687249422073364,-0.6570641994476318,0.5758293867111206,0.5739994645118713,-0.30060315132141113,0.23340408504009247,0.5844131708145142,-0.1507406234741211,0.6517845392227173,0.9529421329498291,-0.32029592990875244,0.049769967794418335,0.8763712644577026,-0.6427875757217407,0.6512370705604553,1.2042275667190552,-0.5260378122329712,0.05306634306907654,0.4972410202026367,-1.4490526914596558,0.658395528793335,1.2931652069091797,-0.5930917263031006,0.02960526943206787,0.3357107937335968,-1.6053390502929688,0.6229254007339478,1.273424506187439,-0.6176067590713501,0.06562289595603943,0.31294023990631104,-1.5616668462753296,0.609712541103363,1.2426656484603882,-0.5464985370635986,0.08474376797676086,0.3741146922111511,-1.4604958295822144,0.5630926489830017,1.2146137952804565,-0.0858047604560852,0.3216196298599243,1.2342276573181152,0.08934404700994492,0.5668591856956482,1.6986231803894043,-0.10623939335346222,0.3411298394203186,1.7258930206298828,0.29627513885498047,0.5802632570266724,2.139045238494873,0.4388035237789154,0.36253586411476135,2.148163318634033,0.777247965335846,0.5912024974822998,2.2111244201660156,0.46540603041648865,0.362091600894928,2.211207389831543,0.8151489496231079,0.5445712804794312,2.2779994010925293,-0.03108564019203186,0.39304473996162415,2.2987802028656006,0.309889018535614,0.07938923686742783,0.44549116492271423,0.0,0.10016793012619019,0.39823833107948303,0.004359408747404814,0.09624964743852615,0.33336198329925537,0.003586577484384179,0.08925292640924454,0.28765353560447693,-0.0013212008634582162,0.0857912003993988,0.24763813614845276,-0.00715089775621891,0.06242986395955086,0.28688639402389526,0.01167482789605856,0.053472936153411865,0.2295590043067932,0.0005048165912739933,0.04831307381391525,0.18469573557376862,-0.009620215743780136,0.04325916990637779,0.14713656902313232,-0.016676707193255424,0.0497879683971405,0.291119247674942,-0.0021011107601225376,0.03982404246926308,0.22791190445423126,-0.011205777525901794,0.03206566348671913,0.17677807807922363,-0.021211452782154083,0.024206683039665222,0.13120441138744354,-0.029574576765298843,0.03713253140449524,0.3012973368167877,-0.017982229590415955,0.02762780338525772,0.23933982849121094,-0.02855297550559044,0.020405422896146774,0.19011563062667847,-0.03696798160672188,0.013165012001991272,0.1466227024793625,-0.04359306022524834,0.025388114154338837,0.32189515233039856,-0.03467096760869026,0.01645122841000557,0.27155253291130066,-0.04493417963385582,0.009349483996629715,0.23553863167762756,-0.05035876855254173,0.0025465115904808044,0.2028941661119461,-0.0545378103852272
never,0.41706687211990356,0.3320963978767395,-1.0829654932022095,0.4414004385471344,0.2872401475906372,-1.0356202125549316,0.4575570523738861,0.2877310514450073,-1.0355442762374878,0.4708326756954193,0.28848594427108765,-1.0352880954742432,0.39568570256233215,0.2892742156982422,-1.0314170122146606,0.38292062282562256,0.29127246141433716,-1.031175971031189,0.3730347752571106,0.2939532995223999,-1.031423568725586,0.49272680282592773,0.3070361018180847,-0.6931858658790588,0.3616673946380615,0.31713688373565674,-0.6588755249977112,0.4556228518486023,0.3892807960510254,-0.9553409814834595,0.3921760022640228,0.38466930389404297,-0.9462930560112,0.6149687767028809,0.5951346158981323,-0.4638988971710205,0.2600705027580261,0.596967339515686,-0.4659823775291443,0.6650935411453247,0.9842886328697205,-0.45458918809890747,0.11838167905807495,0.9696652889251709,-0.8094313740730286,0.6744065284729004,1.268750548362732,-0.7446413040161133,0.2768293619155884,0.8240187168121338,-1.4823135137557983,0.6920299530029297,1.3471815586090088,-0.8238996267318726,0.3182460367679596,0.7555927634239197,-1.6178758144378662,0.6597691774368286,1.3376574516296387,-0.8580095171928406,0.3258419334888458,0.7049933075904846,-1.5770903825759888,0.6422679424285889,1.308744192123413,-0.7700110077857971,0.3198501467704773,0.7176447510719299,-1.4803082942962646,0.552963376045227,1.1997971534729004,-0.05042242258787155,0.3136789798736572,1.2017134428024292,0.0539487823843956,0.5379082560539246,1.681182861328125,0.13234713673591614,0.31997689604759216,1.688355565071106,0.23368236422538757,0.5301206707954407,2.0880722999572754,0.8606573343276978,0.32930833101272583,2.094177007675171,0.7991670370101929,0.5353758335113525,2.149784564971924,0.9027388691902161,0.3286064565181732,2.1531174182891846,0.8437386751174927,0.4959186017513275,2.234037160873413,0.4116066098213196,0.3518259525299072,2.2486157417297363,0.3111352324485779,0.2788712680339813,0.7545279264450073,0.0,0.3010962903499603,0.7035326957702637,0.0015922499587759376,0.33112090826034546,0.6585432291030884,-0.01065880712121725,0.35929831862449646,0.6304449439048767,-0.02468324638903141,0.3791138529777527,0.6026942729949951,-0.04078587889671326,0.30741894245147705,0.6684789061546326,-0.04361366108059883,0.3395131826400757,0.6380162835121155,-0.06749171018600464,0.3627925217151642,0.6216316819190979,-0.08101771771907806,0.382550448179245,0.6042986512184143,-0.09105100482702255,0.3041808605194092,0.6974053978919983,-0.05913745239377022,0.3382536768913269,0.6726316809654236,-0.08742428570985794,0.3658062517642975,0.6551843285560608,-0.09978324174880981,0.3910161554813385,0.6394444704055786,-0.10943370312452316,0.30211272835731506,0.7314676642417908,-0.07208078354597092,0.3323376178741455,0.7109131813049316,-0.09852467477321625,0.3574281930923462,0.6949464678764343,-0.10704366862773895,0.38089239597320557,0.6798580884933472,-0.11353915929794312,0.30090150237083435,0.7673444747924805,-0.08371397107839584,0.31905561685562134,0.761309027671814,-0.10630352050065994,0.3335469961166382,0.7494553923606873,-0.11345531046390533,0.34827321767807007,0.7364550828933716,-0.11875664442777634
never,0.4175814986228943,0.3331444561481476,-1.0141929388046265,0.4435880780220032,0.28906261920928955,-0.9668515920639038,0.45982712507247925,0.28979676961898804,-0.9667404890060425,0.4728389382362366,0.29075831174850464,-0.9664533734321594,0.39776551723480225,0.2885953187942505,-0.9596956968307495,0.3848543167114258,0.2894866168498993,-0.9594262838363647,0.37558597326278687,0.2907118797302246,-0.9596920013427734,0.4964393973350525,0.31099939346313477,-0.6388389468193054,0.3669584393501282,0.3132759928703308,-0.5919468998908997,0.45490074157714844,0.389771044254303,-0.8935230374336243,0.3930392265319824,0.3839592933654785,-0.8809317350387573,0.6189000606536865,0.600953221321106,-0.4336329400539398,0.2633829712867737,0.5956060290336609,-0.4139830470085144,0.6704765558242798,0.9867152571678162,-0.4311825633049011,0.12223011255264282,0.9695573449134827,-0.7648714780807495,0.6691046357154846,1.2920926809310913,-0.6987705826759338,0.2823328971862793,0.8135364651679993,-1.4228225946426392,0.6858868598937988,1.3757379055023193,-0.7720775604248047,0.32708966732025146,0.7424428462982178,-1.55563485622406,0.6503028869628906,1.367726445198059,-0.8023844957351685,0.33195918798446655,0.6977216005325317,-1.5050289630889893,0.6330361366271973,1.3360426425933838,-0.7216817736625671,0.32476773858070374,0.7101981043815613,-1.4168176651000977,0.5476195812225342,1.204321026802063,-0.053351812064647675,0.31175094842910767,1.202321171760559,0.05679120868444443,0.5294713377952576,1.6849216222763062,0.10122259706258774,0.31627026200294495,1.6881152391433716,0.19670923054218292,0.5181767344474792,2.0889892578125,0.8046404719352722,0.3221658170223236,2.0914549827575684,0.7256858348846436,0.5232239961624146,2.150082588195801,0.8446213006973267,0.3213537931442261,2.1492552757263184,0.7664339542388916,0.4838324189186096,2.2320191860198975,0.36312371492385864,0.340570867061615,2.244818925857544,0.24196287989616394,0.286259263753891,0.7537582516670227,0.0,0.30978867411613464,0.7080779671669006,-0.0006763188866898417,0.33951884508132935,0.6631909012794495,-0.014161053113639355,0.36771461367607117,0.6347677707672119,-0.028819072991609573,0.3910941481590271,0.6078514456748962,-0.04577511548995972,0.3145626187324524,0.6634715795516968,-0.04954422637820244,0.34827712178230286,0.6288102269172668,-0.0754886046051979,0.37143445014953613,0.6101034879684448,-0.09025207906961441,0.39050549268722534,0.5908498764038086,-0.10121452808380127,0.31049227714538574,0.6901645660400391,-0.06477926671504974,0.3467322289943695,0.6624261736869812,-0.09595324844121933,0.3748844563961029,0.6439136862754822,-0.1101120337843895,0.4001857340335846,0.6262080669403076,-0.12115433067083359,0.3084068298339844,0.7234934568405151,-0.07746008783578873,0.3397323489189148,0.7015478610992432,-0.10708899796009064,0.365588515996933,0.684783399105072,-0.11853326857089996,0.3896164298057556,0.6675872206687927,-0.12681493163108826,0.30797088146209717,0.7593719959259033,-0.0886862576007843,0.32636916637420654,0.7525122165679932,-0.1141696646809578,0.3417273163795471,0.7405205368995667,-0.12383018434047699,0.35780957341194153,0.7263269424438477,-0.13097243010997772
never,0.5879001617431641,0.3066101670265198,-1.1141422986984253,0.6115105748176575,0.26252269744873047,-1.0677374601364136,0.6245968341827393,0.26159846782684326,-1.0674570798873901,0.6348201632499695,0.2619090676307678,-1.0670666694641113,0.565080463886261,0.26968055963516235,-1.0711095333099365,0.5496770143508911,0.2745264768600464,-1.0709517002105713,0.5362634062767029,0.27865245938301086,-1.0713523626327515,0.6543745994567871,0.2826412320137024,-0.7218203544616699,0.523293137550354,0.30236852169036865,-0.7245425581932068,0.6208699941635132,0.3580222725868225,-0.9856603741645813,0.561296284198761,0.3590885400772095,-0.9865957498550415,0.7603793144226074,0.595676064491272,-0.48209506273269653,0.4183000922203064,0.558491587638855,-0.59661465883255,0.7911545038223267,1.0063241720199585,-0.44499149918556213,0.31782662868499756,0.9459227919578552,-1.0086742639541626,0.7929612398147583,1.3535445928573608,-0.6566759943962097,0.562684178352356,0.730885922908783,-1.5189998149871826,0.8145834803581238,1.455344557762146,-0.7130230069160461,0.632968008518219,0.6542332172393799,-1.6343193054199219,0.7825779914855957,1.4593710899353027,-0.7474364638328552,0.6398370862007141,0.6059528589248657,-1.5672688484191895,0.7614802122116089,1.4184165000915527,-0.6790424585342407,0.6222277879714966,0.624076247215271,-1.4983985424041748,0.6700298190116882,1.2027394771575928,-0.01986638829112053,0.4269675314426422,1.179017186164856,0.02260884828865528,0.6329424977302551,1.7063151597976685,0.0837273821234703,0.40832051634788513,1.685801386833191,0.11490242183208466,0.6077380180358887,2.1383204460144043,0.7178251147270203,0.39696747064590454,2.119863510131836,0.5729912519454956,0.6112507581710815,2.1989996433258057,0.7494158744812012,0.3898756206035614,2.178743600845337,0.606040358543396,0.5737103223800659,2.2879464626312256,0.2621971368789673,0.4183160662651062,2.2807414531707764,0.06441419571638107,0.5654207468032837,0.6730298399925232,0.0,0.5777004957199097,0.6275521516799927,-0.0006364085129462183,0.6096757054328918,0.5918375849723816,-0.010919577442109585,0.6452070474624634,0.5768794417381287,-0.021135834977030754,0.6719176173210144,0.564169704914093,-0.031783007085323334,0.5963788032531738,0.5595115423202515,-0.03688296675682068,0.6444607377052307,0.5200783610343933,-0.054759446531534195,0.6761676669120789,0.4927351176738739,-0.06384561210870743,0.7003685235977173,0.4705677926540375,-0.06976805627346039,0.6000809669494629,0.5829222202301025,-0.04703572764992714,0.6502593159675598,0.5387641787528992,-0.06646593660116196,0.686641275882721,0.5063490867614746,-0.07382504642009735,0.7145530581474304,0.4789603352546692,-0.07974064350128174,0.6070523858070374,0.6145175695419312,-0.05530377849936485,0.6534569263458252,0.5722746253013611,-0.07190395891666412,0.6873140931129456,0.5397830605506897,-0.0778365507721901,0.7131921052932739,0.5111318826675415,-0.0829399973154068,0.6160762310028076,0.6499483585357666,-0.06282909214496613,0.648921012878418,0.6200504899024963,-0.07626016438007355,0.6716132164001465,0.5957483053207397,-0.081352099776268,0.6913979649543762,0.573815643787384,-0.08592624962329865
never,0.5964488387107849,0.30594703555107117,-1.0110830068588257,0.6188286542892456,0.2595021724700928,-0.966661810874939,0.6319394707679749,0.25868725776672363,-0.966442883014679,0.6442824006080627,0.25890785455703735,-0.9661334753036499,0.5725868940353394,0.26660168170928955,-0.972392737865448,0.557731568813324,0.27134424448013306,-0.9723984003067017,0.5440618991851807,0.27583789825439453,-0.9728953242301941,0.6640586853027344,0.2795974612236023,-0.6378393769264221,0.5291603207588196,0.30123621225357056,-0.6561183929443359,0.6287229061126709,0.35814762115478516,-0.8868914842605591,0.5711978673934937,0.35842716693878174,-0.8921367526054382,0.766173243522644,0.5754883885383606,-0.392326682806015,0.42263007164001465,0.5583542585372925,-0.534153938293457,0.7991843223571777,0.9733811020851135,-0.335598886013031,0.32085558772087097,0.943654477596283,-0.9006755948066711,0.8066846132278442,1.3173329830169678,-0.5739356279373169,0.5792738199234009,0.7274664044380188,-1.367502212524414,0.8296710252761841,1.4183779954910278,-0.6302071809768677,0.6491367220878601,0.6606408953666687,-1.475426197052002,0.7992212772369385,1.4189826250076294,-0.67384272813797,0.6553483009338379,0.6075274348258972,-1.4125162363052368,0.777899444103241,1.3770402669906616,-0.6003113389015198,0.6352973580360413,0.6255704760551453,-1.3461321592330933,0.6773210763931274,1.1786786317825317,0.003363862168043852,0.4415227472782135,1.1582380533218384,-0.0010261075804010034,0.6502782106399536,1.6679126024246216,-0.004981072153896093,0.4323612153530121,1.648324966430664,-0.010902141220867634,0.6285954713821411,2.1031970977783203,0.5076167583465576,0.41610807180404663,2.0875988006591797,0.3145998418331146,0.6305890083312988,2.1638288497924805,0.5299777388572693,0.4070530831813812,2.150545597076416,0.3317070007324219,0.5972579717636108,2.2522711753845215,0.07438807189464569,0.4323195517063141,2.2357306480407715,-0.17431527376174927,0.5895068049430847,0.668971061706543,0.0,0.5960209369659424,0.6219826936721802,-0.0011428215075284243,0.6212324500083923,0.5784335136413574,-0.009879713878035545,0.6514864563941956,0.5534064173698425,-0.017670927569270134,0.6763479113578796,0.5368185639381409,-0.02541947178542614,0.6160239577293396,0.5603803992271423,-0.03557182103395462,0.6622426509857178,0.5248970985412598,-0.048529867082834244,0.691232442855835,0.5012193322181702,-0.052107151597738266,0.7123056650161743,0.4818311929702759,-0.053878460079431534,0.621916651725769,0.5841274857521057,-0.042007118463516235,0.6688774824142456,0.5470118522644043,-0.05612136796116829,0.6996386647224426,0.5236903429031372,-0.05661119148135185,0.7208968997001648,0.5055857300758362,-0.056815631687641144,0.6308754086494446,0.6142174601554871,-0.046312831342220306,0.6749892234802246,0.5790427327156067,-0.057681936770677567,0.7016704082489014,0.5557360053062439,-0.056231237947940826,0.7184770107269287,0.5357373356819153,-0.05562203750014305,0.6412823796272278,0.6459874510765076,-0.050126731395721436,0.6779388189315796,0.6170105934143066,-0.059469591826200485,0.6987738609313965,0.5951496362686157,-0.06010882928967476,0.7136166095733643,0.5744548439979553,-0.06050888076424599
never,0.5966803431510925,0.30692434310913086,-0.7353043556213379,0.619152307510376,0.26408129930496216,-0.6850965023040771,0.6327207684516907,0.2629373073577881,-0.6850516200065613,0.6441425681114197,0.26323044300079346,-0.6846784949302673,0.5719152688980103,0.27220475673675537,-0.6751074194908142,0.5556502938270569,0.27672117948532104,-0.6746525764465332,0.5416238903999329,0.2805356979370117,-0.6749855279922485,0.6649240255355835,0.2874617576599121,-0.36595216393470764,0.5223249197006226,0.30825281143188477,-0.2986784875392914,0.6294431686401367,0.35995012521743774,-0.6225512623786926,0.5685873627662659,0.3645029664039612,-0.60481858253479,0.7788997888565063,0.6067987084388733,-0.2222466766834259,0.42939653992652893,0.5814151763916016,-0.20245306193828583,0.7998384237289429,0.9796416759490967,-0.2019372433423996,0.327836811542511,0.9589584469795227,-0.688144862651825,0.800824761390686,1.2480107545852661,-0.428129106760025,0.3834424614906311,0.5553904175758362,-1.5287134647369385,0.8120871782302856,1.3392361402511597,-0.48482322692871094,0.37245145440101624,0.4155389070510864,-1.6852738857269287,0.7860474586486816,1.3219910860061646,-0.5094624757766724,0.3816782236099243,0.38157451152801514,-1.6650902032852173,0.7679800391197205,1.2871311902999878,-0.45000362396240234,0.39270317554473877,0.4567728042602539,-1.54537034034729,0.7040687203407288,1.2279956340789795,-0.06308665126562119,0.4661270081996918,1.222119688987732,0.06662680953741074,0.6905984878540039,1.709113597869873,0.012807562947273254,0.47764164209365845,1.7196590900421143,0.22892649471759796,0.6807564496994019,2.1410562992095947,0.6271222233772278,0.48232030868530273,2.1438186168670654,0.7396252751350403,0.6866738200187683,2.2000863552093506,0.6588417887687683,0.4803991913795471,2.200427770614624,0.7816277146339417,0.647308349609375,2.2856712341308594,0.18016275763511658,0.4973224103450775,2.2954111099243164,0.26034143567085266,0.39757803082466125,0.4722583293914795,0.0,0.41927921772003174,0.41054344177246094,-4.455421367310919e-05,0.4087494909763336,0.34689778089523315,-0.006971435621380806,0.39873066544532776,0.30290040373802185,-0.01610937900841236,0.39338386058807373,0.26276445388793945,-0.026283537968993187,0.35757261514663696,0.32523584365844727,-0.013932221569120884,0.3539544641971588,0.2608082890510559,-0.03340033441781998,0.3537953794002533,0.20673143863677979,-0.04742728918790817,0.35546380281448364,0.16047878563404083,-0.05686945840716362,0.34927767515182495,0.33821895718574524,-0.02721039392054081,0.34845802187919617,0.26491186022758484,-0.04821029677987099,0.35024526715278625,0.20113323628902435,-0.062009040266275406,0.35309934616088867,0.1451648771762848,-0.07201482355594635,0.3474017381668091,0.35503727197647095,-0.04119229316711426,0.34749945998191833,0.2859755754470825,-0.061162691563367844,0.349087655544281,0.2262333333492279,-0.07207024097442627,0.3511790633201599,0.17497575283050537,-0.07971324026584625,0.3546602427959442,0.37816762924194336,-0.05542798712849617,0.3534483313560486,0.3260252773761749,-0.07198228687047958,0.35327666997909546,0.2833128273487091,-0.07988681644201279,0.35478299856185913,0.24504977464675903,-0.08592285960912704
never,0.5798027515411377,0.3182722330093384,-1.1011215448379517,0.6051071882247925,0.27269279956817627,-1.0456243753433228,0.6202100515365601,0.2713594436645508,-1.045492172241211,0.6331191062927246,0.27081823348999023,-1.0450981855392456,0.5547475218772888,0.2808363735675812,-1.0541404485702515,0.5391963720321655,0.285064160823822,-1.0542439222335815,0.5278549194335938,0.2888057827949524,-1.0548391342163086,0.6563935875892639,0.29255133867263794,-0.6704865097999573,0.5179881453514099,0.3153288960456848,-0.7007627487182617,0.6174812912940979,0.3708900213241577,-0.9608171582221985,0.5543848276138306,0.37281614542007446,-0.9696131944656372,0.77822345495224,0.6083614826202393,-0.36797407269477844,0.42251119017601013,0.5917216539382935,-0.5499268174171448,0.8054448366165161,0.9981593489646912,-0.28745418787002563,0.33247891068458557,0.9872367978096008,-0.8648251295089722,0.8113687634468079,1.3090630769729614,-0.6195213794708252,0.5340205430984497,0.8440496921539307,-1.4457910060882568,0.8293358087539673,1.4022501707077026,-0.6932602524757385,0.592113196849823,0.7918998599052429,-1.5732139348983765,0.8008219003677368,1.3933088779449463,-0.7487178444862366,0.5887937545776367,0.7397179007530212,-1.544149398803711,0.7820524573326111,1.3531494140625,-0.6533732414245605,0.5712628960609436,0.7462481260299683,-1.4414681196212769,0.6961654424667358,1.2081153392791748,0.009078826755285263,0.4593670964241028,1.1947343349456787,-0.0063998945988714695,0.6724441647529602,1.6949195861816406,0.031113166362047195,0.4472242295742035,1.6796491146087646,0.01728215627372265,0.662395715713501,2.120645046234131,0.6098105907440186,0.4493115544319153,2.109076738357544,0.42273038625717163,0.6665568351745605,2.1825966835021973,0.6360321044921875,0.4439222812652588,2.1703872680664062,0.44528913497924805,0.6333511471748352,2.2620434761047363,0.1431567519903183,0.47259998321533203,2.2536215782165527,-0.09230709075927734,0.5431396961212158,0.8213030695915222,0.0,0.5656747221946716,0.7574789524078369,0.004721359815448523,0.5970008969306946,0.70270174741745,-0.00472078425809741,0.6269514560699463,0.6678289771080017,-0.01564786396920681,0.6510289907455444,0.6418833136558533,-0.02709878981113434,0.5686340928077698,0.7047163248062134,-0.03916690871119499,0.6059564352035522,0.6622867584228516,-0.058684296905994415,0.6314412355422974,0.6447097659111023,-0.06577276438474655,0.651242196559906,0.6298702359199524,-0.07042600214481354,0.5677324533462524,0.7361302375793457,-0.05366820842027664,0.6101239919662476,0.6957084536552429,-0.07699359208345413,0.6429170370101929,0.6770232915878296,-0.08283259719610214,0.6702612042427063,0.663177490234375,-0.08713873475790024,0.5703151226043701,0.7741080522537231,-0.06532356142997742,0.6116323471069336,0.7434602975845337,-0.08706451952457428,0.6465730667114258,0.7268311381340027,-0.09116414189338684,0.6771885752677917,0.7117927670478821,-0.0941464975476265,0.5745396614074707,0.8138198256492615,-0.07534509897232056,0.6027482151985168,0.7989062666893005,-0.09284413605928421,0.6266821622848511,0.7847157716751099,-0.09712626039981842,0.6489001512527466,0.7703189253807068,-0.10023289173841476
