sorry,0.47321444749832153,0.24793237447738647,-1.1502041816711426,0.4976003170013428,0.2021378129720688,-1.1102150678634644,0.5145002603530884,0.20244210958480835,-1.1101245880126953,0.5288667678833008,0.2036018967628479,-1.109842300415039,0.44973617792129517,0.20472043752670288,-1.096572756767273,0.4372028708457947,0.2069200873374939,-1.096284031867981,0.424691766500473,0.20852845907211304,-1.0964913368225098,0.5493637919425964,0.22599655389785767,-0.7609124183654785,0.4123021066188812,0.23473674058914185,-0.6766366362571716,0.5108383893966675,0.3085496127605438,-1.0192021131515503,0.4450477957725525,0.3062138557434082,-0.9959758520126343,0.6690978407859802,0.5097373723983765,-0.5690391063690186,0.3190007209777832,0.5153504014015198,-0.4594899117946625,0.700395941734314,0.9316639304161072,-0.6044853925704956,0.2129519283771515,0.9106001257896423,-0.901288628578186,0.6494344472885132,1.1779568195343018,-0.8754329681396484,0.3673878014087677,0.6128628253936768,-1.646622896194458,0.6505194902420044,1.2619426250457764,-0.9660419225692749,0.41839081048965454,0.5483713746070862,-1.7913450002670288,0.6210185289382935,1.2434157133102417,-0.9828055500984192,0.4217168688774109,0.5072144865989685,-1.7482017278671265,0.609625518321991,1.2125815153121948,-0.8910056352615356,0.4157935082912445,0.5288986563682556,-1.645532250404358,0.588517427444458,1.0706835985183716,-0.08485707640647888,0.37145084142684937,1.1401214599609375,0.08789349347352982,0.6024086475372314,1.630598545074463,0.14050444960594177,0.3856007158756256,1.6425271034240723,0.4003576338291168,0.6038655042648315,2.052431583404541,0.9020434617996216,0.4020175039768219,2.063797950744629,1.0572115182876587,0.6139836311340332,2.111670970916748,0.946988582611084,0.40118807554244995,2.1228389739990234,1.1128926277160645,0.5634251832962036,2.2042644023895264,0.42826706171035767,0.4161887764930725,2.2196202278137207,0.5669106245040894,0.39141225814819336,0.5844902992248535,0.0,0.3928486406803131,0.5287562608718872,0.009190870448946953,0.4105543792247772,0.4881909191608429,0.006590814329683781,0.43810367584228516,0.4719697833061218,0.0018566848011687398,0.4582087993621826,0.47782808542251587,-0.00042349850991740823,0.4253811538219452,0.4618232548236847,-0.011523491702973843,0.4650983214378357,0.46579185128211975,-0.014698411338031292,0.4649490416049957,0.4849213659763336,-0.010373312048614025,0.4562810957431793,0.4931274652481079,-0.007012729998677969,0.44024190306663513,0.4819154143333435,-0.02049180492758751,0.4742804765701294,0.4993278682231903,-0.020022952929139137,0.46757233142852783,0.5181629657745361,-0.009500275366008282,0.4547231197357178,0.5253562927246094,-0.0037782415747642517,0.45246249437332153,0.5108342170715332,-0.02757035754621029,0.47754713892936707,0.5310868620872498,-0.02442258782684803,0.4695611000061035,0.5446085929870605,-0.013778113760054111,0.45671969652175903,0.5471734404563904,-0.00875926949083805,0.4625891149044037,0.5419029593467712,-0.03461761400103569,0.479012668132782,0.5579687356948853,-0.03100268542766571,0.4714275896549225,0.5681692957878113,-0.024115676060318947,0.46126773953437805,0.5695788860321045,-0.01985897310078144
sorry,0.48273009061813354,0.25162672996520996,-1.112648844718933,0.5063266754150391,0.20438432693481445,-1.0730303525924683,0.5231602787971497,0.20412302017211914,-1.0729237794876099,0.5367075204849243,0.20487922430038452,-1.0726070404052734,0.4569247364997864,0.206827774643898,-1.0620157718658447,0.443858802318573,0.20930522680282593,-1.0618647336959839,0.4320562481880188,0.21119464933872223,-1.0621014833450317,0.5569940805435181,0.22757019102573395,-0.7444111704826355,0.4163694381713867,0.23945079743862152,-0.6740986108779907,0.5195387601852417,0.3109806180000305,-0.989733874797821,0.45316535234451294,0.3115558624267578,-0.9702690243721008,0.6724503636360168,0.5176287889480591,-0.5687075257301331,0.32282453775405884,0.5182160139083862,-0.46096307039260864,0.704010546207428,0.9420686960220337,-0.628034770488739,0.2099820375442505,0.9136333465576172,-0.8517958521842957,0.6324982047080994,1.1634458303451538,-0.9041416049003601,0.37022215127944946,0.6382733583450317,-1.523627519607544,0.6284112930297852,1.2444192171096802,-0.9923863410949707,0.42329463362693787,0.5727885961532593,-1.6564233303070068,0.5960687398910522,1.2198323011398315,-1.0022344589233398,0.421389639377594,0.5203993320465088,-1.603747010231018,0.5877170562744141,1.1891131401062012,-0.9163206219673157,0.4139094948768616,0.545373797416687,-1.5159491300582886,0.6065264344215393,1.1325700283050537,-0.07523206621408463,0.37034791707992554,1.129825234413147,0.07801344245672226,0.5906597971916199,1.6190944910049438,0.14485254883766174,0.3733196258544922,1.6201308965682983,0.30661168694496155,0.5872986316680908,2.0309884548187256,0.8750417828559875,0.3850496709346771,2.027647018432617,0.8714004755020142,0.5968788862228394,2.088597059249878,0.9178670644760132,0.3837953507900238,2.083146810531616,0.9175783395767212,0.5482794046401978,2.181811809539795,0.42495211958885193,0.401868999004364,2.1855597496032715,0.3961542844772339,0.3820447325706482,0.6045247316360474,0.0,0.387977659702301,0.5365974307060242,0.017462747171521187,0.4072108566761017,0.4963403344154358,0.01869087852537632,0.43239033222198486,0.4827471375465393,0.015632664784789085,0.451282262802124,0.4877999424934387,0.015018904581665993,0.42258647084236145,0.46379783749580383,0.0026602917350828648,0.46460312604904175,0.46965885162353516,0.0019205682910978794,0.46325069665908813,0.49087557196617126,0.005497695878148079,0.45327186584472656,0.5003806948661804,0.008382740430533886,0.4381307363510132,0.48193639516830444,-0.009835335426032543,0.4741324186325073,0.49776700139045715,-0.006580036133527756,0.4686838984489441,0.5167584419250488,0.002120286226272583,0.45694780349731445,0.5251635909080505,0.006275477819144726,0.4519250690937042,0.5097956657409668,-0.02043524943292141,0.479694128036499,0.5289505124092102,-0.013685385696589947,0.4718262553215027,0.5438891053199768,-0.004615945741534233,0.4595460593700409,0.5476464033126831,-0.0012982107000425458,0.46372145414352417,0.5404364466667175,-0.030676113441586494,0.48157715797424316,0.5572264194488525,-0.023249398916959763,0.4725925624370575,0.5682463049888611,-0.016343850642442703,0.46201398968696594,0.5699635148048401,-0.01287310291081667
sorry,0.4818788170814514,0.2445501685142517,-1.1168125867843628,0.5073902010917664,0.20046210289001465,-1.0731518268585205,0.5246944427490234,0.20132003724575043,-1.0731401443481445,0.5387711524963379,0.2029792219400406,-1.0727908611297607,0.45929139852523804,0.2005835920572281,-1.0584800243377686,0.44706717133522034,0.20224547386169434,-1.0583642721176147,0.4347323477268219,0.20355278253555298,-1.0586119890213013,0.5599414110183716,0.227189838886261,-0.731012761592865,0.4203490614891052,0.23058456182479858,-0.6413194537162781,0.5177174806594849,0.30618715286254883,-0.9896262288093567,0.45370301604270935,0.3012239336967468,-0.9649383425712585,0.6735017895698547,0.5170252919197083,-0.5511943697929382,0.32276099920272827,0.5144420862197876,-0.42129531502723694,0.7121997475624084,0.9463777542114258,-0.6329213976860046,0.21302786469459534,0.9081434607505798,-0.8144663572311401,0.640515923500061,1.159807801246643,-0.935528576374054,0.36964163184165955,0.6337540149688721,-1.5209050178527832,0.6378729343414307,1.2409348487854004,-1.0328905582427979,0.418447881937027,0.5617666840553284,-1.6648051738739014,0.6019397974014282,1.2180085182189941,-1.0451325178146362,0.41759005188941956,0.5127846002578735,-1.6129560470581055,0.5931345224380493,1.1885342597961426,-0.9499708414077759,0.4133238196372986,0.5384029150009155,-1.5151573419570923,0.60756915807724,1.1434015035629272,-0.08983754366636276,0.3705424666404724,1.1392385959625244,0.09276887774467468,0.586855411529541,1.6332876682281494,0.1316860020160675,0.37060749530792236,1.631411075592041,0.3094031810760498,0.5827022790908813,2.037088394165039,0.9313393831253052,0.38403087854385376,2.034420967102051,0.9192166328430176,0.5904786586761475,2.094874620437622,0.9797831773757935,0.3849179446697235,2.0896432399749756,0.9691871404647827,0.5463427901268005,2.183912992477417,0.4717569947242737,0.39921754598617554,2.1907994747161865,0.43241196870803833,0.3661041259765625,0.5990990996360779,0.0,0.3739854097366333,0.5333622694015503,0.021267259493470192,0.40029752254486084,0.49475938081741333,0.025563150644302368,0.4310493469238281,0.48339787125587463,0.024820799008011818,0.4535023868083954,0.48817944526672363,0.026247486472129822,0.42351552844047546,0.45955076813697815,0.012291599996387959,0.46185192465782166,0.46626603603363037,0.013460829854011536,0.4613327085971832,0.48735058307647705,0.017055824398994446,0.45107805728912354,0.4981842339038849,0.020085103809833527,0.44028136134147644,0.4788382351398468,-0.0017222596798092127,0.47420647740364075,0.4920473098754883,0.0031044224742799997,0.46938779950141907,0.5108515620231628,0.011399023234844208,0.45713379979133606,0.5189995765686035,0.015378857031464577,0.45327457785606384,0.5079771876335144,-0.014277026057243347,0.48025572299957275,0.522650957107544,-0.007188820280134678,0.4735350012779236,0.538121223449707,0.0022200304083526134,0.4612275958061218,0.5435857772827148,0.006079674232751131,0.46262699365615845,0.5405464172363281,-0.026304369792342186,0.4806690216064453,0.5527093410491943,-0.0194690003991127,0.4721907675266266,0.5648247599601746,-0.012327156960964203,0.4613577723503113,0.5694899559020996,-0.008050206117331982
sorry,0.4897519052028656,0.2440970540046692,-1.207919716835022,0.5154809951782227,0.2011367231607437,-1.1646190881729126,0.5320932865142822,0.20128875970840454,-1.1645262241363525,0.5451562404632568,0.20268011093139648,-1.1642107963562012,0.4672231078147888,0.2019994854927063,-1.1534180641174316,0.4529317021369934,0.20404940843582153,-1.1533100605010986,0.44305387139320374,0.20690692961215973,-1.1535841226577759,0.5670456290245056,0.22470106184482574,-0.7977759838104248,0.43268483877182007,0.22997575998306274,-0.7264955639839172,0.5242577791213989,0.30240219831466675,-1.070281982421875,0.4614134728908539,0.297874391078949,-1.0506788492202759,0.6807681322097778,0.5115830898284912,-0.5802614092826843,0.3342767357826233,0.5043686628341675,-0.5075100660324097,0.7181909084320068,0.9475497603416443,-0.5978929996490479,0.21828384697437286,0.8806944489479065,-0.9549099802970886,0.6673259139060974,1.2000731229782104,-0.8673980832099915,0.43458786606788635,0.632792592048645,-1.6709506511688232,0.6704434156417847,1.2940716743469238,-0.9569233059883118,0.49825507402420044,0.5755516290664673,-1.8184716701507568,0.6395254731178284,1.2761341333389282,-0.9879525303840637,0.49944525957107544,0.5283332467079163,-1.7684800624847412,0.6266694068908691,1.2408769130706787,-0.8881275057792664,0.48852530121803284,0.5492944121360779,-1.6655433177947998,0.6130823493003845,1.1507309675216675,-0.07605736702680588,0.3749198019504547,1.1396732330322266,0.07888694107532501,0.5869801640510559,1.6520650386810303,0.11387302726507187,0.3719013035297394,1.6477161645889282,0.32081568241119385,0.5692246556282043,2.0739707946777344,0.8521652221679688,0.36793777346611023,2.0712761878967285,0.926650881767273,0.5757920742034912,2.13191294670105,0.8923298716545105,0.36463460326194763,2.12788724899292,0.9749871492385864,0.529436469078064,2.222764015197754,0.35960012674331665,0.3789163827896118,2.230051279067993,0.4150773882865906,0.42759206891059875,0.5879625082015991,0.0,0.44293665885925293,0.5234487652778625,0.01578010804951191,0.4697965383529663,0.49201515316963196,0.017089974135160446,0.49867311120033264,0.48963508009910583,0.01437506265938282,0.517987847328186,0.5058561563491821,0.01373121328651905,0.5034735798835754,0.46749797463417053,0.0019163088873028755,0.5368810892105103,0.48391032218933105,0.0009503092151135206,0.5330894589424133,0.5038707256317139,0.003751508193090558,0.5219229459762573,0.5111409425735474,0.0061750225722789764,0.5184450745582581,0.49606382846832275,-0.009575944393873215,0.5404680967330933,0.5181497931480408,-0.007852473296225071,0.5319127440452576,0.5336688756942749,0.0007270640344358981,0.517874538898468,0.5388132333755493,0.005283004138618708,0.527293860912323,0.5322275161743164,-0.019232885912060738,0.5406047105789185,0.5524479150772095,-0.01441160961985588,0.5305613279342651,0.5643883943557739,-0.005256231874227524,0.5163602232933044,0.5666207075119019,-0.0009335372014902532,0.530637800693512,0.5664962530136108,-0.028826890513300896,0.5377622246742249,0.583271861076355,-0.023487690836191177,0.5270799398422241,0.5921121835708618,-0.016977079212665558,0.51553875207901,0.5941067934036255,-0.012930252589285374
sorry,0.49043217301368713,0.24828515946865082,-1.2448886632919312,0.5157867670059204,0.2036423683166504,-1.2031816244125366,0.5320611596107483,0.2028576284646988,-1.2031192779541016,0.5451522469520569,0.20313572883605957,-1.2028592824935913,0.4668242335319519,0.20609068870544434,-1.192712664604187,0.45187926292419434,0.20795029401779175,-1.192610502243042,0.44178515672683716,0.21043968200683594,-1.1929802894592285,0.5667367577552795,0.22193533182144165,-0.8397405743598938,0.43238821625709534,0.2304784655570984,-0.7720565795898438,0.5250619053840637,0.3037821650505066,-1.1072195768356323,0.46199169754981995,0.3020365834236145,-1.0889573097229004,0.6826621294021606,0.5116538405418396,-0.624208927154541,0.337397962808609,0.5002047419548035,-0.5365030765533447,0.7212005853652954,0.9495018720626831,-0.646074652671814,0.21779486536979675,0.8889604806900024,-0.9705003499984741,0.6706991195678711,1.227661371231079,-0.9044770002365112,0.44537654519081116,0.6439411640167236,-1.6470237970352173,0.6781256794929504,1.3245866298675537,-0.9955375790596008,0.5217697024345398,0.6015108823776245,-1.790045976638794,0.6446248292922974,1.3108574151992798,-1.025112509727478,0.5215258002281189,0.5498794913291931,-1.7313687801361084,0.630137026309967,1.273364782333374,-0.9242686033248901,0.5083506107330322,0.5682691931724548,-1.6365845203399658,0.6128417253494263,1.1416739225387573,-0.08389667421579361,0.3741527795791626,1.1312719583511353,0.08658584952354431,0.5901836156845093,1.6354701519012451,0.12852932512760162,0.3685876131057739,1.629343867301941,0.36756783723831177,0.5814293622970581,2.0507349967956543,0.8628093004226685,0.3720446228981018,2.045001745223999,0.9880911111831665,0.58957439661026,2.107884407043457,0.9030555486679077,0.3697127401828766,2.100546360015869,1.0385160446166992,0.5416966676712036,2.2013425827026367,0.37455490231513977,0.38483908772468567,2.2032551765441895,0.4938947558403015,0.42655444145202637,0.6145128011703491,0.0,0.4461974799633026,0.5440664887428284,0.01776375062763691,0.4781858026981354,0.5081098675727844,0.02038533054292202,0.5103223919868469,0.5055955648422241,0.018379515036940575,0.5322751998901367,0.5271229147911072,0.018426034599542618,0.5146363973617554,0.48912784457206726,0.008518609218299389,0.5438516139984131,0.5003600716590881,0.007754956837743521,0.5413917899131775,0.5230669975280762,0.00996713899075985,0.532287061214447,0.5342819094657898,0.01236217562109232,0.5290555357933044,0.5177237391471863,-0.004220110829919577,0.548640251159668,0.5347539186477661,-0.0018143623601645231,0.5422012209892273,0.5531799793243408,0.005637149326503277,0.5302141904830933,0.5609594583511353,0.009615663439035416,0.5363650321960449,0.5538017749786377,-0.01576758176088333,0.548064649105072,0.5698620676994324,-0.010947976261377335,0.5394123196601868,0.5831972360610962,-0.0029151057824492455,0.5265057682991028,0.5868106484413147,0.0009383527794852853,0.5376610159873962,0.5895785093307495,-0.02719034254550934,0.5417508482933044,0.6036041975021362,-0.021754050627350807,0.5315155982971191,0.6123882532119751,-0.015628648921847343,0.5208049416542053,0.6153727173805237,-0.011556454002857208
sorry,0.4800676703453064,0.2544229030609131,-1.0400686264038086,0.5055357217788696,0.2071881890296936,-1.0039554834365845,0.5228779911994934,0.20694488286972046,-1.0038069486618042,0.5380779504776001,0.20739489793777466,-1.0035679340362549,0.4573203921318054,0.2095828652381897,-0.9919257164001465,0.44528260827064514,0.21103543043136597,-0.9917656779289246,0.43239957094192505,0.21210765838623047,-0.9920876622200012,0.5615652203559875,0.22812789678573608,-0.6871911883354187,0.4252137541770935,0.23638500273227692,-0.6138875484466553,0.5199317336082458,0.31241893768310547,-0.919482409954071,0.45506685972213745,0.30852365493774414,-0.8990286588668823,0.6830307245254517,0.5171710848808289,-0.5116674304008484,0.32723182439804077,0.5016794204711914,-0.4405898451805115,0.7219192385673523,0.9478824734687805,-0.5281703472137451,0.1811499297618866,0.882568359375,-0.8375922441482544,0.7023978233337402,1.2239267826080322,-0.7618217468261719,0.4414038062095642,0.7103031873703003,-1.4080933332443237,0.7135984301567078,1.3184131383895874,-0.8435813188552856,0.5162179470062256,0.664466142654419,-1.5293759107589722,0.6784683465957642,1.3052605390548706,-0.8718324899673462,0.5206770896911621,0.6241217255592346,-1.4627768993377686,0.6648669838905334,1.2703064680099487,-0.7801786065101624,0.5043953657150269,0.636784017086029,-1.3897135257720947,0.6080700159072876,1.1486523151397705,-0.06582003831863403,0.37050241231918335,1.1430108547210693,0.06861415505409241,0.5980612635612488,1.626993179321289,0.17139631509780884,0.38073667883872986,1.6270651817321777,0.31608083844184875,0.5932261943817139,2.034459114074707,0.9274157285690308,0.39544129371643066,2.0328197479248047,0.8986198306083679,0.6008810997009277,2.094646453857422,0.9751678705215454,0.3944271206855774,2.092787504196167,0.9474525451660156,0.5543314814567566,2.1904187202453613,0.5055848360061646,0.4074358344078064,2.191059112548828,0.44629988074302673,0.43714603781700134,0.66785728931427,0.0,0.45729416608810425,0.6113917827606201,0.010551245883107185,0.48393937945365906,0.5807223916053772,0.007443724665790796,0.5100353956222534,0.5775905847549438,0.00017817027401179075,0.5264045596122742,0.5955658555030823,-0.004759814124554396,0.524297833442688,0.5718226432800293,-0.008326404727995396,0.5590693354606628,0.5840975642204285,-0.01530789490789175,0.5485262870788574,0.6020838022232056,-0.01327195018529892,0.5319005250930786,0.6062310934066772,-0.010787774808704853,0.5340595245361328,0.6050450801849365,-0.02066553197801113,0.5585956573486328,0.6210612058639526,-0.02572166919708252,0.5459862351417542,0.6373430490493774,-0.016083598136901855,0.5288479328155518,0.6413217186927795,-0.009611030109226704,0.5354650616645813,0.6422155499458313,-0.03166823834180832,0.550154983997345,0.6597844362258911,-0.03347495198249817,0.537850022315979,0.6691892743110657,-0.021568788215517998,0.5218945145606995,0.6687235832214355,-0.014103440567851067,0.5322537422180176,0.6774175763130188,-0.043020810931921005,0.5389638543128967,0.6919520497322083,-0.04197625443339348,0.5278986692428589,0.6974982023239136,-0.03397822752594948,0.5150254368782043,0.6973612308502197,-0.027884185314178467
sorry,0.47577351331710815,0.25284820795059204,-1.1977131366729736,0.5014405846595764,0.20678210258483887,-1.1586202383041382,0.5179280638694763,0.2067815214395523,-1.1584792137145996,0.5329176187515259,0.20736390352249146,-1.158189058303833,0.45364493131637573,0.2091735452413559,-1.1473920345306396,0.4417690336704254,0.21071086823940277,-1.147455096244812,0.4292469024658203,0.21187514066696167,-1.1478791236877441,0.5572066903114319,0.22908085584640503,-0.8118265867233276,0.4233824610710144,0.23637467622756958,-0.7468947768211365,0.5163894891738892,0.3100845217704773,-1.0644755363464355,0.45205792784690857,0.3053337335586548,-1.0467145442962646,0.6792662739753723,0.5154175162315369,-0.5881701111793518,0.3216908574104309,0.5064293146133423,-0.531793475151062,0.7197240591049194,0.9431496858596802,-0.5717549920082092,0.16947200894355774,0.8764292001724243,-0.9270728230476379,0.6987159252166748,1.237935185432434,-0.8522550463676453,0.4246520400047302,0.7106567621231079,-1.5742675065994263,0.708884596824646,1.3371739387512207,-0.9430147409439087,0.4996657371520996,0.6843059062957764,-1.7089849710464478,0.6753481030464172,1.3225784301757812,-0.9831633567810059,0.5044510960578918,0.6459168195724487,-1.6566280126571655,0.6611040830612183,1.2839161157608032,-0.875715434551239,0.4861528277397156,0.6494745016098022,-1.5622508525848389,0.6152636408805847,1.1451939344406128,-0.0645112544298172,0.3817138075828552,1.1425895690917969,0.06696075946092606,0.6137737035751343,1.624398946762085,0.20001845061779022,0.4009542465209961,1.624126672744751,0.3195323944091797,0.6178596615791321,2.0287766456604004,0.9879867434501648,0.4208906292915344,2.0328662395477295,0.9284616708755493,0.624412477016449,2.0865085124969482,1.0373393297195435,0.42046141624450684,2.0916502475738525,0.9776633977890015,0.5872588157653809,2.1838719844818115,0.5511218309402466,0.43415480852127075,2.185940742492676,0.45947909355163574,0.42117631435394287,0.686275839805603,0.0,0.44822457432746887,0.6331232190132141,0.00861960370093584,0.48318400979042053,0.6052611470222473,0.005763769615441561,0.5151546597480774,0.6046167612075806,-3.9135389670263976e-05,0.5327807068824768,0.6210579872131348,-0.003035217523574829,0.5113515853881836,0.6048177480697632,-0.009251374751329422,0.5480799078941345,0.6164143085479736,-0.016169041395187378,0.5355522036552429,0.6342898011207581,-0.01420493796467781,0.5181033611297607,0.6346627473831177,-0.011965741403400898,0.5157933831214905,0.6407720446586609,-0.020016495138406754,0.5455142855644226,0.658125638961792,-0.02594926208257675,0.5313534736633301,0.6694611310958862,-0.01780087687075138,0.5144184231758118,0.6671677827835083,-0.012369822710752487,0.5144093632698059,0.6773738265037537,-0.029610948637127876,0.5352572202682495,0.6944802403450012,-0.033071696758270264,0.5219471454620361,0.6998264789581299,-0.022601058706641197,0.5064641833305359,0.6952141523361206,-0.015746507793664932,0.5100080966949463,0.711260199546814,-0.039441876113414764,0.5244399309158325,0.7241502404212952,-0.04044871777296066,0.5123669505119324,0.727107584476471,-0.03361921384930611,0.49910375475883484,0.7239148616790771,-0.028099605813622475
sorry,0.47394973039627075,0.24179607629776,-1.168601393699646,0.4998456835746765,0.19797199964523315,-1.1289793252944946,0.5172298550605774,0.1973065733909607,-1.12889564037323,0.5327321290969849,0.1972535252571106,-1.1286054849624634,0.4513677656650543,0.1988702416419983,-1.1145226955413818,0.43927496671676636,0.19934600591659546,-1.1145234107971191,0.4268506169319153,0.19956956803798676,-1.114896535873413,0.5572292804718018,0.21940749883651733,-0.7926760911941528,0.42180031538009644,0.2267666459083557,-0.7140152454376221,0.5143962502479553,0.3016054928302765,-1.0402387380599976,0.45082736015319824,0.29982900619506836,-1.0187647342681885,0.6804400682449341,0.5121757984161377,-0.5913630127906799,0.32055824995040894,0.5087305903434753,-0.46909064054489136,0.7208973169326782,0.9376798272132874,-0.5783582925796509,0.15323495864868164,0.8751327991485596,-0.8229392766952515,0.6943023204803467,1.2358318567276,-0.8564117550849915,0.3822188675403595,0.7293070554733276,-1.4924343824386597,0.7032687067985535,1.3327827453613281,-0.9512340426445007,0.45424023270606995,0.712265133857727,-1.6240408420562744,0.6671099066734314,1.3144408464431763,-0.9868424534797668,0.4645560681819916,0.6701452732086182,-1.5802216529846191,0.6528671979904175,1.2774897813796997,-0.8769797086715698,0.4447759687900543,0.6686344146728516,-1.4849658012390137,0.6051970720291138,1.131045937538147,-0.08624713867902756,0.3774603009223938,1.1282200813293457,0.08890137076377869,0.6014072895050049,1.5981905460357666,0.15225112438201904,0.39271390438079834,1.5952365398406982,0.361651211977005,0.6036199331283569,1.9945651292800903,0.9164974093437195,0.408665269613266,1.9933669567108154,0.9756996035575867,0.6121804714202881,2.0533833503723145,0.9634572863578796,0.40812787413597107,2.054659843444824,1.0266517400741577,0.5658231973648071,2.1476707458496094,0.488567978143692,0.41680461168289185,2.1423699855804443,0.5313363671302795,0.40048331022262573,0.7136857509613037,0.0,0.42597854137420654,0.6567255854606628,0.0079641817137599,0.46449869871139526,0.6273512840270996,0.00634096609428525,0.49960780143737793,0.6229929327964783,0.0028343170415610075,0.5178487300872803,0.6343757510185242,0.001962300157174468,0.48523208498954773,0.6282151341438293,-0.008005145005881786,0.5218442678451538,0.6480303406715393,-0.011595400050282478,0.5108639597892761,0.6624084711074829,-0.006653496064245701,0.4966794550418854,0.6583639979362488,-0.002240440109744668,0.49064961075782776,0.665052056312561,-0.016301456838846207,0.5225594639778137,0.6826705932617188,-0.016848281025886536,0.5091735124588013,0.6935938596725464,-0.006184130907058716,0.49373921751976013,0.6911816000938416,0.0006990977562963963,0.49064207077026367,0.7021191716194153,-0.023603545501828194,0.512931227684021,0.7177422046661377,-0.023645568639039993,0.5001530647277832,0.7245888710021973,-0.013588708825409412,0.48616090416908264,0.7205206155776978,-0.007076517678797245,0.4871606230735779,0.7366150617599487,-0.030904091894626617,0.5014987587928772,0.7476941347122192,-0.030756773427128792,0.4893486499786377,0.7517207264900208,-0.024639137089252472,0.47787854075431824,0.7489821314811707,-0.019288314506411552
sorry,0.47642722725868225,0.2568112015724182,-1.0903347730636597,0.5017920136451721,0.21133381128311157,-1.0579595565795898,0.5195356011390686,0.21132677793502808,-1.0579088926315308,0.535359263420105,0.21176351606845856,-1.057686448097229,0.4544544219970703,0.2124028205871582,-1.0416074991226196,0.44318467378616333,0.21357297897338867,-1.0415940284729004,0.4311752915382385,0.21407800912857056,-1.042007565498352,0.5603867769241333,0.23293709754943848,-0.7436408400535583,0.42638713121414185,0.23955100774765015,-0.6546673774719238,0.5165762305259705,0.3157612681388855,-0.9695676565170288,0.45260852575302124,0.3126196265220642,-0.9447668194770813,0.6833677887916565,0.5212184190750122,-0.5572255253791809,0.323801726102829,0.5127642154693604,-0.4223068356513977,0.7238491773605347,0.9559459090232849,-0.5398090481758118,0.14786645770072937,0.8767358660697937,-0.7701430320739746,0.6980571746826172,1.2471957206726074,-0.7902306318283081,0.3711335062980652,0.7411749362945557,-1.4142546653747559,0.7059793472290039,1.3431668281555176,-0.879095196723938,0.4455490708351135,0.7254780530929565,-1.5391576290130615,0.6715142726898193,1.3249043226242065,-0.9147742986679077,0.4567660391330719,0.6815640926361084,-1.4927682876586914,0.65732741355896,1.2883580923080444,-0.8101261854171753,0.4397219717502594,0.6813564300537109,-1.404712438583374,0.607002854347229,1.1503441333770752,-0.08750158548355103,0.3742828667163849,1.1404547691345215,0.09007732570171356,0.5910550951957703,1.6290745735168457,0.0985775887966156,0.3743499517440796,1.6203196048736572,0.35955843329429626,0.588362455368042,2.0380747318267822,0.7984828352928162,0.386222243309021,2.028658151626587,0.9506579637527466,0.5980315208435059,2.0959091186523438,0.8394798040390015,0.38410526514053345,2.0865912437438965,0.9999966621398926,0.5438334941864014,2.1925997734069824,0.3666679263114929,0.39382821321487427,2.1852049827575684,0.5100064277648926,0.3874753415584564,0.7158988118171692,0.0,0.4131171703338623,0.6619066596031189,0.007896879687905312,0.4525243937969208,0.6326091289520264,0.006311106029897928,0.4884868860244751,0.6283332705497742,0.0027505233883857727,0.5081183314323425,0.6413683295249939,0.0018577328883111477,0.4734934866428375,0.6344373226165771,-0.006834582891315222,0.5113316774368286,0.6547558307647705,-0.010773743502795696,0.5001867413520813,0.6692890524864197,-0.006590039934962988,0.48497575521469116,0.6652788519859314,-0.002707603620365262,0.47854694724082947,0.6710154414176941,-0.015204137191176414,0.5114678144454956,0.6896056532859802,-0.016994891688227654,0.4981989562511444,0.7000718116760254,-0.007335099391639233,0.48236364126205444,0.6979875564575195,-0.0007905302918516099,0.47814878821372986,0.7075514793395996,-0.022657547146081924,0.5011431574821472,0.7231560945510864,-0.023432239890098572,0.48904579877853394,0.7292121052742004,-0.013565008528530598,0.47510668635368347,0.7252232432365417,-0.006971042137593031,0.4744710922241211,0.7411786317825317,-0.03016335517168045,0.4880700409412384,0.7520039081573486,-0.030323926359415054,0.47695183753967285,0.7557376623153687,-0.024365553632378578,0.4662353992462158,0.7533998489379883,-0.019019348546862602
sorry,0.48038825392723083,0.26105934381484985,-1.2008237838745117,0.5053481459617615,0.2140796184539795,-1.1622662544250488,0.5225951075553894,0.2137259840965271,-1.1622052192687988,0.5376439094543457,0.21370349824428558,-1.1619365215301514,0.4576919972896576,0.21537351608276367,-1.1480340957641602,0.4461708068847656,0.2165040373802185,-1.1480510234832764,0.43394336104393005,0.21679462492465973,-1.1484880447387695,0.5606536865234375,0.2314649224281311,-0.8077520132064819,0.4270085394382477,0.23925775289535522,-0.7288348078727722,0.5191696882247925,0.3180663287639618,-1.0648932456970215,0.45575469732284546,0.315605103969574,-1.0431580543518066,0.681995689868927,0.5150251388549805,-0.5594160556793213,0.3229142427444458,0.5115557312965393,-0.47375765442848206,0.7241775989532471,0.9522278308868408,-0.5346670746803284,0.14612236618995667,0.8749837875366211,-0.8563634753227234,0.6950119137763977,1.2016270160675049,-0.8449050188064575,0.3616780638694763,0.7409800291061401,-1.6003010272979736,0.6958199143409729,1.2880851030349731,-0.9378817677497864,0.4376140236854553,0.7235367298126221,-1.7437366247177124,0.666718065738678,1.2603977918624878,-0.9725125432014465,0.44801896810531616,0.6765973567962646,-1.7020132541656494,0.6549173593521118,1.2285816669464111,-0.8653915524482727,0.43181586265563965,0.6768248677253723,-1.5950117111206055,0.6147289276123047,1.1416618824005127,-0.07526274025440216,0.37724217772483826,1.1356747150421143,0.07811281830072403,0.6068160533905029,1.6200201511383057,0.1428268998861313,0.38238662481307983,1.6127480268478394,0.34880927205085754,0.607658326625824,2.0274581909179688,0.887548565864563,0.39744389057159424,2.0209455490112305,0.9695405960083008,0.6168185472488403,2.086716413497925,0.931015133857727,0.3951704800128937,2.080566883087158,1.0205860137939453,0.5675526857376099,2.1818106174468994,0.4273242950439453,0.41302719712257385,2.1769216060638428,0.4966122508049011,0.3791186809539795,0.7096142172813416,0.0,0.40461230278015137,0.655803918838501,0.007381921634078026,0.44611087441444397,0.627028226852417,0.005834269803017378,0.4839377999305725,0.6232405304908752,0.0022032205015420914,0.5066615343093872,0.6368653178215027,0.0008644440677016973,0.4667288064956665,0.632278561592102,-0.004467747174203396,0.5000098347663879,0.648991048336029,-0.007988720200955868,0.4898507297039032,0.6629425883293152,-0.004215735476464033,0.4765479266643524,0.6603358387947083,-0.0008230735547840595,0.4721372723579407,0.6679952144622803,-0.012566021643579006,0.501772403717041,0.6827558875083923,-0.013911494985222816,0.4892271161079407,0.6935301423072815,-0.005341994110494852,0.4751298427581787,0.6913736462593079,0.00028059486066922545,0.47195979952812195,0.7042362093925476,-0.0199977345764637,0.49387940764427185,0.7163819074630737,-0.02111194282770157,0.48135337233543396,0.7237831950187683,-0.012132730334997177,0.46764782071113586,0.7201911807060242,-0.006091340910643339,0.4683776795864105,0.7381522059440613,-0.02746909111738205,0.48226839303970337,0.7477821111679077,-0.02833889238536358,0.4698644280433655,0.7526028752326965,-0.02290632203221321,0.4584897458553314,0.7502487301826477,-0.017788773402571678
sorry,0.4737113416194916,0.2513920068740845,-1.1775141954421997,0.4987424910068512,0.20690959692001343,-1.1295921802520752,0.516074001789093,0.20646566152572632,-1.1296614408493042,0.5315417647361755,0.20639961957931519,-1.129406213760376,0.45148521661758423,0.2073380947113037,-1.1174730062484741,0.4404011368751526,0.20777630805969238,-1.1177113056182861,0.4290398955345154,0.2081025242805481,-1.11829674243927,0.5573026537895203,0.22622980177402496,-0.7613754272460938,0.42533308267593384,0.2322157472372055,-0.6987536549568176,0.513795018196106,0.30984026193618774,-1.03627347946167,0.45147615671157837,0.30822208523750305,-1.0201555490493774,0.6790817975997925,0.5186349749565125,-0.47832241654396057,0.3220595121383667,0.5180423855781555,-0.4362703263759613,0.7250144481658936,0.9482899904251099,-0.4631844162940979,0.11933574825525284,0.863737165927887,-0.8387151956558228,0.6850173473358154,1.1804622411727905,-0.7762517333030701,0.3429773449897766,0.7124779224395752,-1.5811740159988403,0.6760122776031494,1.2604117393493652,-0.8546697497367859,0.4151149392127991,0.6941419839859009,-1.717146873474121,0.6477358937263489,1.225514531135559,-0.8735092282295227,0.4227343201637268,0.647903561592102,-1.6590486764907837,0.6400516629219055,1.1945024728775024,-0.7890347242355347,0.4119158685207367,0.6515089273452759,-1.5691660642623901,0.6209126710891724,1.1444742679595947,-0.06258225440979004,0.3966464102268219,1.1423972845077515,0.06489886343479156,0.6152722835540771,1.6080241203308105,0.04407849162817001,0.40873056650161743,1.602621078491211,0.19432280957698822,0.6198001503944397,2.004286050796509,0.726373553276062,0.431244432926178,2.0056569576263428,0.6966513395309448,0.6258572936058044,2.0651767253875732,0.7651375532150269,0.43290334939956665,2.0682973861694336,0.734148383140564,0.5911337733268738,2.148719310760498,0.29412856698036194,0.44657963514328003,2.14632511138916,0.2482239305973053,0.35275381803512573,0.6894530057907104,0.0,0.37864890694618225,0.6399674415588379,0.007900027558207512,0.4187164008617401,0.613560140132904,0.0049462513998150826,0.4546054005622864,0.6099296808242798,-0.00011394568718969822,0.4763256311416626,0.617627739906311,-0.002157519105821848,0.4353053569793701,0.609152615070343,-0.011709022335708141,0.4780753552913666,0.6299999356269836,-0.018361171707510948,0.4666953682899475,0.6475966572761536,-0.014821908436715603,0.45046764612197876,0.6450929641723633,-0.011272995732724667,0.4388040602207184,0.6422220468521118,-0.02123219333589077,0.4760305881500244,0.6668877005577087,-0.02614051103591919,0.46201494336128235,0.6782812476158142,-0.016337940469384193,0.44623303413391113,0.6733181476593018,-0.009767448529601097,0.4377530813217163,0.6772323250770569,-0.029652632772922516,0.4645003378391266,0.7013648748397827,-0.03341272473335266,0.45086824893951416,0.7074663043022156,-0.022987691685557365,0.43656882643699646,0.7002185583114624,-0.015973500907421112,0.4343191385269165,0.7115249633789062,-0.03798158839344978,0.45129427313804626,0.7300152778625488,-0.040420014411211014,0.43851542472839355,0.7333436608314514,-0.03434307128190994,0.42612412571907043,0.7275325655937195,-0.028948543593287468
sorry,0.47057294845581055,0.2530596852302551,-1.1952036619186401,0.4966188371181488,0.2063511461019516,-1.1504473686218262,0.5137017369270325,0.20575731992721558,-1.150543451309204,0.5296252965927124,0.20565778017044067,-1.1503751277923584,0.45031800866127014,0.20945078134536743,-1.1347426176071167,0.43913736939430237,0.2106381058692932,-1.1349340677261353,0.42722195386886597,0.211356982588768,-1.1355525255203247,0.556257426738739,0.22741860151290894,-0.7877704501152039,0.4248805046081543,0.23557628691196442,-0.7076537013053894,0.510820746421814,0.3091356158256531,-1.055986762046814,0.45002537965774536,0.3087345361709595,-1.0351930856704712,0.6814011931419373,0.5192579627037048,-0.5292984843254089,0.3234842121601105,0.5159761905670166,-0.41990819573402405,0.7253337502479553,0.9428855180740356,-0.5309356451034546,0.12125581502914429,0.8599225282669067,-0.8606348037719727,0.6861986517906189,1.2074819803237915,-0.8125895261764526,0.33313214778900146,0.696005642414093,-1.6233574151992798,0.6788326501846313,1.2935434579849243,-0.896295428276062,0.403235524892807,0.6816535592079163,-1.762049913406372,0.6489956378936768,1.2647002935409546,-0.9113608598709106,0.41549983620643616,0.633299708366394,-1.7027485370635986,0.6390398144721985,1.231750249862671,-0.8242160677909851,0.40326881408691406,0.6391484141349792,-1.6134843826293945,0.6047901511192322,1.1460577249526978,-0.10360787808895111,0.3809884190559387,1.13090980052948,0.10585115849971771,0.5840041041374207,1.6162998676300049,-0.04276985675096512,0.37138891220092773,1.5981899499893188,0.2624739706516266,0.5812858939170837,2.0308525562286377,0.563264012336731,0.386848509311676,2.0065882205963135,0.7298112511634827,0.5891399383544922,2.0958340167999268,0.59138023853302,0.3889049291610718,2.0673646926879883,0.7633164525032043,0.5486450791358948,2.161473274230957,0.09064134955406189,0.39108699560165405,2.1469736099243164,0.2681936025619507,0.34891149401664734,0.6771962642669678,0.0,0.37391746044158936,0.6295196413993835,0.0068150293081998825,0.41395238041877747,0.6029722690582275,0.00357554922811687,0.4496653378009796,0.5990597605705261,-0.0016782331513240933,0.4715273380279541,0.6067832708358765,-0.004050367046147585,0.43044784665107727,0.6008226275444031,-0.011913901194930077,0.47228169441223145,0.6224697232246399,-0.019063588231801987,0.4604950249195099,0.6384897232055664,-0.016214534640312195,0.4436345398426056,0.6346538066864014,-0.013174965977668762,0.43296363949775696,0.6338176131248474,-0.02099924348294735,0.4689723551273346,0.6586195230484009,-0.02697383426129818,0.45487314462661743,0.6686497926712036,-0.018246738240122795,0.43911662697792053,0.6627283096313477,-0.012207508087158203,0.4309733510017395,0.6683037877082825,-0.029094038531184196,0.4575226604938507,0.6917247176170349,-0.03403490409255028,0.44410040974617004,0.6968343257904053,-0.024122444912791252,0.4297868013381958,0.6894645094871521,-0.017200149595737457,0.4266310930252075,0.7018376588821411,-0.03714868426322937,0.4437004029750824,0.7194292545318604,-0.040569499135017395,0.4312763214111328,0.7225672006607056,-0.03474032133817673,0.419038325548172,0.717368483543396,-0.029340388253331184
sorry,0.4785352349281311,0.258755624294281,-1.132594108581543,0.5049940347671509,0.21071690320968628,-1.092776894569397,0.5221161246299744,0.2106282114982605,-1.0929572582244873,0.5372169017791748,0.21070623397827148,-1.0928914546966553,0.45795148611068726,0.2130187600851059,-1.0756810903549194,0.44662386178970337,0.21538347005844116,-1.0757073163986206,0.4363253712654114,0.21731358766555786,-1.0763039588928223,0.560816764831543,0.22937417030334473,-0.7410380840301514,0.43108922243118286,0.2388523668050766,-0.648737370967865,0.5165912508964539,0.31396162509918213,-0.9981876611709595,0.45532673597335815,0.31285804510116577,-0.9738985300064087,0.6811929941177368,0.5148979425430298,-0.5199331641197205,0.3320174217224121,0.5058472156524658,-0.3736073672771454,0.726676881313324,0.9391711950302124,-0.5151458382606506,0.12360477447509766,0.8527117967605591,-0.8290117979049683,0.7000340819358826,1.2140473127365112,-0.7743732333183289,0.3259662985801697,0.6697646379470825,-1.6177711486816406,0.696697473526001,1.307676076889038,-0.8618105053901672,0.4041063189506531,0.6583544015884399,-1.7656116485595703,0.6667342185974121,1.2813937664031982,-0.8868597149848938,0.4146042764186859,0.6110318899154663,-1.7115058898925781,0.655340313911438,1.247776746749878,-0.7894492745399475,0.40225276350975037,0.6129701137542725,-1.6113111972808838,0.6133911609649658,1.1397459506988525,-0.10389828681945801,0.38285544514656067,1.1309629678726196,0.10627772659063339,0.6026921272277832,1.616915225982666,0.024243922904133797,0.3782050609588623,1.6044474840164185,0.3902267813682556,0.6045616865158081,2.0368995666503906,0.6715365648269653,0.39459890127182007,2.017874240875244,0.9869706034660339,0.6142776012420654,2.097885847091675,0.7039783596992493,0.3945873975753784,2.076397657394409,1.0361275672912598,0.5647634267807007,2.180417060852051,0.1915770322084427,0.4058886468410492,2.16668701171875,0.5322932004928589,0.3391605615615845,0.6619130373001099,0.0,0.3642160892486572,0.6143082976341248,0.007404351606965065,0.4022596478462219,0.5856670141220093,0.003869366366416216,0.4374410808086395,0.5792858004570007,-0.001969409640878439,0.4612751603126526,0.5851080417633057,-0.005030559841543436,0.41872745752334595,0.5763707756996155,-0.012847437523305416,0.45992156863212585,0.5934708714485168,-0.020453499630093575,0.44905930757522583,0.6126977801322937,-0.017998354509472847,0.43272215127944946,0.6127667427062988,-0.015410393476486206,0.4211157262325287,0.6074897050857544,-0.022788332775235176,0.45828598737716675,0.6318621039390564,-0.02966173179447651,0.44414547085762024,0.6447467803955078,-0.021414192393422127,0.4281941056251526,0.6405714154243469,-0.015707777813076973,0.41992682218551636,0.6422947645187378,-0.03150394558906555,0.44937828183174133,0.665887176990509,-0.03706055134534836,0.43535956740379333,0.6732874512672424,-0.026648180559277534,0.42057564854621887,0.6671540141105652,-0.019525285810232162,0.41668403148651123,0.6773232221603394,-0.040119510143995285,0.4380917251110077,0.6947764158248901,-0.04387831687927246,0.4251512587070465,0.699291467666626,-0.03742533549666405,0.4116261601448059,0.6948276162147522,-0.03170628100633621
sorry,0.47557568550109863,0.2578570246696472,-0.804012656211853,0.5017338991165161,0.209644615650177,-0.7693350911140442,0.5193616151809692,0.2086503505706787,-0.7694191336631775,0.5359258651733398,0.20818877220153809,-0.7693211436271667,0.457064151763916,0.21394044160842896,-0.7463672757148743,0.4461652338504791,0.21598590910434723,-0.7461469769477844,0.4342948794364929,0.21826529502868652,-0.7466320395469666,0.5626856684684753,0.22785109281539917,-0.4856891632080078,0.43194645643234253,0.24134016036987305,-0.36204928159713745,0.5160374641418457,0.3134618401527405,-0.6977713704109192,0.45650655031204224,0.31282472610473633,-0.6643089652061462,0.6831459403038025,0.5206689238548279,-0.3825540244579315,0.33516597747802734,0.5118088126182556,-0.15735244750976562,0.7329208850860596,0.9562474489212036,-0.4752015471458435,0.11995520442724228,0.8428716659545898,-0.5806465744972229,0.6857495307922363,1.1900473833084106,-0.699752926826477,0.3291041851043701,0.6390397548675537,-1.2294318675994873,0.6820200681686401,1.2730700969696045,-0.7842780351638794,0.4000386595726013,0.6195261478424072,-1.3516850471496582,0.6457923650741577,1.2466695308685303,-0.7843835353851318,0.4097309112548828,0.5746897459030151,-1.277542233467102,0.6359410285949707,1.2176225185394287,-0.7057197093963623,0.39914631843566895,0.5838188529014587,-1.2139642238616943,0.6104134321212769,1.1493968963623047,-0.11592431366443634,0.3793099522590637,1.1355512142181396,0.11882474273443222,0.5903890132904053,1.615718126296997,0.0031610135920345783,0.36995866894721985,1.6018011569976807,0.3449152708053589,0.5896868109703064,2.025824546813965,0.5921401381492615,0.3841278553009033,2.000369071960449,0.8374792337417603,0.6024096012115479,2.0869946479797363,0.6224469542503357,0.3849772810935974,2.0567355155944824,0.8779203295707703,0.5413271188735962,2.1657986640930176,0.15902532637119293,0.3884439170360565,2.1507058143615723,0.42609524726867676,0.3364299535751343,0.6373208165168762,0.0,0.36113572120666504,0.5898192524909973,0.008168553933501244,0.3979705274105072,0.5600640177726746,0.0048933736979961395,0.43204817175865173,0.5516269207000732,-0.0007222852436825633,0.4550083875656128,0.5566208958625793,-0.003509223461151123,0.41366448998451233,0.5485972166061401,-0.011581458151340485,0.45370346307754517,0.5671091675758362,-0.018530884757637978,0.4446046054363251,0.5868426561355591,-0.01615813933312893,0.4296322464942932,0.587195098400116,-0.013757273554801941,0.4171443581581116,0.5774189233779907,-0.021638043224811554,0.45357194542884827,0.6038539409637451,-0.027680909261107445,0.44083356857299805,0.6177012324333191,-0.01926911622285843,0.4258907735347748,0.6144893765449524,-0.01374741643667221,0.4171980321407318,0.6113545298576355,-0.03040236420929432,0.4460473954677582,0.6374344229698181,-0.034583017230033875,0.43314000964164734,0.645908772945404,-0.02421020343899727,0.419146329164505,0.6407966613769531,-0.017510926350951195,0.41541823744773865,0.6462653279304504,-0.03908739238977432,0.43569129705429077,0.6661887764930725,-0.041442494839429855,0.4237288534641266,0.6717128157615662,-0.03501985967159271,0.41147318482398987,0.668068528175354,-0.02969416417181492
sorry,0.4832645356655121,0.26566553115844727,-0.9707273244857788,0.5088948011398315,0.21731239557266235,-0.9345020055770874,0.5257760882377625,0.21721744537353516,-0.9344950914382935,0.5414565205574036,0.21722637116909027,-0.9343191385269165,0.46358412504196167,0.219126358628273,-0.9169743657112122,0.45190587639808655,0.22046464681625366,-0.916896641254425,0.4394283890724182,0.2217208296060562,-0.9173489809036255,0.565055251121521,0.23518139123916626,-0.6226659417152405,0.4317499101161957,0.24089723825454712,-0.5252470374107361,0.5217369794845581,0.32160961627960205,-0.8524149060249329,0.46095043420791626,0.3200957477092743,-0.8261200189590454,0.6839951276779175,0.5163419246673584,-0.4599502980709076,0.33094727993011475,0.5050791501998901,-0.303484708070755,0.731094479560852,0.9441431760787964,-0.5531092286109924,0.1248716339468956,0.8506845831871033,-0.7293506264686584,0.6749386191368103,1.1444275379180908,-0.8139628171920776,0.3351443111896515,0.6114732027053833,-1.3902767896652222,0.6660539507865906,1.2148493528366089,-0.8961297869682312,0.4021238386631012,0.587634265422821,-1.5178302526474,0.6364930868148804,1.1843081712722778,-0.8909120559692383,0.4182986617088318,0.5534032583236694,-1.44325852394104,0.6283224821090698,1.159688949584961,-0.8179685473442078,0.4097021222114563,0.562886655330658,-1.3745352029800415,0.6130848526954651,1.1369729042053223,-0.08253580331802368,0.37898609042167664,1.1290497779846191,0.08524557203054428,0.6025123596191406,1.5954844951629639,0.12619851529598236,0.37638479471206665,1.586567997932434,0.3557690680027008,0.6031458377838135,1.9926438331604004,0.7945424914360046,0.38997817039489746,1.9776804447174072,0.9212448000907898,0.6121381521224976,2.0526139736175537,0.8345605731010437,0.3886254131793976,2.0348281860351562,0.9687643051147461,0.5654284954071045,2.1399683952331543,0.36865824460983276,0.40631207823753357,2.1302714347839355,0.5029950141906738,0.3501266837120056,0.6050768494606018,0.0,0.3743433356285095,0.5541849136352539,0.008787887170910835,0.4086598753929138,0.5265082120895386,0.005744213704019785,0.44041404128074646,0.5232027769088745,-7.51125771785155e-05,0.46042734384536743,0.5336260795593262,-0.0032725383061915636,0.42288294434547424,0.5181229710578918,-0.011566069908440113,0.4662848114967346,0.5291152596473694,-0.019430721178650856,0.45797449350357056,0.5471481680870056,-0.017557017505168915,0.44164228439331055,0.5481124520301819,-0.015118435025215149,0.42771047353744507,0.5474569201469421,-0.022313307970762253,0.46811217069625854,0.5606261491775513,-0.028836175799369812,0.4580526351928711,0.5737610459327698,-0.020781338214874268,0.44311612844467163,0.5729042291641235,-0.015290123410522938,0.4292626678943634,0.5797877907752991,-0.031944531947374344,0.46197059750556946,0.5953036546707153,-0.036295086145401,0.45065364241600037,0.6037803292274475,-0.025868313387036324,0.43619051575660706,0.6011900901794434,-0.019042817875742912,0.4289076328277588,0.6119502782821655,-0.041531071066856384,0.4528236389160156,0.624559760093689,-0.043884530663490295,0.4419870674610138,0.6292573809623718,-0.0373259000480175,0.42901352047920227,0.6267235279083252,-0.031920719891786575
sorry,0.480482280254364,0.2578009366989136,-0.9896954298019409,0.5056044459342957,0.20714706182479858,-0.9502747654914856,0.5230599045753479,0.2061854749917984,-0.9502954483032227,0.5396696329116821,0.20644837617874146,-0.9500721096992493,0.4605177342891693,0.2121543288230896,-0.9306041598320007,0.44760721921920776,0.21395426988601685,-0.9304662942886353,0.4362231194972992,0.21634262800216675,-0.9308247566223145,0.5659714341163635,0.22886759042739868,-0.6284462809562683,0.4298838973045349,0.23862123489379883,-0.520646333694458,0.5209578275680542,0.31773126125335693,-0.870047390460968,0.4607141613960266,0.3160170912742615,-0.8405354619026184,0.6855546832084656,0.5202122926712036,-0.48761850595474243,0.3360673487186432,0.5057921409606934,-0.3103344440460205,0.7319478988647461,0.945627748966217,-0.5572788119316101,0.14482074975967407,0.8552982807159424,-0.7591224908828735,0.6854407787322998,1.2222245931625366,-0.7918499708175659,0.356620192527771,0.5985625386238098,-1.4258460998535156,0.689076840877533,1.3169524669647217,-0.8802675008773804,0.4246814250946045,0.5703737735748291,-1.5632054805755615,0.6522861123085022,1.3006093502044678,-0.8997905850410461,0.437432199716568,0.5279290676116943,-1.4955036640167236,0.6401033401489258,1.2672274112701416,-0.8067666292190552,0.4274749755859375,0.5415457487106323,-1.4142698049545288,0.6179852485656738,1.1400235891342163,-0.08963977545499802,0.3849948048591614,1.132434368133545,0.09237387776374817,0.6042333841323853,1.6122914552688599,0.1328117847442627,0.38863956928253174,1.603113055229187,0.3198237717151642,0.5983291268348694,2.0099058151245117,0.8632766008377075,0.3965967893600464,2.0026252269744873,0.8841284513473511,0.6062623262405396,2.066979169845581,0.9071532487869263,0.3954690098762512,2.060361385345459,0.9301912188529968,0.5579125285148621,2.157158374786377,0.4261701703071594,0.40463942289352417,2.1517062187194824,0.431818425655365,0.3720654249191284,0.5869773030281067,0.0,0.393146276473999,0.5354720950126648,0.00921112671494484,0.42392653226852417,0.5077854990959167,0.006072464864701033,0.45429280400276184,0.5065956711769104,0.00039185999776236713,0.4715663492679596,0.5190287828445435,-0.0025758373085409403,0.441567987203598,0.49304234981536865,-0.01279157493263483,0.48362913727760315,0.5096665620803833,-0.020341651514172554,0.47438645362854004,0.528164267539978,-0.018318820744752884,0.458121120929718,0.5293577313423157,-0.015884585678577423,0.44939762353897095,0.520901620388031,-0.0236282367259264,0.4871876835823059,0.5468144416809082,-0.02925611101090908,0.47549131512641907,0.560124397277832,-0.020149560645222664,0.46061617136001587,0.5577009320259094,-0.0145197669044137,0.4529758095741272,0.5534561276435852,-0.0331796370446682,0.48196709156036377,0.5804347991943359,-0.03609265014529228,0.46953263878822327,0.589176595211029,-0.025522425770759583,0.455951452255249,0.5843082666397095,-0.01923033967614174,0.45438745617866516,0.5863975286483765,-0.04273616895079613,0.472326397895813,0.6074129343032837,-0.04362308233976364,0.4609753489494324,0.6134777069091797,-0.03711096569895744,0.44992050528526306,0.6102867722511292,-0.0322057381272316
sorry,0.48510852456092834,0.25849419832229614,-1.1022517681121826,0.509513795375824,0.2108377069234848,-1.0632222890853882,0.5265064835548401,0.21011747419834137,-1.0631216764450073,0.5418654680252075,0.21011795103549957,-1.0628740787506104,0.4632928967475891,0.21415424346923828,-1.0481353998184204,0.45139560103416443,0.21586786210536957,-1.0480777025222778,0.43892794847488403,0.21749339997768402,-1.0484635829925537,0.5658789277076721,0.22984856367111206,-0.7288846969604492,0.43214160203933716,0.23966091871261597,-0.6445054411888123,0.5246513485908508,0.3155727982521057,-0.9758081436157227,0.4629783034324646,0.31348270177841187,-0.9524161219596863,0.68543940782547,0.5171616673469543,-0.5361496806144714,0.3396320939064026,0.5055262446403503,-0.4351828694343567,0.7256258726119995,0.9428598284721375,-0.5657583475112915,0.17638066411018372,0.8719061017036438,-0.8614717721939087,0.6931500434875488,1.207731008529663,-0.8080743551254272,0.38536152243614197,0.6160296201705933,-1.4951343536376953,0.7004066109657288,1.2987700700759888,-0.8897299766540527,0.4646816849708557,0.5805155038833618,-1.630022644996643,0.6676312685012817,1.2846544981002808,-0.9180740118026733,0.47256380319595337,0.5352087616920471,-1.5659469366073608,0.6541677117347717,1.2507376670837402,-0.8266042470932007,0.4632071554660797,0.5507228374481201,-1.4826184511184692,0.6123852133750916,1.1342066526412964,-0.06960717588663101,0.38093388080596924,1.122589111328125,0.07218623906373978,0.5902682542800903,1.6021654605865479,0.17894451320171356,0.37182459235191345,1.5909960269927979,0.29317671060562134,0.5802968740463257,1.9971535205841064,0.9208357930183411,0.37802979350090027,1.9871903657913208,0.8551512956619263,0.5871446132659912,2.0540237426757812,0.9662054181098938,0.3775063753128052,2.042510747909546,0.9003546833992004,0.54248046875,2.1442980766296387,0.4839836061000824,0.38868051767349243,2.1408803462982178,0.38948243856430054,0.38661670684814453,0.595276415348053,0.0,0.40891721844673157,0.5382413864135742,0.014269924722611904,0.43769755959510803,0.5101860761642456,0.014543033204972744,0.4660472571849823,0.5087153911590576,0.010616311803460121,0.48308536410331726,0.5222008228302002,0.009082158096134663,0.46419718861579895,0.49001044034957886,0.0012174086878076196,0.5038355588912964,0.5060514211654663,-0.0025604513939470053,0.4975639879703522,0.525334894657135,-0.0006879947613924742,0.4847815930843353,0.5296738147735596,0.0012816735543310642,0.47377118468284607,0.5146223306655884,-0.01099823135882616,0.5078328847885132,0.5379695296287537,-0.012137138284742832,0.4980465769767761,0.5534740090370178,-0.004615225829184055,0.4853011965751648,0.5544469952583313,-0.000314051634632051,0.4789397120475769,0.5462818741798401,-0.022108741104602814,0.5052632093429565,0.5712465643882751,-0.02053835429251194,0.49382323026657104,0.5827603936195374,-0.011752503924071789,0.48087313771247864,0.5808430314064026,-0.00720125762745738,0.4811018705368042,0.5793280005455017,-0.033208273351192474,0.4976375699043274,0.6001236438751221,-0.030160238966345787,0.48624247312545776,0.6080054044723511,-0.02386690489947796,0.47494232654571533,0.6058719158172607,-0.01971244253218174
sorry,0.4786195158958435,0.2529447674751282,-1.2920480966567993,0.5047763586044312,0.20713001489639282,-1.2510805130004883,0.5220180153846741,0.20696896314620972,-1.2510288953781128,0.5370193123817444,0.2074689269065857,-1.2508633136749268,0.4563263952732086,0.20978093147277832,-1.241068720817566,0.44427648186683655,0.21135640144348145,-1.241265058517456,0.43155375123023987,0.21237832307815552,-1.2418252229690552,0.5623964071273804,0.22958225011825562,-0.8877774477005005,0.4259503483772278,0.23678630590438843,-0.8314863443374634,0.5188305377960205,0.3107118606567383,-1.1505141258239746,0.4547140598297119,0.3077765107154846,-1.1356558799743652,0.6830598711967468,0.5158252120018005,-0.6029632091522217,0.32982438802719116,0.5060645937919617,-0.582121729850769,0.7249370217323303,0.9443855285644531,-0.5426339507102966,0.16426226496696472,0.8783198595046997,-0.9829155802726746,0.695838212966919,1.2370370626449585,-0.7882058024406433,0.4086201786994934,0.6945182085037231,-1.659986138343811,0.7019903659820557,1.33400297164917,-0.8600349426269531,0.49081167578697205,0.6640486121177673,-1.7936251163482666,0.670944333076477,1.3189746141433716,-0.8984972238540649,0.49604353308677673,0.6208306550979614,-1.7404206991195679,0.6568949222564697,1.2803465127944946,-0.8079136610031128,0.47496479749679565,0.6271957159042358,-1.6472752094268799,0.6041362285614014,1.1271897554397583,-0.05988181382417679,0.37823331356048584,1.1169755458831787,0.06194544583559036,0.5933351516723633,1.6017779111862183,0.1343468278646469,0.38263964653015137,1.588317632675171,0.2528078556060791,0.5911909341812134,2.001051425933838,0.8523985743522644,0.3971129059791565,1.9945846796035767,0.8103069067001343,0.5954036712646484,2.0579333305358887,0.8939598798751831,0.3964904546737671,2.0519931316375732,0.8533405065536499,0.5629003643989563,2.1511244773864746,0.4026328921318054,0.4121008515357971,2.1452245712280273,0.3366161584854126,0.4085225462913513,0.6723598837852478,0.0,0.4351857006549835,0.6164630651473999,0.009499914012849331,0.4717065095901489,0.5882818698883057,0.008175118826329708,0.504972517490387,0.5869672298431396,0.004211923573166132,0.5243294835090637,0.601768434047699,0.002861181739717722,0.49585866928100586,0.5897870063781738,-0.004252031445503235,0.5324341058731079,0.6019905209541321,-0.007945985533297062,0.5237799286842346,0.6164756417274475,-0.004197710193693638,0.5084761381149292,0.6160961389541626,-0.000685311621055007,0.5030596852302551,0.6247620582580566,-0.013770485296845436,0.5335556864738464,0.6369612812995911,-0.015046765096485615,0.5223217010498047,0.6480565071105957,-0.0056249890476465225,0.5069573521614075,0.6486377716064453,0.00042374240001663566,0.5042855739593506,0.660234808921814,-0.022360999137163162,0.524289608001709,0.6711769104003906,-0.022025784477591515,0.5130047798156738,0.6779239773750305,-0.012202270328998566,0.49916359782218933,0.6764216423034668,-0.006025116425007582,0.5015265345573425,0.6932485103607178,-0.031106583774089813,0.5132135152816772,0.7005395293235779,-0.030089091509580612,0.5027776956558228,0.7048190236091614,-0.024059167131781578,0.49191856384277344,0.7044254541397095,-0.01906616799533367
sorry,0.48235416412353516,0.2530309557914734,-1.1093590259552002,0.5081466436386108,0.2068271040916443,-1.0656613111495972,0.5252369046211243,0.20571774244308472,-1.065580129623413,0.5398474931716919,0.20529824495315552,-1.0653516054153442,0.4579680860042572,0.20954245328903198,-1.0561423301696777,0.4461330473423004,0.21036124229431152,-1.0562255382537842,0.4340232014656067,0.2108725905418396,-1.056692123413086,0.5643023252487183,0.22594928741455078,-0.7225019335746765,0.4268729090690613,0.23540359735488892,-0.6698142290115356,0.5220807790756226,0.3110774755477905,-0.9786631464958191,0.4585047662258148,0.3107401728630066,-0.9646025896072388,0.683147668838501,0.51936274766922,-0.4903448522090912,0.3256855010986328,0.5109501481056213,-0.4500819146633148,0.7262338995933533,0.9475288987159729,-0.4719175398349762,0.1410181224346161,0.8757259845733643,-0.8329027891159058,0.6887075304985046,1.218508243560791,-0.744964599609375,0.37047961354255676,0.715237557888031,-1.4900118112564087,0.6900450587272644,1.3079127073287964,-0.8264516592025757,0.44689932465553284,0.7026666402816772,-1.6215136051177979,0.6557676196098328,1.2843091487884521,-0.8534935712814331,0.45645007491111755,0.6600595116615295,-1.565841555595398,0.6435983180999756,1.2500563859939575,-0.7615158557891846,0.44291505217552185,0.660291850566864,-1.47721266746521,0.6081546545028687,1.1383590698242188,-0.04939275607466698,0.381904274225235,1.1303746700286865,0.05191166326403618,0.5992502570152283,1.5995218753814697,0.18099069595336914,0.3848201632499695,1.5881047248840332,0.2766743302345276,0.6020599603652954,1.988125205039978,0.8892654180526733,0.3995745778083801,1.981646180152893,0.8385259509086609,0.6079168915748596,2.046123504638672,0.9331623315811157,0.3987619876861572,2.039984703063965,0.8835193514823914,0.5702388882637024,2.1405720710754395,0.4777718484401703,0.41500526666641235,2.133969306945801,0.4026756286621094,0.38685131072998047,0.6898658275604248,0.0,0.41661038994789124,0.6356319189071655,0.008717893622815609,0.45593157410621643,0.6099465489387512,0.0068899113684892654,0.49087515473365784,0.6090562343597412,0.0025396556593477726,0.5117729902267456,0.621320366859436,0.000960337114520371,0.47604086995124817,0.6113344430923462,-0.006178389769047499,0.5138686895370483,0.6260796785354614,-0.010944065637886524,0.5034646391868591,0.6419247984886169,-0.006853783968836069,0.487635999917984,0.6410865783691406,-0.0027672124560922384,0.48030996322631836,0.6483924388885498,-0.01538014318794012,0.5129998922348022,0.661674439907074,-0.017545506358146667,0.49995866417884827,0.6729384064674377,-0.00793437846004963,0.48385125398635864,0.671667218208313,-0.0012684252578765154,0.47905680537223816,0.6853427886962891,-0.023747652769088745,0.5016177892684937,0.6969058513641357,-0.02504858747124672,0.48888906836509705,0.7033305168151855,-0.015112794004380703,0.4747377932071686,0.7001014351844788,-0.008294889703392982,0.47427067160606384,0.719378650188446,-0.03214853256940842,0.48860442638397217,0.7269291281700134,-0.032600779086351395,0.47724834084510803,0.7301226854324341,-0.026419632136821747,0.4658219814300537,0.7281790375709534,-0.02083444409072399
sorry,0.4737014174461365,0.2617719769477844,-1.1795331239700317,0.4985729157924652,0.21394695341587067,-1.1388928890228271,0.5158550143241882,0.21324409544467926,-1.1387701034545898,0.5314888954162598,0.2129460722208023,-1.1385409832000732,0.45335453748703003,0.21481019258499146,-1.12433660030365,0.4419988989830017,0.21516908705234528,-1.1244056224822998,0.4302956461906433,0.21522468328475952,-1.1248596906661987,0.5575113296508789,0.2328348159790039,-0.8011085391044617,0.42649421095848083,0.2374781221151352,-0.724784255027771,0.5109254717826843,0.31911319494247437,-1.0501327514648438,0.4526147246360779,0.3173872232437134,-1.0298877954483032,0.6823582649230957,0.5248412489891052,-0.5698729753494263,0.3249652087688446,0.5161120295524597,-0.4689199924468994,0.7313591241836548,0.9475678205490112,-0.5471159815788269,0.12430918216705322,0.8665330410003662,-0.8644009828567505,0.694632887840271,1.23452889919281,-0.7664885520935059,0.34955787658691406,0.7086951732635498,-1.5138376951217651,0.6946501135826111,1.3255730867385864,-0.8405248522758484,0.42550382018089294,0.694210410118103,-1.639910340309143,0.6590002775192261,1.306138277053833,-0.8594219088554382,0.4325546622276306,0.6452600955963135,-1.575056791305542,0.6471563577651978,1.2721960544586182,-0.7774989008903503,0.4207751750946045,0.6471141576766968,-1.4982719421386719,0.6038628220558167,1.1338433027267456,-0.07545190304517746,0.38104012608528137,1.126577615737915,0.07784812897443771,0.5939380526542664,1.5893287658691406,0.12072266638278961,0.3843082785606384,1.5795515775680542,0.3274928033351898,0.5969387292861938,1.9775927066802979,0.8075315356254578,0.39897406101226807,1.970008373260498,0.8854351043701172,0.6047834157943726,2.037067413330078,0.8485236167907715,0.39938223361968994,2.029853343963623,0.930554986000061,0.5602799654006958,2.124499797821045,0.3848299980163574,0.40835314989089966,2.116164207458496,0.4600280225276947,0.3676159977912903,0.6788330674171448,0.0,0.3954509496688843,0.6255433559417725,0.008509532548487186,0.43472275137901306,0.6001678705215454,0.0059707858599722385,0.4695636034011841,0.6003347635269165,0.001204431988298893,0.49040403962135315,0.6136506795883179,-0.0008200402953661978,0.45562538504600525,0.5970844626426697,-0.009953559376299381,0.49050989747047424,0.6152061820030212,-0.01543633732944727,0.4770704209804535,0.6327224969863892,-0.011963333003222942,0.4597179591655731,0.6310368776321411,-0.008426808752119541,0.4603657126426697,0.6341283321380615,-0.019077077507972717,0.48670679330825806,0.6535698175430298,-0.02182271145284176,0.4721274673938751,0.6643701791763306,-0.012283168733119965,0.4556354582309723,0.661331295967102,-0.006130909081548452,0.45944079756736755,0.6725569367408752,-0.0269685760140419,0.47724616527557373,0.6895825862884521,-0.028458774089813232,0.46349072456359863,0.695120632648468,-0.01858372613787651,0.4483744502067566,0.6904662847518921,-0.012251855805516243,0.45523518323898315,0.7080888152122498,-0.034831587225198746,0.4652527868747711,0.7206252217292786,-0.035495005548000336,0.45201799273490906,0.7233846187591553,-0.029413562268018723,0.4394454061985016,0.7198576927185059,-0.024215416982769966
sorry,0.4758496880531311,0.2592065930366516,-1.2226048707962036,0.5015625953674316,0.2118787169456482,-1.1807047128677368,0.5189711451530457,0.21162289381027222,-1.1806714534759521,0.5348449349403381,0.21182680130004883,-1.1805317401885986,0.4552627205848694,0.21323442459106445,-1.1640052795410156,0.44397592544555664,0.21415895223617554,-1.1641111373901367,0.432289183139801,0.21465934813022614,-1.1646133661270142,0.5608882904052734,0.23263120651245117,-0.8290769457817078,0.43051934242248535,0.2376760095357895,-0.7423906922340393,0.5157088041305542,0.31797486543655396,-1.0877859592437744,0.4552941918373108,0.3161388039588928,-1.0647962093353271,0.6846073865890503,0.5247410535812378,-0.588108241558075,0.3322514593601227,0.5118477940559387,-0.4741208553314209,0.7302324771881104,0.9477722644805908,-0.5652987957000732,0.13581153750419617,0.8620708584785461,-0.9137815237045288,0.7008700966835022,1.2424647808074951,-0.801444411277771,0.353915810585022,0.6937113404273987,-1.6414906978607178,0.7021444439888,1.3364297151565552,-0.8811343312263489,0.42855745553970337,0.6763210892677307,-1.781715750694275,0.6682284474372864,1.317176103591919,-0.9069894552230835,0.4411691725254059,0.6260776519775391,-1.7210108041763306,0.6557483673095703,1.2818107604980469,-0.8158198595046997,0.428025484085083,0.6316667795181274,-1.630377173423767,0.6085498332977295,1.1412835121154785,-0.08543787151575089,0.38385704159736633,1.1302505731582642,0.08767005801200867,0.598461389541626,1.6075739860534668,0.09569349139928818,0.3884645104408264,1.595112681388855,0.3372461199760437,0.604552149772644,2.00417160987854,0.8085800409317017,0.40663427114486694,1.9932868480682373,0.9226678609848022,0.6128029227256775,2.065621852874756,0.8496492505073547,0.407929003238678,2.053408622741699,0.969272792339325,0.570416271686554,2.1459646224975586,0.3609318435192108,0.4147179126739502,2.1380536556243896,0.4753969609737396,0.36501383781433105,0.669355034828186,0.0,0.38756468892097473,0.6160967946052551,0.008761676959693432,0.4221054017543793,0.5879274606704712,0.007042332552373409,0.45457857847213745,0.5861192345619202,0.002582680666819215,0.47327107191085815,0.6028887629508972,0.0005418862565420568,0.4525551497936249,0.5864734053611755,-0.005977633874863386,0.48793289065361023,0.5986080765724182,-0.011250804178416729,0.4763856828212738,0.6147362589836121,-0.008541818708181381,0.45953187346458435,0.6156195402145386,-0.005646347533911467,0.4601424038410187,0.6199336051940918,-0.015609078109264374,0.4882476329803467,0.6336087584495544,-0.019497975707054138,0.4747260510921478,0.6463237404823303,-0.01073843240737915,0.45862841606140137,0.6475235223770142,-0.004538123030215502,0.46082571148872375,0.6554272174835205,-0.024361472576856613,0.4795781373977661,0.6676133275032043,-0.026672188192605972,0.46742016077041626,0.6753954887390137,-0.016945049166679382,0.4531886577606201,0.6745564937591553,-0.010186483152210712,0.45707884430885315,0.688185453414917,-0.033333905041217804,0.4660763442516327,0.6985872387886047,-0.03409567475318909,0.45527976751327515,0.7046657204627991,-0.028132785111665726,0.444701224565506,0.7060880661010742,-0.022789426147937775
sorry,0.48180752992630005,0.2588915228843689,-1.2152577638626099,0.5074923038482666,0.20970487594604492,-1.172318696975708,0.5249889492988586,0.20912617444992065,-1.1722867488861084,0.5406517386436462,0.20931094884872437,-1.1721700429916382,0.45931291580200195,0.21075540781021118,-1.1585469245910645,0.4473051130771637,0.21131831407546997,-1.1586703062057495,0.43473511934280396,0.21148933470249176,-1.1591378450393677,0.5663866996765137,0.23064817488193512,-0.8173543214797974,0.4281995892524719,0.23294442892074585,-0.7443395256996155,0.5194604396820068,0.3174057602882385,-1.0788050889968872,0.4582805633544922,0.31599128246307373,-1.0596213340759277,0.6857622861862183,0.5214349031448364,-0.5659095644950867,0.32901954650878906,0.5110217332839966,-0.4754352569580078,0.7288622260093689,0.9438461065292358,-0.5436479449272156,0.13439786434173584,0.8629347085952759,-0.9006537199020386,0.7085977792739868,1.2243422269821167,-0.8005703687667847,0.3490290343761444,0.698125958442688,-1.6376014947891235,0.7100217342376709,1.3133398294448853,-0.8821294903755188,0.4202476143836975,0.6788824200630188,-1.776521921157837,0.6767711043357849,1.2911319732666016,-0.9027079343795776,0.42791256308555603,0.6272033452987671,-1.718461275100708,0.6636075973510742,1.2580400705337524,-0.8135613203048706,0.41710734367370605,0.6332886219024658,-1.626702904701233,0.6072760224342346,1.1334244012832642,-0.08023958653211594,0.3823332190513611,1.1240520477294922,0.08257945626974106,0.5915987491607666,1.591257929801941,0.09465690702199936,0.3754369020462036,1.5799051523208618,0.3624664545059204,0.5916162729263306,1.9832024574279785,0.8075700998306274,0.3917476534843445,1.9680262804031372,0.973954975605011,0.598386824131012,2.045797824859619,0.8498257398605347,0.39225685596466064,2.0276074409484863,1.024296522140503,0.5587680339813232,2.1255836486816406,0.3662990629673004,0.4059882164001465,2.1156888008117676,0.5376553535461426,0.362602561712265,0.6637790203094482,0.0,0.3845082223415375,0.6131227612495422,0.0097718620672822,0.4189732074737549,0.5853644013404846,0.008589892648160458,0.4519737660884857,0.5835543870925903,0.004375011660158634,0.47143206000328064,0.5987513661384583,0.002658531768247485,0.44994717836380005,0.5808141231536865,-0.004302998539060354,0.4869529604911804,0.5939883589744568,-0.01020309142768383,0.4754604697227478,0.6114551424980164,-0.007928220555186272,0.4586370289325714,0.6137422919273376,-0.00524838687852025,0.4572369158267975,0.6122435927391052,-0.014613729901611805,0.49010974168777466,0.6290022730827332,-0.01923481933772564,0.4763762950897217,0.6432688236236572,-0.010837871581315994,0.4601348340511322,0.644373893737793,-0.0047749667428433895,0.45786991715431213,0.6466803550720215,-0.02414943464100361,0.48182088136672974,0.6646095514297485,-0.027542561292648315,0.46896472573280334,0.6733229160308838,-0.017713647335767746,0.4544034004211426,0.6715199947357178,-0.010606677271425724,0.4546964764595032,0.6794174313545227,-0.03382342308759689,0.4677463173866272,0.695249080657959,-0.035513099282979965,0.4561731517314911,0.7010691165924072,-0.029621396213769913,0.4446740746498108,0.700179934501648,-0.024106526747345924
