thankyou,0.49990612268447876,0.2522966265678406,-1.0593785047531128,0.5270965695381165,0.19758974015712738,-1.0006321668624878,0.5410799384117126,0.197923481464386,-1.0005773305892944,0.5540561079978943,0.19930826127529144,-1.0003981590270996,0.4786842465400696,0.1997450441122055,-1.0109483003616333,0.4609423279762268,0.2014288306236267,-1.010803461074829,0.44349318742752075,0.20300418138504028,-1.011279582977295,0.5717797875404358,0.22973667085170746,-0.6111679673194885,0.41639795899391174,0.2313845157623291,-0.6474981904029846,0.5285531878471375,0.31612730026245117,-0.9120837450027466,0.4629836082458496,0.31390780210494995,-0.9233499765396118,0.6838661432266235,0.5482783913612366,-0.3692341148853302,0.2975099980831146,0.5504063367843628,-0.49846428632736206,0.7294700145721436,0.975850522518158,-0.3701498508453369,0.2566449046134949,1.0008137226104736,-0.9325366020202637,0.7229236364364624,1.306870937347412,-0.6275390982627869,0.3893147110939026,0.6753190159797668,-1.5507032871246338,0.7433703541755676,1.4054983854293823,-0.690819263458252,0.42590099573135376,0.5540938973426819,-1.683201551437378,0.7043304443359375,1.3978759050369263,-0.7167434692382812,0.419245183467865,0.5073394179344177,-1.6320232152938843,0.6837161183357239,1.3575328588485718,-0.6503309011459351,0.4136649966239929,0.5405733585357666,-1.5437796115875244,0.623119056224823,1.234425663948059,-0.02403470315039158,0.3663918375968933,1.2320992946624756,0.027732813730835915,0.6022234559059143,1.7772364616394043,-0.06326563656330109,0.3727322220802307,1.7805473804473877,0.018174953758716583,0.575448751449585,2.2464468479156494,0.547427773475647,0.3626996874809265,2.2512850761413574,0.3967657685279846,0.5766648650169373,2.316274404525757,0.5771288275718689,0.35832127928733826,2.321979284286499,0.41789665818214417,0.5400911569595337,2.4096031188964844,0.06063269451260567,0.3764914274215698,2.4147772789001465,-0.14149029552936554,0.4009162187576294,0.626259982585907,0.0,0.3662153482437134,0.584356963634491,-0.0066083259880542755,0.3545893430709839,0.5290955305099487,-0.016088970005512238,0.346699059009552,0.48584118485450745,-0.0250641368329525,0.3274478316307068,0.4589728116989136,-0.03470379114151001,0.4058055579662323,0.4917457699775696,-0.02398166060447693,0.43654221296310425,0.4305558502674103,-0.03442190960049629,0.4535628855228424,0.3960360884666443,-0.03865218162536621,0.4665561616420746,0.37101057171821594,-0.04147978872060776,0.43427637219429016,0.5067000985145569,-0.02852344512939453,0.46596789360046387,0.4376016855239868,-0.037463728338479996,0.4834959805011749,0.39622896909713745,-0.04106082767248154,0.4960576295852661,0.3670947849750519,-0.04457411170005798,0.4554828703403473,0.5284762978553772,-0.032515183091163635,0.4831719994544983,0.465644508600235,-0.042777977883815765,0.4990929663181305,0.42707839608192444,-0.04841940850019455,0.5093778371810913,0.39914989471435547,-0.05248778685927391,0.4702398180961609,0.5541785955429077,-0.03686673566699028,0.49301645159721375,0.5127189755439758,-0.04669204354286194,0.5042804479598999,0.48550093173980713,-0.05135020986199379,0.5118973851203918,0.46363547444343567,-0.054396823048591614
thankyou,0.4927946925163269,0.2482454776763916,-0.9163901209831238,0.5188309550285339,0.19674372673034668,-0.8696564435958862,0.5330900549888611,0.19681984186172485,-0.8694806098937988,0.5463917851448059,0.19769054651260376,-0.8693187832832336,0.47211623191833496,0.1987420916557312,-0.8731063604354858,0.4559105336666107,0.19973278045654297,-0.872846782207489,0.44005250930786133,0.20041412115097046,-0.8732794523239136,0.5656536817550659,0.2253870964050293,-0.5407264232635498,0.4160090386867523,0.22868037223815918,-0.5416122078895569,0.5259319543838501,0.30847781896591187,-0.7933778166770935,0.46091657876968384,0.30898088216781616,-0.7939150929450989,0.679384708404541,0.5352672338485718,-0.35708338022232056,0.30625906586647034,0.5399377942085266,-0.4149854779243469,0.7287359237670898,0.9759406447410583,-0.3563670217990875,0.2622860074043274,0.9886348247528076,-0.8056424856185913,0.7494764924049377,1.2882342338562012,-0.6091834902763367,0.3857196569442749,0.6566944122314453,-1.3915655612945557,0.7777261137962341,1.3862230777740479,-0.6775488257408142,0.42362266778945923,0.5542480945587158,-1.5167876482009888,0.7398300766944885,1.387519121170044,-0.7052072286605835,0.42258530855178833,0.504814624786377,-1.4663758277893066,0.7157348394393921,1.348595142364502,-0.6321371793746948,0.417562872171402,0.5294082164764404,-1.3828123807907104,0.6183959245681763,1.191296100616455,-0.02889375016093254,0.3679470419883728,1.1928964853286743,0.03230944275856018,0.6052036285400391,1.703951358795166,0.0662347599864006,0.37889349460601807,1.7073441743850708,0.13986393809318542,0.5872776508331299,2.1447038650512695,0.7055184245109558,0.3710285425186157,2.146674156188965,0.6312330365180969,0.5905768275260925,2.2061147689819336,0.7400604486465454,0.3642067313194275,2.2084107398986816,0.6681860685348511,0.554576575756073,2.308603048324585,0.2706514298915863,0.3958682417869568,2.3149893283843994,0.1462586373090744,0.39932239055633545,0.6185654401779175,0.0,0.3652050197124481,0.5832793712615967,-0.008939839899539948,0.3531239628791809,0.5319634675979614,-0.01996564492583275,0.3453993797302246,0.49026596546173096,-0.02964877337217331,0.3264915943145752,0.461534708738327,-0.0401526615023613,0.4009450078010559,0.4944029748439789,-0.030002156272530556,0.43226003646850586,0.43464288115501404,-0.04065876454114914,0.44922301173210144,0.39834946393966675,-0.04509357735514641,0.4615885019302368,0.3725704550743103,-0.04819827154278755,0.42938104271888733,0.5097477436065674,-0.03310312330722809,0.46137526631355286,0.4425196051597595,-0.04267336428165436,0.47894570231437683,0.3995041251182556,-0.046719059348106384,0.49199554324150085,0.36930227279663086,-0.05062209814786911,0.45157116651535034,0.5315732359886169,-0.035319987684488297,0.4799555242061615,0.4700019061565399,-0.04548252001404762,0.495272159576416,0.43091881275177,-0.051138486713171005,0.5052571296691895,0.40233898162841797,-0.05556322634220123,0.46779176592826843,0.5567915439605713,-0.03786732256412506,0.49072274565696716,0.5143573880195618,-0.047675833106040955,0.5015559792518616,0.48565399646759033,-0.05246765911579132,0.5087435841560364,0.4624030888080597,-0.055859729647636414
thankyou,0.5051122307777405,0.25153547525405884,-1.2093623876571655,0.5296428203582764,0.19307313859462738,-1.1499147415161133,0.5430026054382324,0.19234323501586914,-1.1499747037887573,0.5553386807441711,0.19290746748447418,-1.149741530418396,0.48163074254989624,0.19956684112548828,-1.1627848148345947,0.4638613164424896,0.2021423727273941,-1.1628587245941162,0.44718313217163086,0.20425640046596527,-1.1634647846221924,0.5694029927253723,0.22189182043075562,-0.7093464732170105,0.41928035020828247,0.2282751202583313,-0.7549569606781006,0.5342877507209778,0.31538963317871094,-1.0405362844467163,0.4716354012489319,0.3143109679222107,-1.054523229598999,0.6867722272872925,0.5369006991386414,-0.381528377532959,0.30186325311660767,0.5412294268608093,-0.5580828189849854,0.7305048704147339,0.9717631936073303,-0.32915571331977844,0.2541033625602722,1.0032156705856323,-1.0186315774917603,0.6978211998939514,1.253954529762268,-0.6831109523773193,0.37932777404785156,0.6607615947723389,-1.7950931787490845,0.7021732330322266,1.3509109020233154,-0.7619915008544922,0.4130520224571228,0.5505978465080261,-1.9612257480621338,0.6746762990951538,1.3277509212493896,-0.802817165851593,0.4078659415245056,0.5063083171844482,-1.93020761013031,0.6579822301864624,1.290425419807434,-0.7126789093017578,0.4029667377471924,0.5304681658744812,-1.7983086109161377,0.6236876249313354,1.2439846992492676,-0.020054802298545837,0.36031073331832886,1.2472976446151733,0.02329615317285061,0.6087555289268494,1.799299716949463,-0.01924816332757473,0.3752243220806122,1.8091766834259033,0.03344986215233803,0.5881149172782898,2.286538600921631,0.6262922286987305,0.3773953318595886,2.2968201637268066,0.4706975817680359,0.5888112783432007,2.3549036979675293,0.655970573425293,0.3742958903312683,2.364938974380493,0.49717655777931213,0.5602970123291016,2.4482007026672363,0.09855338931083679,0.39605140686035156,2.4613099098205566,-0.11368265002965927,0.39811328053474426,0.6246127486228943,0.0,0.36356276273727417,0.5851845145225525,-0.008887474425137043,0.3518626391887665,0.5333582162857056,-0.0199116263538599,0.34430789947509766,0.4911555051803589,-0.0300134290009737,0.3275505602359772,0.46113988757133484,-0.04099660739302635,0.40364959836006165,0.4951256215572357,-0.027996832504868507,0.43452489376068115,0.4334478974342346,-0.039115652441978455,0.4516756534576416,0.39921092987060547,-0.04366711899638176,0.4651864469051361,0.3736599087715149,-0.04673592746257782,0.4319626986980438,0.5107604265213013,-0.03179590031504631,0.46531206369400024,0.4403321146965027,-0.04131171852350235,0.4821789860725403,0.399312287569046,-0.04499976709485054,0.49414899945259094,0.3690747320652008,-0.04854447767138481,0.45301520824432373,0.5328757762908936,-0.03510264679789543,0.48230019211769104,0.4690665900707245,-0.04577260836958885,0.49809008836746216,0.42993998527526855,-0.051574092358350754,0.5087151527404785,0.4010296165943146,-0.05587689206004143,0.4675959348678589,0.5590807199478149,-0.038924869149923325,0.4911281168460846,0.5170674920082092,-0.04911376163363457,0.5019845962524414,0.4883405864238739,-0.054177120327949524,0.5095332264900208,0.464830219745636,-0.05761565640568733
thankyou,0.5162528157234192,0.24510031938552856,-1.3815226554870605,0.5373944044113159,0.19281768798828125,-1.3342211246490479,0.5509012937545776,0.19151002168655396,-1.3341139554977417,0.5641264915466309,0.1909911036491394,-1.3337210416793823,0.4875226616859436,0.19821351766586304,-1.3427456617355347,0.46923667192459106,0.2004496455192566,-1.3428987264633179,0.4508205056190491,0.20233911275863647,-1.3433542251586914,0.577387809753418,0.2166515737771988,-0.9591047167778015,0.41815003752708435,0.23260389268398285,-0.9874178767204285,0.5433362126350403,0.3056288957595825,-1.2371727228164673,0.4799472689628601,0.3101779818534851,-1.2456977367401123,0.6831324696540833,0.5360592603683472,-0.6633212566375732,0.2915651202201843,0.549685537815094,-0.7347376346588135,0.728251039981842,0.9673436880111694,-0.6164138317108154,0.2520734369754791,1.0185612440109253,-0.999782919883728,0.7152832746505737,1.1985152959823608,-1.0482988357543945,0.34115350246429443,0.8755209445953369,-1.740332841873169,0.724912166595459,1.2798465490341187,-1.1559146642684937,0.38830116391181946,0.8137239813804626,-1.8913824558258057,0.6977874636650085,1.2477762699127197,-1.2087572813034058,0.3758945167064667,0.7471092939376831,-1.8850529193878174,0.6815425157546997,1.2118356227874756,-1.0834823846817017,0.36702027916908264,0.759587287902832,-1.75190007686615,0.6215040683746338,1.181916356086731,-0.03619209676980972,0.36225834488868713,1.183498501777649,0.03943682834506035,0.5982574820518494,1.6792291402816772,0.1559673547744751,0.3571476340293884,1.6848920583724976,0.2227310836315155,0.5871743559837341,2.1116583347320557,0.9157613515853882,0.36512163281440735,2.105802297592163,0.8288413882255554,0.5917354226112366,2.178715229034424,0.9598342180252075,0.3608412742614746,2.169081687927246,0.8742204904556274,0.5561888813972473,2.278867483139038,0.46968013048171997,0.3942257761955261,2.275352716445923,0.3366394639015198,0.3424891531467438,0.855147123336792,0.0,0.3199123442173004,0.7898245453834534,-0.009915987960994244,0.3146057724952698,0.7093622088432312,-0.027415525168180466,0.3061440587043762,0.6505041122436523,-0.0417926162481308,0.27751046419143677,0.6213054060935974,-0.05599192529916763,0.34295982122421265,0.7381846308708191,-0.0648840069770813,0.38604679703712463,0.684325635433197,-0.08467166870832443,0.4099738597869873,0.652592122554779,-0.08514817804098129,0.4300919473171234,0.6284608840942383,-0.08383075147867203,0.37288767099380493,0.7710524797439575,-0.07093314826488495,0.42336365580558777,0.7051025032997131,-0.09010276943445206,0.4474959969520569,0.668317973613739,-0.08446251600980759,0.46594223380088806,0.6407552361488342,-0.08109264075756073,0.39845728874206543,0.8012773990631104,-0.07436314970254898,0.4441291093826294,0.7386713027954102,-0.09214486181735992,0.46725186705589294,0.7013259530067444,-0.08760952949523926,0.4826125204563141,0.6736397743225098,-0.08428344875574112,0.41840219497680664,0.8279682993888855,-0.0772368311882019,0.4546363353729248,0.7809739708900452,-0.09027567505836487,0.4740336239337921,0.7543566226959229,-0.0899902954697609,0.4888986349105835,0.7337920069694519,-0.08950898796319962
thankyou,0.5156577825546265,0.2531673312187195,-1.3960278034210205,0.5354548096656799,0.19782795011997223,-1.3471972942352295,0.5491325259208679,0.19642513990402222,-1.3470698595046997,0.5620766878128052,0.1959894746541977,-1.3466790914535522,0.485163152217865,0.20351539552211761,-1.3592172861099243,0.46606898307800293,0.2062012106180191,-1.3593900203704834,0.44788986444473267,0.208690345287323,-1.3598414659500122,0.5764032602310181,0.22131143510341644,-0.9694198369979858,0.41785135865211487,0.23824132978916168,-1.0130915641784668,0.5423339009284973,0.31506139039993286,-1.2504851818084717,0.4803996980190277,0.31752723455429077,-1.2635635137557983,0.682681679725647,0.5342309474945068,-0.6606858372688293,0.292624294757843,0.5535465478897095,-0.7765742540359497,0.7333887815475464,0.965789258480072,-0.5800639390945435,0.2593042254447937,1.0318207740783691,-1.0429679155349731,0.7380341291427612,1.2217522859573364,-0.960934042930603,0.3516747057437897,0.8701716661453247,-1.7384828329086304,0.7525458335876465,1.3060059547424316,-1.0512914657592773,0.39993399381637573,0.8094345331192017,-1.8819202184677124,0.7267951965332031,1.2820992469787598,-1.109370231628418,0.38836801052093506,0.7434306740760803,-1.872368574142456,0.708899736404419,1.2456330060958862,-0.997210681438446,0.37765637040138245,0.7548211812973022,-1.7475831508636475,0.6299073696136475,1.1823385953903198,-0.02489495649933815,0.37185755372047424,1.1882069110870361,0.02790498174726963,0.6064437031745911,1.6825034618377686,0.17171229422092438,0.3663909137248993,1.6934489011764526,0.19480890035629272,0.5981891751289368,2.1131391525268555,0.9253233671188354,0.3800787925720215,2.113842725753784,0.7733955979347229,0.6014348268508911,2.1804428100585938,0.9695898294448853,0.37774181365966797,2.1764309406280518,0.8165383338928223,0.5742077827453613,2.275624990463257,0.4889538884162903,0.4088614583015442,2.280181884765625,0.28400304913520813,0.34588393568992615,0.8647042512893677,0.0,0.32339486479759216,0.7997784614562988,-0.009667512029409409,0.31749242544174194,0.7184144258499146,-0.025384478271007538,0.3093876242637634,0.6579654216766357,-0.03824211284518242,0.28053683042526245,0.6286778450012207,-0.05084891617298126,0.3447684943675995,0.7458450794219971,-0.057373691350221634,0.38455140590667725,0.6950317025184631,-0.07488612085580826,0.40827640891075134,0.663188636302948,-0.07560086995363235,0.42884013056755066,0.6366651058197021,-0.07486898452043533,0.3748513162136078,0.7758501768112183,-0.062364548444747925,0.423109233379364,0.7147848606109619,-0.08002262562513351,0.4481266438961029,0.6780751347541809,-0.07637523859739304,0.4681538939476013,0.6490892767906189,-0.07448923587799072,0.4010520279407501,0.8036608099937439,-0.06489824503660202,0.4447636604309082,0.7455819249153137,-0.08154386281967163,0.4686596691608429,0.7102222442626953,-0.07871494442224503,0.4852965474128723,0.6826576590538025,-0.07651695609092712,0.42161843180656433,0.8279187083244324,-0.06698884814977646,0.456315279006958,0.7840407490730286,-0.078785240650177,0.4754642844200134,0.7594013214111328,-0.07908596098423004,0.49052026867866516,0.7388013601303101,-0.07913438230752945
thankyou,0.511704683303833,0.2590285539627075,-1.622510552406311,0.5327739119529724,0.2014627456665039,-1.5618135929107666,0.5469183921813965,0.20001477003097534,-1.5619128942489624,0.5603290796279907,0.19965481758117676,-1.561825156211853,0.4811157286167145,0.20765699446201324,-1.5792088508605957,0.46151232719421387,0.21037602424621582,-1.5797228813171387,0.44320058822631836,0.2126060128211975,-1.580320954322815,0.5770711302757263,0.22609615325927734,-1.1380558013916016,0.4145123362541199,0.2405477911233902,-1.208725929260254,0.5392382144927979,0.31951963901519775,-1.4595491886138916,0.47666460275650024,0.32371604442596436,-1.4814494848251343,0.6882701516151428,0.5468312501907349,-0.7881066799163818,0.2914983034133911,0.5567031502723694,-0.9253503680229187,0.7373255491256714,0.973173201084137,-0.7451683282852173,0.25494182109832764,1.02013099193573,-1.2101380825042725,0.741753101348877,1.2221226692199707,-1.1530052423477173,0.34492555260658264,0.8779442310333252,-1.9464142322540283,0.7557532787322998,1.3028870820999146,-1.2514023780822754,0.3907397985458374,0.8171504139900208,-2.1079347133636475,0.7329022884368896,1.27727210521698,-1.3166213035583496,0.3802456557750702,0.7510513067245483,-2.094662666320801,0.7155960202217102,1.2419155836105347,-1.1923308372497559,0.3686310052871704,0.7609974145889282,-1.95590078830719,0.6156888008117676,1.1797531843185425,-0.022425362840294838,0.36367353796958923,1.178361415863037,0.025035103783011436,0.58592289686203,1.6752971410751343,0.07888265699148178,0.3525936007499695,1.6609829664230347,-0.010962107218801975,0.5697641372680664,2.10239315032959,0.8323589563369751,0.35698091983795166,2.0904576778411865,0.5849244594573975,0.5695053339004517,2.170665740966797,0.8734689950942993,0.35713955760002136,2.16023588180542,0.6254264712333679,0.5432916879653931,2.261178493499756,0.3597181737422943,0.38019609451293945,2.2465639114379883,0.05833440274000168,0.34525367617607117,0.8601123094558716,0.0,0.3222041130065918,0.7961485385894775,-0.009898117743432522,0.3162142038345337,0.715061604976654,-0.02558036893606186,0.3069148361682892,0.6543440222740173,-0.03826121985912323,0.277480810880661,0.6253870129585266,-0.050697654485702515,0.34432440996170044,0.7407736778259277,-0.057917676866054535,0.38406920433044434,0.6901422142982483,-0.07537368685007095,0.4075356721878052,0.6583015322685242,-0.07563607394695282,0.4279789626598358,0.6325166821479797,-0.07446739077568054,0.3747211992740631,0.7706320881843567,-0.06280902773141861,0.4234757125377655,0.7089916467666626,-0.07950242608785629,0.4473208487033844,0.6722686886787415,-0.07470984011888504,0.4661438465118408,0.643997311592102,-0.07218500971794128,0.40081986784935,0.7985517978668213,-0.06538552045822144,0.44450461864471436,0.73942631483078,-0.08143972605466843,0.46737542748451233,0.7038022875785828,-0.07806942611932755,0.48333483934402466,0.6765798330307007,-0.07559990137815475,0.42122578620910645,0.8234755396842957,-0.06758159399032593,0.45568743348121643,0.7791560292243958,-0.07945360988378525,0.4751356244087219,0.7543202638626099,-0.07970703393220901,0.4908733665943146,0.7339916825294495,-0.07962203025817871
thankyou,0.33025357127189636,0.24012023210525513,-0.6182146668434143,0.36234912276268005,0.19822454452514648,-0.5568723678588867,0.3781839907169342,0.19908565282821655,-0.5568770170211792,0.39153194427490234,0.20082443952560425,-0.5566959977149963,0.31241676211357117,0.1993095874786377,-0.5574015974998474,0.2979598045349121,0.2014654278755188,-0.5571856498718262,0.28526267409324646,0.20459747314453125,-0.5577719807624817,0.41079291701316833,0.23559433221817017,-0.21983034908771515,0.2762542963027954,0.24183470010757446,-0.2068813294172287,0.3680810332298279,0.304257333278656,-0.4982089400291443,0.29859185218811035,0.3071269989013672,-0.49571067094802856,0.5363175272941589,0.5136984586715698,-0.07815361768007278,0.1761031597852707,0.5521498918533325,-0.17125746607780457,0.6373335123062134,0.9207687973976135,-0.18265345692634583,0.12796416878700256,0.9890077710151672,-0.7080129981040955,0.5921118259429932,1.1238727569580078,-0.4530141353607178,0.23700042068958282,0.6313847899436951,-1.4258043766021729,0.5907796621322632,1.2104357481002808,-0.5139650702476501,0.25878459215164185,0.5257590413093567,-1.5661596059799194,0.5507667660713196,1.184019923210144,-0.5110577940940857,0.26248449087142944,0.4849967956542969,-1.509835958480835,0.5412211418151855,1.155786395072937,-0.4617649018764496,0.26146870851516724,0.5149288773536682,-1.4204059839248657,0.5160677433013916,1.2051794528961182,-0.018789730966091156,0.26379939913749695,1.2286219596862793,0.022592121735215187,0.5225181579589844,1.7120099067687988,-0.12761276960372925,0.29591813683509827,1.7377440929412842,-0.015875522047281265,0.5141244530677795,2.161515235900879,0.337882399559021,0.3011872470378876,2.1822381019592285,0.2810337245464325,0.519716739654541,2.2246415615081787,0.355135053396225,0.29657039046287537,2.245790958404541,0.2963346242904663,0.48595303297042847,2.31229305267334,-0.1192355751991272,0.32315123081207275,2.331831693649292,-0.20539596676826477,0.2484472543001175,0.581694483757019,0.0,0.2184901386499405,0.5490517616271973,-0.010944997891783714,0.2050110548734665,0.5072391629219055,-0.02495965175330639,0.19878900051116943,0.4709550142288208,-0.03643478453159332,0.1855383813381195,0.4424716830253601,-0.0485260933637619,0.2511783242225647,0.4782619774341583,-0.04469897225499153,0.2825591266155243,0.41755160689353943,-0.057668063789606094,0.2997038662433624,0.38691645860671997,-0.06056224927306175,0.311210960149765,0.3650781512260437,-0.06193748116493225,0.27594733238220215,0.49466392397880554,-0.04679502919316292,0.3090047240257263,0.4258454144001007,-0.05768687650561333,0.3248957097530365,0.3889353573322296,-0.05796878784894943,0.3351009488105774,0.36315035820007324,-0.05915740877389908,0.29575255513191223,0.5150384902954102,-0.04730188101530075,0.32496243715286255,0.45360276103019714,-0.05797016993165016,0.3391038775444031,0.4182872176170349,-0.059736836701631546,0.3473500609397888,0.3938141167163849,-0.06156373769044876,0.31139954924583435,0.5366257429122925,-0.04798285663127899,0.3333960771560669,0.49459779262542725,-0.0584702342748642,0.34293854236602783,0.46830934286117554,-0.061655450612306595,0.34925198554992676,0.4480634927749634,-0.06361409276723862
thankyou,0.34017038345336914,0.23129057884216309,-0.6068211793899536,0.3684152662754059,0.19176125526428223,-0.5422752499580383,0.38260218501091003,0.19350160658359528,-0.5422370433807373,0.39610880613327026,0.19596494734287262,-0.5420811772346497,0.32040873169898987,0.19036470353603363,-0.5439996123313904,0.30514535307884216,0.1917804330587387,-0.5436051487922668,0.2921128571033478,0.19427789747714996,-0.5440571904182434,0.41766372323036194,0.23055635392665863,-0.19781377911567688,0.2796477973461151,0.23073850572109222,-0.18958230316638947,0.3754608631134033,0.2947882413864136,-0.48519930243492126,0.3083428144454956,0.29828548431396484,-0.4839685559272766,0.5374833345413208,0.506799578666687,-0.08376646786928177,0.1767713576555252,0.5531367063522339,-0.1654685139656067,0.6385782957077026,0.9252223372459412,-0.20903344452381134,0.13893887400627136,0.9897148609161377,-0.7048623561859131,0.5933669805526733,1.1591306924819946,-0.4881029725074768,0.2366848886013031,0.6330274939537048,-1.4116854667663574,0.5964269042015076,1.2511861324310303,-0.5622729659080505,0.2641703486442566,0.5206621289253235,-1.5590260028839111,0.5538538098335266,1.229295253753662,-0.5651164054870605,0.26886287331581116,0.4758010506629944,-1.5100116729736328,0.542648196220398,1.1991702318191528,-0.5017926096916199,0.2669917643070221,0.5064771175384521,-1.4107035398483276,0.5178582668304443,1.223393201828003,-0.0273435078561306,0.25969454646110535,1.2467732429504395,0.03151718154549599,0.5208725333213806,1.7538918256759644,-0.16365209221839905,0.2894384264945984,1.7820829153060913,-0.03228200227022171,0.5133056044578552,2.238354206085205,0.2886717915534973,0.2950725257396698,2.256455421447754,0.20965179800987244,0.5193804502487183,2.305500030517578,0.3038425147533417,0.2888191342353821,2.3239517211914062,0.219448059797287,0.48303717374801636,2.3945295810699463,-0.1902361512184143,0.32134735584259033,2.4101500511169434,-0.3023603558540344,0.24247582256793976,0.6082906723022461,0.0,0.20818877220153809,0.5686967372894287,-0.005031128413975239,0.19376631081104279,0.5165193676948547,-0.01426706463098526,0.18436011672019958,0.47564178705215454,-0.022467216476798058,0.16340819001197815,0.45337775349617004,-0.03112112171947956,0.2425997108221054,0.4846736490726471,-0.02662082388997078,0.2763391435146332,0.42382729053497314,-0.03535890951752663,0.29430273175239563,0.38957521319389343,-0.03757351264357567,0.30730196833610535,0.36525505781173706,-0.03887127339839935,0.2707272171974182,0.49843937158584595,-0.030191605910658836,0.30463749170303345,0.4311447739601135,-0.03736955299973488,0.32207268476486206,0.391651451587677,-0.038124434649944305,0.3347691595554352,0.3638727068901062,-0.039588335901498795,0.2925378978252411,0.5167930126190186,-0.0325520858168602,0.32129383087158203,0.45477384328842163,-0.040375206619501114,0.3374248147010803,0.4171394109725952,-0.04319910332560539,0.3486464023590088,0.3897974491119385,-0.045602504163980484,0.30900487303733826,0.537469744682312,-0.034878622740507126,0.3307669460773468,0.49435293674468994,-0.042196717113256454,0.3420755863189697,0.46956926584243774,-0.0445464663207531,0.35052430629730225,0.4501090943813324,-0.04613306373357773
thankyou,0.3393838107585907,0.24458760023117065,-0.713750422000885,0.36945271492004395,0.2011702060699463,-0.6465205550193787,0.38465815782546997,0.20218157768249512,-0.6465033292770386,0.3980017304420471,0.2043384164571762,-0.6462859511375427,0.31861820816993713,0.20120644569396973,-0.6497586369514465,0.3025480806827545,0.20268893241882324,-0.6494659781455994,0.2888624966144562,0.2053813934326172,-0.6500038504600525,0.4212474822998047,0.23875504732131958,-0.2760830819606781,0.27805203199386597,0.24173903465270996,-0.27590250968933105,0.37449413537979126,0.3076004981994629,-0.5813193321228027,0.30742669105529785,0.31244713068008423,-0.5823842883110046,0.5409696102142334,0.5179387927055359,-0.11262436956167221,0.1777689903974533,0.5600671768188477,-0.22098322212696075,0.6395254135131836,0.9375107288360596,-0.22543473541736603,0.13471585512161255,0.9964891076087952,-0.7469162940979004,0.5835134387016296,1.1604390144348145,-0.54030442237854,0.23535247147083282,0.6428964734077454,-1.4739717245101929,0.5817339420318604,1.2506201267242432,-0.6145466566085815,0.2600283622741699,0.5360303521156311,-1.6249139308929443,0.5390101671218872,1.2260364294052124,-0.6167954206466675,0.26417768001556396,0.4902944564819336,-1.5746127367019653,0.5296469926834106,1.1944438219070435,-0.5534996390342712,0.2606101632118225,0.5226038694381714,-1.4721252918243408,0.5154979825019836,1.2194702625274658,-0.016082018613815308,0.25861096382141113,1.241528868675232,0.020262667909264565,0.5189344882965088,1.7419764995574951,-0.14416199922561646,0.2895805835723877,1.7655556201934814,-0.07128465175628662,0.510123074054718,2.2113325595855713,0.3413703739643097,0.2936173975467682,2.2305941581726074,0.20587733387947083,0.5159556865692139,2.278707981109619,0.35867395997047424,0.2891005277633667,2.2988054752349854,0.21686944365501404,0.4790950417518616,2.3634300231933594,-0.1486072987318039,0.31517982482910156,2.380197763442993,-0.3235936760902405,0.24615858495235443,0.6086202263832092,0.0,0.2117464393377304,0.5694900751113892,-0.008667019195854664,0.19693613052368164,0.5169535875320435,-0.019635824486613274,0.18864235281944275,0.47078654170036316,-0.02851925976574421,0.17203104496002197,0.4398821294307709,-0.03757277876138687,0.24543678760528564,0.48564615845680237,-0.03263634443283081,0.27820247411727905,0.42464685440063477,-0.041824087500572205,0.29623931646347046,0.39126551151275635,-0.04386751726269722,0.30909061431884766,0.3670414686203003,-0.04516231641173363,0.2727994918823242,0.5006999373435974,-0.03456653654575348,0.3059137463569641,0.4332256317138672,-0.0421723835170269,0.3235890567302704,0.39458250999450684,-0.043114226311445236,0.33632907271385193,0.3668331205844879,-0.04491058364510536,0.29388487339019775,0.520056962966919,-0.03526858240365982,0.32225656509399414,0.4586559236049652,-0.04328487813472748,0.33852460980415344,0.42196208238601685,-0.04657340049743652,0.3493853807449341,0.3946904242038727,-0.049562808126211166,0.30977770686149597,0.5410647988319397,-0.03611575812101364,0.3315039277076721,0.4981270730495453,-0.04428868740797043,0.34265947341918945,0.4707428812980652,-0.04782484471797943,0.35054847598075867,0.4484719932079315,-0.05030195042490959
thankyou,0.34737566113471985,0.24112939834594727,-1.0325112342834473,0.3731633722782135,0.2006325125694275,-0.968511700630188,0.3886537551879883,0.2028149962425232,-0.9687436819076538,0.4019618630409241,0.2053588479757309,-0.9684846997261047,0.324057936668396,0.19802141189575195,-0.9690676927566528,0.30875200033187866,0.19945794343948364,-0.9691027402877808,0.2957172691822052,0.2018641084432602,-0.9697321653366089,0.4171147346496582,0.2403162568807602,-0.5737676620483398,0.27691829204559326,0.24170535802841187,-0.5617388486862183,0.3788757920265198,0.306757390499115,-0.8878200650215149,0.31420016288757324,0.30304500460624695,-0.8864065408706665,0.5324584245681763,0.5161236524581909,-0.37862440943717957,0.16354864835739136,0.5792404413223267,-0.3842444121837616,0.6418390274047852,0.9230781197547913,-0.49087923765182495,0.12312009185552597,1.0036792755126953,-0.9274595379829407,0.5870596170425415,1.1260393857955933,-0.8488218188285828,0.22289149463176727,0.6944437026977539,-1.8008779287338257,0.5744306445121765,1.2193071842193604,-0.9447379112243652,0.2450125515460968,0.6039572954177856,-1.9700130224227905,0.5347123742103577,1.1845409870147705,-0.9500009417533875,0.2466852217912674,0.5490196943283081,-1.9350106716156006,0.5307760238647461,1.1517106294631958,-0.8608928918838501,0.24116988480091095,0.577721357345581,-1.8074235916137695,0.5099796056747437,1.2058769464492798,-0.059398017823696136,0.2575911283493042,1.2281913757324219,0.06294778734445572,0.501562237739563,1.6915067434310913,-0.06275640428066254,0.27759769558906555,1.7021801471710205,0.05373873561620712,0.49633073806762695,2.133542060852051,0.5679713487625122,0.2845280170440674,2.1507749557495117,0.5677931308746338,0.4973932206630707,2.2063193321228027,0.5977580547332764,0.28311362862586975,2.2262423038482666,0.6027951240539551,0.4801703989505768,2.281428337097168,0.0643875002861023,0.31140613555908203,2.2862398624420166,0.03452363982796669,0.23430320620536804,0.6462579965591431,0.0,0.2027580440044403,0.6103382110595703,-0.013739285059273243,0.18689480423927307,0.5583947896957397,-0.029793981462717056,0.17546772956848145,0.5139985084533691,-0.0428016223013401,0.15686362981796265,0.48456186056137085,-0.05633728206157684,0.23155489563941956,0.5333597660064697,-0.04981274902820587,0.26602354645729065,0.4710370898246765,-0.06592155247926712,0.28507789969444275,0.4342290759086609,-0.0718761682510376,0.2999190390110016,0.40685898065567017,-0.0757371112704277,0.25980067253112793,0.5493279099464417,-0.05193343758583069,0.2957247793674469,0.4798135757446289,-0.06872303783893585,0.31513354182243347,0.436005562543869,-0.0732288584113121,0.3296426832675934,0.40401163697242737,-0.07714026421308517,0.2827674150466919,0.5696839690208435,-0.052348554134368896,0.31290632486343384,0.5041442513465881,-0.06841792166233063,0.3318227529525757,0.46296024322509766,-0.07344800233840942,0.3453816771507263,0.4322880208492279,-0.07712667435407639,0.299890398979187,0.5900354385375977,-0.052700962871313095,0.32310205698013306,0.5451772809028625,-0.0658244714140892,0.3363829255104065,0.5167524218559265,-0.07048115879297256,0.3474918603897095,0.49382156133651733,-0.07392016798257828
thankyou,0.34754514694213867,0.23660244047641754,-0.9304803609848022,0.37257304787635803,0.19909729063510895,-0.8552659749984741,0.38667014241218567,0.2010887712240219,-0.8553865551948547,0.3988402783870697,0.20374369621276855,-0.8550757169723511,0.32551467418670654,0.19715404510498047,-0.8593093752861023,0.309817910194397,0.19858217239379883,-0.8591793775558472,0.2966076135635376,0.2004537582397461,-0.8597115278244019,0.4137796461582184,0.23590874671936035,-0.42893582582473755,0.2802949547767639,0.23775845766067505,-0.43173742294311523,0.3790085017681122,0.3020050823688507,-0.7777627110481262,0.31390073895454407,0.2987915277481079,-0.779411792755127,0.5370879769325256,0.518976628780365,-0.21550074219703674,0.1680392324924469,0.5692969560623169,-0.3124748766422272,0.6435761451721191,0.9257744550704956,-0.32466620206832886,0.1394525021314621,1.0150771141052246,-0.8478988409042358,0.5791449546813965,1.1791383028030396,-0.7238106727600098,0.22377455234527588,0.6859537959098816,-1.7066900730133057,0.5687460899353027,1.2727917432785034,-0.8155080676078796,0.24023441970348358,0.5874536037445068,-1.8789136409759521,0.5287996530532837,1.242067813873291,-0.8302203416824341,0.24522534012794495,0.5319899320602417,-1.8473262786865234,0.5215377807617188,1.210085153579712,-0.7420305609703064,0.24060729146003723,0.5622153878211975,-1.714694619178772,0.5085042715072632,1.2406444549560547,-0.036548346281051636,0.24790552258491516,1.2588468790054321,0.040243420749902725,0.5001461505889893,1.7737268209457397,-0.09473178535699844,0.27170485258102417,1.7857532501220703,-0.06882087141275406,0.48669177293777466,2.2521815299987793,0.48512035608291626,0.27791011333465576,2.263895273208618,0.310517817735672,0.48934704065322876,2.320930004119873,0.5072091221809387,0.27465856075286865,2.3347744941711426,0.32970163226127625,0.4647694528102875,2.4000744819641113,-0.038346052169799805,0.2965211868286133,2.4054336547851562,-0.26059478521347046,0.2347801923751831,0.6520036458969116,0.0,0.20445728302001953,0.6128484010696411,-0.011763299815356731,0.1871807724237442,0.5575186610221863,-0.026460150256752968,0.17474305629730225,0.5113529562950134,-0.038528405129909515,0.15616977214813232,0.4820101857185364,-0.05076264962553978,0.23117291927337646,0.5323106050491333,-0.046954426914453506,0.2645212709903717,0.4660247564315796,-0.06233103573322296,0.28422948718070984,0.4286116361618042,-0.06700142472982407,0.30008605122566223,0.4012781083583832,-0.06985726207494736,0.2588382661342621,0.547992467880249,-0.050096992403268814,0.2952090799808502,0.47545790672302246,-0.06631384789943695,0.3147410750389099,0.4316822290420532,-0.06931768357753754,0.32925665378570557,0.39904168248176575,-0.07212463021278381,0.28271928429603577,0.5683287978172302,-0.051633574068546295,0.31203776597976685,0.5012147426605225,-0.06740403920412064,0.33045628666877747,0.4593181610107422,-0.07120274007320404,0.34330374002456665,0.42679038643836975,-0.07386483252048492,0.30099713802337646,0.5888838768005371,-0.053025778383016586,0.3228010833263397,0.5418822765350342,-0.06576476246118546,0.33528679609298706,0.5141557455062866,-0.06969204545021057,0.34547460079193115,0.4907034635543823,-0.07249230146408081
thankyou,0.3477262854576111,0.2515093684196472,-1.0465714931488037,0.37122634053230286,0.20962786674499512,-0.9848238229751587,0.385682612657547,0.21085995435714722,-0.9847873449325562,0.39802685379981995,0.21225768327713013,-0.9844051599502563,0.3233070969581604,0.20853400230407715,-0.9854453206062317,0.3067525327205658,0.20950299501419067,-0.9853638410568237,0.2927528917789459,0.2111404538154602,-0.9857907295227051,0.41292256116867065,0.24038076400756836,-0.6010449528694153,0.27113381028175354,0.24798327684402466,-0.592833936214447,0.38038021326065063,0.3119555711746216,-0.90557461977005,0.31581413745880127,0.31159716844558716,-0.904651939868927,0.5347009301185608,0.5212535262107849,-0.4024712145328522,0.16296474635601044,0.5915247797966003,-0.40474042296409607,0.640398383140564,0.9347711205482483,-0.5065842866897583,0.1407078057527542,1.0317635536193848,-0.8509393930435181,0.5688494443893433,1.1560156345367432,-0.8557530641555786,0.24020278453826904,0.7300279140472412,-1.589595079421997,0.5568041801452637,1.2427853345870972,-0.9458400011062622,0.26060640811920166,0.6217369437217712,-1.7353302240371704,0.5137814283370972,1.2132905721664429,-0.9381699562072754,0.2587868571281433,0.5715535879135132,-1.686669945716858,0.5096772313117981,1.1813912391662598,-0.8631652593612671,0.2552361488342285,0.6023079752922058,-1.5858888626098633,0.5270692110061646,1.2172654867172241,-0.06389255821704865,0.2761762738227844,1.2494632005691528,0.0679604634642601,0.5265055894851685,1.7156234979629517,-0.0724392831325531,0.3050718903541565,1.7453078031539917,0.08026594668626785,0.5251109004020691,2.1601738929748535,0.5731546878814697,0.3204425573348999,2.1855247020721436,0.5300148725509644,0.528160810470581,2.2338759899139404,0.6063016057014465,0.3202274441719055,2.258042097091675,0.5587899684906006,0.5069258213043213,2.3127224445343018,0.09580592066049576,0.34611111879348755,2.3308496475219727,0.018793005496263504,0.238429993391037,0.6711736917495728,0.0,0.20575059950351715,0.6339967846870422,-0.013987055979669094,0.18849647045135498,0.5806530714035034,-0.03080051578581333,0.1762150526046753,0.5360019207000732,-0.044051576405763626,0.15369121730327606,0.5089156031608582,-0.05782762169837952,0.22939495742321014,0.5606943964958191,-0.05680905282497406,0.26373276114463806,0.49316173791885376,-0.07394945621490479,0.2829252779483795,0.45575234293937683,-0.07864242047071457,0.29797059297561646,0.42796584963798523,-0.08129001408815384,0.25920647382736206,0.5772850513458252,-0.05880803242325783,0.29504281282424927,0.5011271238327026,-0.07646630704402924,0.3144930601119995,0.4564097821712494,-0.07853996008634567,0.32918933033943176,0.4240131378173828,-0.0806351900100708,0.28380459547042847,0.5973679423332214,-0.058705106377601624,0.3138878643512726,0.5275432467460632,-0.07553499937057495,0.33217889070510864,0.4848971366882324,-0.07862511277198792,0.34494444727897644,0.4542831778526306,-0.08072767406702042,0.30243661999702454,0.6166934967041016,-0.05837233364582062,0.3255133032798767,0.5693662166595459,-0.07215843349695206,0.3375144600868225,0.5392342805862427,-0.07607647031545639,0.3469737768173218,0.5157104730606079,-0.07871829718351364
thankyou,0.3441788852214813,0.24827593564987183,-1.1078779697418213,0.3708454966545105,0.20521420240402222,-1.0400245189666748,0.38606181740760803,0.2058544158935547,-1.0401664972305298,0.39955687522888184,0.20748628675937653,-1.0397886037826538,0.31926724314689636,0.2066217064857483,-1.0404328107833862,0.3026430010795593,0.20900577306747437,-1.0404435396194458,0.28896182775497437,0.2118074893951416,-1.0409705638885498,0.4156467914581299,0.23782457411289215,-0.6218224167823792,0.2692928910255432,0.2504710555076599,-0.6122172474861145,0.3775576949119568,0.3104413151741028,-0.9545484781265259,0.3108161389827728,0.3115774989128113,-0.9530699849128723,0.5372109413146973,0.5172606706619263,-0.38488027453422546,0.16447365283966064,0.5922827124595642,-0.4060152471065521,0.6473569869995117,0.9310670495033264,-0.4919464588165283,0.14198100566864014,1.0245895385742188,-0.8967903852462769,0.5812191367149353,1.1364961862564087,-0.9022388458251953,0.22841806709766388,0.7379647493362427,-1.7663244009017944,0.5691675543785095,1.2246575355529785,-1.0043797492980957,0.2439999282360077,0.6485872268676758,-1.9408118724822998,0.5296051502227783,1.1895153522491455,-1.015020728111267,0.24163031578063965,0.5962659120559692,-1.9059877395629883,0.5244427919387817,1.1591007709503174,-0.9177011251449585,0.2398117035627365,0.6223469972610474,-1.772583246231079,0.5267658233642578,1.2197660207748413,-0.04802967980504036,0.27037695050239563,1.2453405857086182,0.05180463194847107,0.5195913910865784,1.7196391820907593,-0.08980283886194229,0.29363715648651123,1.7320529222488403,-0.08969588577747345,0.5148403644561768,2.173825263977051,0.5073719024658203,0.3040766417980194,2.187999725341797,0.32236337661743164,0.517791748046875,2.247706651687622,0.5316842198371887,0.30319395661354065,2.2634804248809814,0.34519773721694946,0.49767571687698364,2.318920135498047,-0.01526978425681591,0.33120694756507874,2.3261756896972656,-0.2386140376329422,0.25293710827827454,0.6645038723945618,0.0,0.22333618998527527,0.6266030073165894,-0.013026034459471703,0.21058496832847595,0.5835676193237305,-0.030810782685875893,0.2072257101535797,0.5472559332847595,-0.044086065143346786,0.19844505190849304,0.5214053392410278,-0.05835743993520737,0.23692592978477478,0.5764340758323669,-0.07092402875423431,0.27055004239082336,0.5084232091903687,-0.09021216630935669,0.2893560230731964,0.47093337774276733,-0.09386525303125381,0.3027438819408417,0.44402822852134705,-0.09528675675392151,0.2654076814651489,0.5971279144287109,-0.07256367057561874,0.3013290762901306,0.5210894346237183,-0.09363074600696564,0.32180386781692505,0.4759637117385864,-0.09447542577981949,0.33514919877052307,0.4443305730819702,-0.09485917538404465,0.2905389964580536,0.6176910996437073,-0.07073887437582016,0.3220869302749634,0.5482780933380127,-0.09062608331441879,0.3405071198940277,0.5034592151641846,-0.09321805834770203,0.3511336147785187,0.4715927839279175,-0.09432601928710938,0.3108096718788147,0.6342074871063232,-0.06789161264896393,0.333781898021698,0.5881953835487366,-0.0839722603559494,0.3455655574798584,0.556448221206665,-0.08800313621759415,0.3528112769126892,0.5313835144042969,-0.09037383645772934
thankyou,0.33301225304603577,0.2593325972557068,-1.0816513299942017,0.3640512228012085,0.21361064910888672,-1.0201220512390137,0.38040682673454285,0.21457868814468384,-1.0202001333236694,0.394859254360199,0.21607767045497894,-1.019791603088379,0.31210604310035706,0.21445566415786743,-1.015418291091919,0.2966384291648865,0.21627277135849,-1.0153108835220337,0.28411152958869934,0.2184121012687683,-1.015830397605896,0.41546255350112915,0.24650634825229645,-0.6116946339607239,0.2724268436431885,0.2519979476928711,-0.576887309551239,0.3690231740474701,0.3223002552986145,-0.92999666929245,0.30188891291618347,0.3238927721977234,-0.9210912585258484,0.5454477667808533,0.5287127494812012,-0.371486634016037,0.16699998080730438,0.6010974049568176,-0.38008251786231995,0.6431723833084106,0.9475067257881165,-0.4968070089817047,0.14591923356056213,1.0314502716064453,-0.872991681098938,0.568574845790863,1.161015272140503,-0.9158035516738892,0.22623316943645477,0.7508112192153931,-1.7466140985488892,0.5515574216842651,1.2488245964050293,-1.0222736597061157,0.24435023963451385,0.6623373627662659,-1.922458291053772,0.5100966095924377,1.2094095945358276,-1.0292248725891113,0.2401847541332245,0.6125301122665405,-1.8859078884124756,0.5069024562835693,1.1785420179367065,-0.9302545785903931,0.2387513816356659,0.6353666186332703,-1.7529780864715576,0.5250359177589417,1.2532390356063843,-0.057399243116378784,0.26289069652557373,1.2750835418701172,0.06146961450576782,0.5181962251663208,1.7691607475280762,-0.08414681255817413,0.2837788760662079,1.7853505611419678,-0.027468856424093246,0.5124839544296265,2.2334706783294678,0.5384973287582397,0.29423022270202637,2.249727964401245,0.39766499400138855,0.5163060426712036,2.3068456649780273,0.5655118823051453,0.2947946786880493,2.324288845062256,0.4220384657382965,0.48970451951026917,2.384814739227295,0.01121241319924593,0.31594616174697876,2.395205020904541,-0.16685542464256287,0.270438015460968,0.6270841956138611,0.0,0.2591170072555542,0.567890465259552,-0.0011821144726127386,0.27121859788894653,0.522066056728363,-0.011769593693315983,0.29530689120292664,0.49159881472587585,-0.021459706127643585,0.31368622183799744,0.4688788652420044,-0.0324590764939785,0.25960347056388855,0.5582055449485779,-0.04682258889079094,0.277788370847702,0.5145469307899475,-0.0639183297753334,0.29364344477653503,0.48524951934814453,-0.06909206509590149,0.3058004677295685,0.461431086063385,-0.07204774767160416,0.27913400530815125,0.5841715335845947,-0.05546484887599945,0.30438119173049927,0.5333942770957947,-0.07506774365901947,0.3229070007801056,0.49612462520599365,-0.07849127799272537,0.3359874486923218,0.46756795048713684,-0.08119870722293854,0.2985330820083618,0.6081556081771851,-0.06098077818751335,0.323156476020813,0.5615305304527283,-0.0787040963768959,0.3386673033237457,0.5216098427772522,-0.08077205717563629,0.3492547273635864,0.4900394678115845,-0.08256079256534576,0.31443896889686584,0.627815306186676,-0.06524981558322906,0.3357800543308258,0.6011278629302979,-0.0800614207983017,0.3455054759979248,0.5741945505142212,-0.08298927545547485,0.35158997774124146,0.5505606532096863,-0.08493471890687943
thankyou,0.35931968688964844,0.26447510719299316,-1.0440967082977295,0.38365161418914795,0.21668696403503418,-0.9853470921516418,0.39804375171661377,0.21685153245925903,-0.985448956489563,0.41163262724876404,0.21764135360717773,-0.9851528406143188,0.33556684851646423,0.2180679440498352,-0.9855658411979675,0.31884753704071045,0.21973437070846558,-0.9854506254196167,0.30349496006965637,0.22202621400356293,-0.9859308004379272,0.42713111639022827,0.24228286743164062,-0.5952834486961365,0.27693817019462585,0.2519593834877014,-0.5849946737289429,0.38847848773002625,0.3226696252822876,-0.8984311819076538,0.3262413442134857,0.32826268672943115,-0.8969792127609253,0.5406818985939026,0.5189540982246399,-0.37177562713623047,0.16931799054145813,0.5991722941398621,-0.3644569218158722,0.6399029493331909,0.9369819164276123,-0.42356181144714355,0.15356406569480896,1.0421897172927856,-0.8158022165298462,0.5975062251091003,1.1416505575180054,-0.7965329885482788,0.2305491417646408,0.7808016538619995,-1.6686208248138428,0.5908464789390564,1.2317259311676025,-0.8915461301803589,0.25146302580833435,0.6902071237564087,-1.8277931213378906,0.5528214573860168,1.199839472770691,-0.9066370725631714,0.2435269057750702,0.6373403072357178,-1.798449158668518,0.5455178618431091,1.1687090396881104,-0.8122299909591675,0.2425699532032013,0.6631197333335876,-1.6740449666976929,0.5376362800598145,1.1993978023529053,-0.05634809285402298,0.29029467701911926,1.229243516921997,0.06022243946790695,0.5343334674835205,1.6768406629562378,-0.020343806594610214,0.311137318611145,1.7003848552703857,0.15749241411685944,0.5308648347854614,2.0963199138641357,0.6144168972969055,0.32718217372894287,2.1142144203186035,0.6669576168060303,0.5337477326393127,2.1652188301086426,0.6461650133132935,0.32570743560791016,2.181213855743408,0.7021175026893616,0.5113489627838135,2.244609832763672,0.14035947620868683,0.35571712255477905,2.2574920654296875,0.17340700328350067,0.24310989677906036,0.7353457808494568,0.0,0.2116544544696808,0.692089855670929,-0.014329439960420132,0.19396331906318665,0.6372382640838623,-0.033557504415512085,0.18467910587787628,0.5921875238418579,-0.04831279441714287,0.1678180992603302,0.5646266937255859,-0.06354688853025436,0.22520685195922852,0.6315860748291016,-0.07045252621173859,0.26145485043525696,0.5584344267845154,-0.08984171599149704,0.28234249353408813,0.520187258720398,-0.09307104349136353,0.29855459928512573,0.49224311113357544,-0.09421678632497787,0.25577878952026367,0.6523435115814209,-0.07226927578449249,0.2930457890033722,0.5707340836524963,-0.09275020658969879,0.31493204832077026,0.5264801383018494,-0.09266839176416397,0.33018234372138977,0.4948267340660095,-0.09254955500364304,0.2822408378124237,0.6724865436553955,-0.0710252970457077,0.3151601254940033,0.5985997319221497,-0.09024789184331894,0.3337336778640747,0.5546216368675232,-0.09202398359775543,0.3446158170700073,0.5232768654823303,-0.09271353483200073,0.303823322057724,0.6891429424285889,-0.06901910156011581,0.3288612365722656,0.6379753351211548,-0.08377707004547119,0.34162503480911255,0.6076095700263977,-0.08686351031064987,0.35005682706832886,0.5838654637336731,-0.0888688936829567
thankyou,0.35459238290786743,0.27515870332717896,-1.0402454137802124,0.38032424449920654,0.22603029012680054,-0.9825612306594849,0.39508458971977234,0.22646445035934448,-0.9827106595039368,0.4083396792411804,0.227475106716156,-0.9823780059814453,0.3293589949607849,0.22391730546951294,-0.9820520281791687,0.3120083212852478,0.22422729432582855,-0.9817376136779785,0.2958403527736664,0.2249584197998047,-0.9820955991744995,0.4280225336551666,0.24974645674228668,-0.5772802233695984,0.2744978070259094,0.2500821352005005,-0.5556791424751282,0.3835311233997345,0.33625537157058716,-0.8883637189865112,0.31991127133369446,0.33791473507881165,-0.883726954460144,0.5418928861618042,0.5190579891204834,-0.3332141935825348,0.16847309470176697,0.5916727781295776,-0.3380568325519562,0.6496114730834961,0.9369375705718994,-0.3723338544368744,0.15898579359054565,1.054883599281311,-0.7992367148399353,0.5789915323257446,1.1647685766220093,-0.7547653317451477,0.21828646957874298,0.7701336145401001,-1.7113733291625977,0.5670045018196106,1.2589566707611084,-0.8512508273124695,0.2402234524488449,0.6954753994941711,-1.8812789916992188,0.5254904627799988,1.2252780199050903,-0.8611540794372559,0.23640398681163788,0.641286313533783,-1.855825662612915,0.5189657807350159,1.19350004196167,-0.7687309980392456,0.23331806063652039,0.6610649824142456,-1.7202762365341187,0.5430272817611694,1.218468189239502,-0.07142914831638336,0.28550782799720764,1.250484824180603,0.07565388828516006,0.546025812625885,1.735709547996521,-0.08625802397727966,0.31377893686294556,1.7697155475616455,0.25835663080215454,0.5496866106987,2.1885592937469482,0.5210803151130676,0.3341297507286072,2.2147653102874756,0.8017662763595581,0.555143415927887,2.2570512294769287,0.5472366809844971,0.3332878649234772,2.2815725803375244,0.8408071398735046,0.5252279043197632,2.345534324645996,-0.005753164645284414,0.36257416009902954,2.3695976734161377,0.276831716299057,0.23478184640407562,0.758318305015564,0.0,0.20418110489845276,0.7112607955932617,-0.013436418026685715,0.185130774974823,0.6484172940254211,-0.03212336450815201,0.1686234474182129,0.5992513298988342,-0.046568430960178375,0.14233112335205078,0.5733287334442139,-0.06106968969106674,0.21660968661308289,0.6531033515930176,-0.06788112968206406,0.2515745162963867,0.5807652473449707,-0.08662789314985275,0.2710786461830139,0.5423468947410583,-0.08884922415018082,0.28685152530670166,0.5135980248451233,-0.089244045317173,0.2475142776966095,0.674290120601654,-0.07046788930892944,0.284503310918808,0.5944691300392151,-0.09038926661014557,0.30565670132637024,0.5497275590896606,-0.08829007297754288,0.32121726870536804,0.5167132616043091,-0.08691968023777008,0.27444788813591003,0.6941765546798706,-0.07020367681980133,0.3063487410545349,0.6215934157371521,-0.08840040117502213,0.32475703954696655,0.5784453749656677,-0.08723094314336777,0.3364078998565674,0.5485623478889465,-0.08586423099040985,0.29586824774742126,0.7108250260353088,-0.06935630738735199,0.31926292181015015,0.6587572693824768,-0.08228783309459686,0.3309481739997864,0.6281612515449524,-0.08346772938966751,0.3393127918243408,0.6067700982093811,-0.0841638520359993
thankyou,0.3503355383872986,0.27532893419265747,-1.1072959899902344,0.3774136006832123,0.22442269325256348,-1.05013906955719,0.3927323520183563,0.2254132628440857,-1.0501679182052612,0.40815630555152893,0.22675639390945435,-1.0498120784759521,0.3259740471839905,0.22286677360534668,-1.0543164014816284,0.30712059140205383,0.2239246964454651,-1.0541402101516724,0.2906184792518616,0.22592490911483765,-1.0545319318771362,0.43082159757614136,0.25233232975006104,-0.6466890573501587,0.2654944062232971,0.2557888627052307,-0.6536886096000671,0.37926769256591797,0.3372584581375122,-0.9551907777786255,0.3138195872306824,0.3419910669326782,-0.9582940936088562,0.5415435433387756,0.5179147720336914,-0.3805463910102844,0.15651029348373413,0.6033328175544739,-0.4161897599697113,0.6420782804489136,0.943130612373352,-0.41861528158187866,0.16022783517837524,1.0816631317138672,-0.805306077003479,0.5863416790962219,1.1484462022781372,-0.8509681820869446,0.2230040282011032,0.8135645985603333,-1.6514915227890015,0.5757272243499756,1.2324310541152954,-0.953311562538147,0.24275216460227966,0.712977945804596,-1.8138259649276733,0.5373099446296692,1.1907914876937866,-0.9686920046806335,0.2298773229122162,0.6680499911308289,-1.7884209156036377,0.5306637287139893,1.1617826223373413,-0.8687273859977722,0.22897696495056152,0.690575361251831,-1.6581779718399048,0.5371460914611816,1.1929563283920288,-0.038228049874305725,0.2795095443725586,1.228574275970459,0.04238434508442879,0.546873152256012,1.6961193084716797,-0.026988914236426353,0.3066053092479706,1.7317225933074951,0.19252534210681915,0.5582644939422607,2.137636423110962,0.6019008755683899,0.33679139614105225,2.162994384765625,0.6957768797874451,0.5656521320343018,2.208742380142212,0.6321688890457153,0.33691203594207764,2.2286534309387207,0.7291762828826904,0.5377742648124695,2.2931065559387207,0.0990457609295845,0.37451085448265076,2.319791555404663,0.17460767924785614,0.23242218792438507,0.7858865857124329,0.0,0.2028544545173645,0.7407735586166382,-0.015344178304076195,0.18415620923042297,0.6757935285568237,-0.035365182906389236,0.16811949014663696,0.6239651441574097,-0.05037058889865875,0.14111506938934326,0.5973066687583923,-0.06528381258249283,0.20951983332633972,0.6894664168357849,-0.07562118023633957,0.24348846077919006,0.6209267377853394,-0.09540114551782608,0.26267609000205994,0.5841076374053955,-0.0968119278550148,0.27969133853912354,0.5540450215339661,-0.09672404080629349,0.24139182269573212,0.7124348878860474,-0.07786858081817627,0.2798998951911926,0.6353877186775208,-0.09832517057657242,0.2993442118167877,0.5924776792526245,-0.0946844220161438,0.31501007080078125,0.5595980286598206,-0.0929141491651535,0.26962608098983765,0.7331108450889587,-0.07703837752342224,0.3035021126270294,0.6617448925971985,-0.09569329023361206,0.32062745094299316,0.6181683540344238,-0.09377944469451904,0.3321916460990906,0.5866649150848389,-0.09260145574808121,0.29224348068237305,0.7494341731071472,-0.07549851387739182,0.31711429357528687,0.6981759071350098,-0.08871402591466904,0.32755833864212036,0.6698133945465088,-0.089845210313797,0.3350527882575989,0.6491580605506897,-0.09104398638010025
thankyou,0.34829428791999817,0.27505165338516235,-1.1304482221603394,0.37690359354019165,0.22736801207065582,-1.0758155584335327,0.3923977315425873,0.22885309159755707,-1.0758007764816284,0.406974732875824,0.23084139823913574,-1.0754112005233765,0.32336869835853577,0.22215618193149567,-1.0762600898742676,0.3052029013633728,0.22155827283859253,-1.0759522914886475,0.2890836000442505,0.22217518091201782,-1.0763176679611206,0.43012839555740356,0.2555362582206726,-0.6803314685821533,0.26737380027770996,0.24690252542495728,-0.6697193384170532,0.3784273564815521,0.3352701961994171,-0.9818145632743835,0.3114737570285797,0.33835723996162415,-0.9796453714370728,0.5406055450439453,0.5267318487167358,-0.4274972975254059,0.15655161440372467,0.600330650806427,-0.4161131978034973,0.6440585851669312,0.9476636052131653,-0.49140167236328125,0.15736499428749084,1.0668444633483887,-0.7692023515701294,0.5768384337425232,1.1183382272720337,-0.9491199254989624,0.22775296866893768,0.8597726821899414,-1.6279246807098389,0.5595702528953552,1.192150592803955,-1.063577651977539,0.25550779700279236,0.787786602973938,-1.790097951889038,0.5249031782150269,1.142860770225525,-1.0728026628494263,0.24022242426872253,0.7249957323074341,-1.7777888774871826,0.5207316875457764,1.1179708242416382,-0.9649158716201782,0.23898187279701233,0.7377501726150513,-1.6411197185516357,0.5355050563812256,1.200063943862915,-0.05346233397722244,0.27358096837997437,1.231859564781189,0.05798927694559097,0.5443471670150757,1.698504090309143,-0.0005124225281178951,0.29815733432769775,1.731256365776062,0.2644904851913452,0.5567450523376465,2.137399435043335,0.6500270962715149,0.3252308964729309,2.160262107849121,0.8145644068717957,0.5655704140663147,2.2075846195220947,0.6824198961257935,0.3234063386917114,2.2274274826049805,0.8539541959762573,0.5321836471557617,2.2997076511383057,0.14540605247020721,0.36490771174430847,2.3200411796569824,0.2998298406600952,0.235670268535614,0.8010744452476501,0.0,0.20662634074687958,0.7529100775718689,-0.01680448278784752,0.1876450926065445,0.6905891299247742,-0.04017074406147003,0.172670379281044,0.6443610191345215,-0.05832606926560402,0.14729490876197815,0.6209779381752014,-0.07632707804441452,0.20744964480400085,0.7212635278701782,-0.085612952709198,0.23956167697906494,0.6649234294891357,-0.10905173420906067,0.2602168321609497,0.6296823620796204,-0.11062837392091751,0.27768608927726746,0.6012018918991089,-0.10971704125404358,0.23922495543956757,0.747830331325531,-0.08722236752510071,0.2774592936038971,0.6759380102157593,-0.11283247917890549,0.297064870595932,0.6337478160858154,-0.10909397155046463,0.3111798167228699,0.6018024682998657,-0.10569678992033005,0.2681922912597656,0.769313395023346,-0.08473420143127441,0.30266276001930237,0.7008746862411499,-0.1074129194021225,0.3197174370288849,0.6587188839912415,-0.10288238525390625,0.3295901417732239,0.630131721496582,-0.09817036241292953,0.29188382625579834,0.784125804901123,-0.08136749267578125,0.31808391213417053,0.7321334481239319,-0.09453655034303665,0.3273809552192688,0.7040916085243225,-0.09253650158643723,0.3320022225379944,0.6872060298919678,-0.09073390811681747
thankyou,0.34798485040664673,0.2722277045249939,-1.0478159189224243,0.3746567666530609,0.22441887855529785,-0.9981189966201782,0.39020758867263794,0.22617071866989136,-0.9979813694953918,0.4054740369319916,0.228643000125885,-0.9975036382675171,0.3217650055885315,0.22222137451171875,-1.0007805824279785,0.3041045367717743,0.2222267985343933,-1.0005362033843994,0.28831785917282104,0.22313560545444489,-1.000836730003357,0.4301820397377014,0.25688207149505615,-0.6474752426147461,0.2659272849559784,0.25026631355285645,-0.6465956568717957,0.3794236183166504,0.3329077363014221,-0.9171581268310547,0.3146802484989166,0.3372250199317932,-0.9170624017715454,0.5424727201461792,0.5273537039756775,-0.44377073645591736,0.16008158028125763,0.5973975658416748,-0.43768176436424255,0.6396269202232361,0.9411592483520508,-0.5047850608825684,0.1667567640542984,1.0464951992034912,-0.7364159226417542,0.5881977677345276,1.1136589050292969,-0.9115239977836609,0.2322423905134201,0.8607804775238037,-1.473368763923645,0.5779315829277039,1.1922430992126465,-1.0176047086715698,0.25974708795547485,0.8074027299880981,-1.6139405965805054,0.538428783416748,1.1490494012832642,-1.0314546823501587,0.24457819759845734,0.735871434211731,-1.6041667461395264,0.5329506993293762,1.1209079027175903,-0.9279632568359375,0.24013757705688477,0.7433299422264099,-1.4853055477142334,0.5331461429595947,1.1846256256103516,-0.04141230508685112,0.2795255184173584,1.218078374862671,0.045832276344299316,0.5396913290023804,1.6507384777069092,0.06567651778459549,0.3000849485397339,1.6858417987823486,0.25604912638664246,0.5458691716194153,2.060255289077759,0.7225444912910461,0.3204025328159332,2.079638719558716,0.8017938733100891,0.5546449422836304,2.1274001598358154,0.7592373490333557,0.3179560899734497,2.144655466079712,0.8437774777412415,0.5230046510696411,2.2201855182647705,0.2887057363986969,0.3595510721206665,2.2353596687316895,0.3503982126712799,0.22839032113552094,0.8430658578872681,0.0,0.20078742504119873,0.7927336096763611,-0.014555282890796661,0.18419809639453888,0.7240689396858215,-0.035534389317035675,0.1683741956949234,0.6738153696060181,-0.052299920469522476,0.14141958951950073,0.6502952575683594,-0.06894675642251968,0.20654626190662384,0.7509653568267822,-0.07454556971788406,0.23940497636795044,0.6987003087997437,-0.09636778384447098,0.26012009382247925,0.6642886996269226,-0.09902068972587585,0.27816498279571533,0.6357293128967285,-0.09943357855081558,0.23851193487644196,0.7785236835479736,-0.07798992097377777,0.2779654860496521,0.713394045829773,-0.10133834928274155,0.2991410791873932,0.6726447939872742,-0.09916606545448303,0.3161301016807556,0.6401540040969849,-0.09780814498662949,0.26678213477134705,0.8024176955223083,-0.07812994718551636,0.3012794256210327,0.7390624284744263,-0.09863011538982391,0.319942831993103,0.698247492313385,-0.09638245403766632,0.33268576860427856,0.6671329736709595,-0.09429918974637985,0.28936463594436646,0.8208177089691162,-0.07768160104751587,0.3149467706680298,0.7724610567092896,-0.0911334976553917,0.3267260193824768,0.7443393468856812,-0.09171885997056961,0.33540990948677063,0.7229228615760803,-0.0921841487288475
thankyou,0.342190682888031,0.26992493867874146,-1.1275556087493896,0.3705984652042389,0.2227039337158203,-1.0758748054504395,0.38670438528060913,0.22503601014614105,-1.0758345127105713,0.40132373571395874,0.22768722474575043,-1.0754183530807495,0.31815963983535767,0.21793657541275024,-1.0798813104629517,0.3013790249824524,0.21718817949295044,-1.0797168016433716,0.2862745523452759,0.21699494123458862,-1.0801056623458862,0.427870512008667,0.2551097869873047,-0.6985376477241516,0.2669147551059723,0.2435949444770813,-0.7064205408096313,0.37364622950553894,0.3316451907157898,-0.9856442213058472,0.3089977502822876,0.3323982357978821,-0.988054096698761,0.5393921136856079,0.5263586640357971,-0.4389530122280121,0.1593039482831955,0.5965965390205383,-0.46995672583580017,0.6377664804458618,0.9335787892341614,-0.4809909462928772,0.17088957130908966,1.0447337627410889,-0.759755551815033,0.6030170917510986,1.057052493095398,-0.9571205377578735,0.23155410587787628,0.8759432435035706,-1.5629017353057861,0.5929914116859436,1.118268370628357,-1.0718997716903687,0.2587182819843292,0.8154469132423401,-1.7174651622772217,0.564535915851593,1.0665453672409058,-1.0972763299942017,0.24094244837760925,0.75013267993927,-1.7188637256622314,0.5573573708534241,1.0450043678283691,-0.9799289703369141,0.23854680359363556,0.7607473134994507,-1.5804039239883423,0.5279492735862732,1.1847141981124878,-0.033661387860774994,0.27517348527908325,1.2135332822799683,0.037762295454740524,0.5359058380126953,1.6555266380310059,0.11265046894550323,0.2944289743900299,1.6871864795684814,0.2185351550579071,0.5460965037345886,2.067838191986084,0.805873692035675,0.3208790123462677,2.086782217025757,0.7818671464920044,0.554334282875061,2.134221076965332,0.8448561429977417,0.31960994005203247,2.150723934173584,0.8229848742485046,0.5248637199401855,2.2267494201660156,0.35994771122932434,0.35867685079574585,2.239412784576416,0.30483344197273254,0.22407369315624237,0.8614625930786133,0.0,0.19863566756248474,0.8107314705848694,-0.011685919016599655,0.18101705610752106,0.7402095794677734,-0.03139325976371765,0.16131335496902466,0.6891118288040161,-0.047074124217033386,0.13099554181098938,0.6656197309494019,-0.06257692724466324,0.2013549506664276,0.7734130620956421,-0.07376228272914886,0.23398357629776,0.7194698452949524,-0.09412112087011337,0.2529239058494568,0.6844274401664734,-0.09542986750602722,0.26992738246917725,0.6540128588676453,-0.0950576514005661,0.23197041451931,0.7999290227890015,-0.07842204719781876,0.2719864547252655,0.736243486404419,-0.10002828389406204,0.29122698307037354,0.6944246292114258,-0.09607585519552231,0.3067939579486847,0.6607431173324585,-0.09407445043325424,0.25984716415405273,0.823155403137207,-0.07933606952428818,0.29430603981018066,0.7613354921340942,-0.09788388758897781,0.3130560517311096,0.7197760343551636,-0.09314659982919693,0.32604795694351196,0.6884980201721191,-0.09018542617559433,0.2820903956890106,0.8412575125694275,-0.07935035228729248,0.308736652135849,0.792399525642395,-0.09095042943954468,0.32217705249786377,0.7645021080970764,-0.08947113156318665,0.33220207691192627,0.7446648478507996,-0.08902080357074738
thankyou,0.46124035120010376,0.35693034529685974,-0.762819766998291,0.4861471652984619,0.31258925795555115,-0.7761553525924683,0.4981478154659271,0.3148755729198456,-0.7761856913566589,0.5101053714752197,0.3172992169857025,-0.7767396569252014,0.45948681235313416,0.30401962995529175,-0.7505989670753479,0.45085805654525757,0.3004395663738251,-0.7508847713470459,0.44220632314682007,0.297018826007843,-0.751129150390625,0.5442774891853333,0.3325055241584778,-0.6900961995124817,0.4509897232055664,0.30489838123321533,-0.5718070268630981,0.4879472851753235,0.39936691522598267,-0.7186877131462097,0.45238059759140015,0.3903737962245941,-0.6845176815986633,0.6598480343818665,0.529583752155304,-0.6285111904144287,0.4127013087272644,0.42689889669418335,-0.39387840032577515,0.7708476781845093,0.7944641709327698,-0.7235568165779114,0.3339976370334625,0.6324719190597534,-0.5396756529808044,0.8055931329727173,1.0319302082061768,-0.7908986210823059,0.4381358027458191,0.5622028112411499,-0.8384749293327332,0.8311899900436401,1.1032570600509644,-0.841394305229187,0.4653238356113434,0.5570487976074219,-0.8917291760444641,0.8054584264755249,1.0907680988311768,-0.90459144115448,0.4753590524196625,0.5292356014251709,-0.8802424669265747,0.7925194501876831,1.0683643817901611,-0.8166465759277344,0.476052850484848,0.54118412733078,-0.8364990949630737,0.5979495644569397,0.8849690556526184,-0.09457498043775558,0.4734486937522888,0.797107994556427,0.09425631165504456,0.507190465927124,0.7924143671989441,-0.34233275055885315,0.2506284713745117,0.5342016220092773,-0.027551915496587753,0.4509337842464447,0.8945106267929077,0.14049768447875977,0.31101498007774353,0.9271788001060486,0.10130293667316437,0.46134501695632935,0.9113380908966064,0.1996615082025528,0.3527551293373108,0.9846681952476501,0.12013638019561768,0.3693244457244873,0.9346967935562134,0.20866283774375916,0.23959219455718994,1.0621919631958008,0.0723399668931961,0.3915330767631531,0.7796890735626221,0.0,0.3500133156776428,0.6809707283973694,-0.01545720361173153,0.3360573649406433,0.5711163282394409,-0.036160267889499664,0.31470006704330444,0.49249157309532166,-0.05525682494044304,0.2680049538612366,0.45175594091415405,-0.07484151422977448,0.4171373248100281,0.5358765721321106,-0.057819612324237823,0.4705718159675598,0.42051419615745544,-0.08005937933921814,0.49769335985183716,0.35791105031967163,-0.08366543054580688,0.5154262781143188,0.31314343214035034,-0.08362399786710739,0.4624866545200348,0.5617605447769165,-0.06376533955335617,0.5242209434509277,0.42046359181404114,-0.08089745044708252,0.5460186004638672,0.3489111661911011,-0.07844769954681396,0.557285487651825,0.29773303866386414,-0.0767655149102211,0.4959390461444855,0.5937037467956543,-0.06862396001815796,0.5475471615791321,0.46678560972213745,-0.0842977836728096,0.5637978315353394,0.39988404512405396,-0.08283878117799759,0.5701749324798584,0.35263216495513916,-0.08143573254346848,0.5166646838188171,0.6269248127937317,-0.07488582283258438,0.5588280558586121,0.5368378758430481,-0.08545622229576111,0.5743405818939209,0.48394230008125305,-0.08495540171861649,0.5814187526702881,0.4429554045200348,-0.08413597196340561
thankyou,0.5403908491134644,0.17229390144348145,-1.4134726524353027,0.553300142288208,0.14118510484695435,-1.392582893371582,0.5638342499732971,0.14488625526428223,-1.3921012878417969,0.5748393535614014,0.1503809541463852,-1.3923983573913574,0.5253611207008362,0.1439494490623474,-1.4048398733139038,0.5159779191017151,0.14889812469482422,-1.4053542613983154,0.5060881972312927,0.1543281078338623,-1.4058476686477661,0.5950632691383362,0.21897369623184204,-1.1743336915969849,0.4828456938266754,0.22883939743041992,-1.2269706726074219,0.5654491782188416,0.2961946129798889,-1.3256080150604248,0.5206009149551392,0.23866496980190277,-1.340622901916504,0.7238883972167969,0.5196056962013245,-0.9718101620674133,0.3207279145717621,0.5091996192932129,-1.0594254732131958,0.7630569934844971,0.8652728199958801,-0.9077652096748352,0.2750953435897827,0.8695846199989319,-0.9909166097640991,0.7615922689437866,1.1324914693832397,-1.1051571369171143,0.2921297252178192,1.1837393045425415,-1.165550947189331,0.7834898829460144,1.2096858024597168,-1.2023743391036987,0.2704083323478699,1.26611328125,-1.259042501449585,0.7392010688781738,1.2223801612854004,-1.2474074363708496,0.3022707998752594,1.2633285522460938,-1.3330986499786377,0.7276866436004639,1.1924077272415161,-1.1303623914718628,0.3185105323791504,1.233694076538086,-1.2012474536895752,0.6307976841926575,0.9771997332572937,-0.01601163111627102,0.42539340257644653,0.9755472540855408,0.0177605040371418,0.6096869707107544,1.4481205940246582,0.42169228196144104,0.4094131588935852,1.4708845615386963,0.42028123140335083,0.6014513373374939,1.8221096992492676,1.3602547645568848,0.4106225073337555,1.8336403369903564,1.2656246423721313,0.6003115177154541,1.8927549123764038,1.4337430000305176,0.41354599595069885,1.8977885246276855,1.335117220878601,0.5919307470321655,1.9669039249420166,1.0662387609481812,0.44483810663223267,1.9754834175109863,0.901429295539856,0.7963634133338928,0.873930811882019,0.0,0.7989016771316528,0.9267453551292419,0.005374862812459469,0.7844157814979553,0.971810519695282,0.0005940584233030677,0.7621797323226929,0.9963988065719604,-0.006760898511856794,0.7447534799575806,1.00630784034729,-0.013379489071667194,0.7977889776229858,0.9800888895988464,-0.014550745487213135,0.7581085562705994,0.9942755699157715,-0.02513064444065094,0.7301228046417236,0.9910640120506287,-0.028940103948116302,0.713132381439209,0.9885721802711487,-0.030328132212162018,0.7921359539031982,0.9537723064422607,-0.02408882975578308,0.7520849108695984,0.9665769338607788,-0.0359814390540123,0.725665807723999,0.9682741165161133,-0.03570779412984848,0.7089357376098633,0.9678168296813965,-0.03492746129631996,0.7834108471870422,0.923758864402771,-0.03211280703544617,0.7460088729858398,0.9388965368270874,-0.04146613925695419,0.7215865850448608,0.945024311542511,-0.03585539758205414,0.7072532176971436,0.9479126334190369,-0.0316426120698452,0.7728551030158997,0.8968729376792908,-0.03985341638326645,0.7434397339820862,0.9121294021606445,-0.04627961665391922,0.7258583307266235,0.9229996204376221,-0.041812606155872345,0.714759886264801,0.9305629134178162,-0.03755822032690048
thankyou,0.56230628490448,0.23522935807704926,-1.2626310586929321,0.5851197242736816,0.18588179349899292,-1.2214539051055908,0.6003884077072144,0.1873539537191391,-1.2212775945663452,0.6146718263626099,0.1895148754119873,-1.2213020324707031,0.5431836843490601,0.1868998408317566,-1.2195403575897217,0.5298313498497009,0.18879753351211548,-1.2193702459335327,0.5170172452926636,0.1908286213874817,-1.219645619392395,0.6356913447380066,0.22404789924621582,-0.8690813183784485,0.49252766370773315,0.22325515747070312,-0.8411130905151367,0.5927257537841797,0.2976537346839905,-1.1256229877471924,0.5333020091056824,0.292466938495636,-1.1172691583633423,0.7537382245063782,0.5287942290306091,-0.6163731217384338,0.3726407289505005,0.5115835070610046,-0.5977704524993896,0.7681540250778198,0.9437020421028137,-0.558353841304779,0.3385608196258545,0.902968168258667,-0.4198106825351715,0.7305170297622681,1.1960095167160034,-0.9479857683181763,0.35670560598373413,1.178465485572815,-0.7322192192077637,0.742224395275116,1.2880617380142212,-1.077783465385437,0.35485774278640747,1.2811710834503174,-0.8342334628105164,0.7033663988113403,1.2781851291656494,-1.1444002389907837,0.38251781463623047,1.2690571546554565,-0.9202335476875305,0.6939881443977356,1.2374247312545776,-0.9905807375907898,0.39019423723220825,1.2301656007766724,-0.7756115198135376,0.6775951981544495,1.1660056114196777,-0.06124786660075188,0.4322947859764099,1.1575641632080078,0.06481941044330597,0.647243320941925,1.6721632480621338,0.19401687383651733,0.43014493584632874,1.6701891422271729,0.2939901649951935,0.6193729043006897,2.099827289581299,0.9975892901420593,0.4129856526851654,2.0984480381011963,0.9216411709785461,0.622460663318634,2.173388957977295,1.0500057935714722,0.4086899757385254,2.1706349849700928,0.9713312983512878,0.5709484219551086,2.256412982940674,0.5413737297058105,0.4308468699455261,2.2620139122009277,0.41397714614868164,0.3298201858997345,0.661881685256958,0.0,0.3681878447532654,0.6206438541412354,0.02513568103313446,0.38932913541793823,0.5744471549987793,0.03165169432759285,0.39757248759269714,0.5368936061859131,0.026344625279307365,0.4046526849269867,0.5062083601951599,0.022129667922854424,0.3739057183265686,0.4946533441543579,0.04369841888546944,0.3989974558353424,0.4882955253124237,0.03420019522309303,0.41176822781562805,0.5291487574577332,0.02801845595240593,0.4167286157608032,0.5704272985458374,0.02699851430952549,0.36393222212791443,0.48409000039100647,0.021523823961615562,0.39665573835372925,0.4874023199081421,0.013478207401931286,0.40711453557014465,0.5370821952819824,0.009807588532567024,0.4092664122581482,0.5809337496757507,0.010387247428297997,0.35006651282310486,0.48106566071510315,-0.003005160251632333,0.38733646273612976,0.49294018745422363,-0.012524227611720562,0.39517390727996826,0.5450661182403564,-0.00894349254667759,0.396963894367218,0.5897896885871887,-0.0030781803652644157,0.33659422397613525,0.4872528314590454,-0.028039800003170967,0.3717449903488159,0.4974072277545929,-0.032518453896045685,0.38345515727996826,0.5380836725234985,-0.026390599086880684,0.38785457611083984,0.5772759318351746,-0.018686750903725624
thankyou,0.5402328372001648,0.2657303810119629,-0.6863539814949036,0.5595474243164062,0.2136627584695816,-0.6618539094924927,0.5729947090148926,0.21574735641479492,-0.6618142127990723,0.5864672660827637,0.21935687959194183,-0.6616447567939758,0.5232062339782715,0.2166883945465088,-0.6507859230041504,0.5097140669822693,0.22031384706497192,-0.6506931781768799,0.49584347009658813,0.22409629821777344,-0.6510826349258423,0.6058222055435181,0.26041120290756226,-0.43392619490623474,0.47831493616104126,0.25685614347457886,-0.3581449091434479,0.5684221386909485,0.32426291704177856,-0.5973631143569946,0.5196585655212402,0.3112782835960388,-0.5762149095535278,0.7203006148338318,0.5397518873214722,-0.2882515490055084,0.38151150941848755,0.5487747192382812,-0.29532402753829956,0.7375662326812744,0.9214609265327454,-0.3500998616218567,0.30189523100852966,0.9517026543617249,-0.6857177019119263,0.7013683319091797,1.1202555894851685,-0.5921834707260132,0.4673171639442444,0.6953042149543762,-1.2521811723709106,0.7025423049926758,1.1943899393081665,-0.6631941199302673,0.5144680142402649,0.6426748037338257,-1.366729974746704,0.6789028644561768,1.1766375303268433,-0.6819077134132385,0.5097836256027222,0.5912219285964966,-1.3324297666549683,0.6721315979957581,1.1479740142822266,-0.6077578067779541,0.5053510665893555,0.6170671582221985,-1.253900408744812,0.6320512890815735,1.1275465488433838,0.001369955949485302,0.4006272256374359,1.1053866147994995,0.0014923311537131667,0.6084898710250854,1.5576014518737793,0.19549760222434998,0.39677876234054565,1.5548691749572754,0.2322385609149933,0.5991513729095459,1.938352108001709,0.896544337272644,0.3982635736465454,1.9370627403259277,0.7910172939300537,0.6003648638725281,2.001303195953369,0.9423643350601196,0.39482200145721436,1.9963163137435913,0.835645854473114,0.5732468366622925,2.072938919067383,0.5354437232017517,0.4126238226890564,2.0776500701904297,0.4066418707370758,0.776483416557312,0.8683654069900513,0.0,0.7722216844558716,0.9129244089126587,0.002618657425045967,0.7613006234169006,0.9526394009590149,-0.002418708289042115,0.7480928897857666,0.9758014678955078,-0.007845485582947731,0.7349649667739868,0.9877336621284485,-0.012573236599564552,0.7771666049957275,0.9629328846931458,-0.018770882859826088,0.7508951425552368,0.9805946350097656,-0.02656092494726181,0.7305114269256592,0.9865869283676147,-0.028452448546886444,0.7160869240760803,0.990220308303833,-0.028785767033696175,0.773393452167511,0.9425578117370605,-0.024373555555939674,0.7420295476913452,0.9548263549804688,-0.032972581684589386,0.7195223569869995,0.9600360989570618,-0.031792499125003815,0.7036091685295105,0.9627079367637634,-0.030916420742869377,0.7654653191566467,0.9188392162322998,-0.02808625064790249,0.7336694598197937,0.9306882619857788,-0.034534912556409836,0.713695228099823,0.9350824952125549,-0.02989969030022621,0.7014015316963196,0.9386063814163208,-0.026970384642481804,0.7558174133300781,0.8960727453231812,-0.03123110719025135,0.7284477949142456,0.9057275652885437,-0.0355825237929821,0.7123540043830872,0.9103684425354004,-0.03210044652223587,0.7011108994483948,0.9154874086380005,-0.029366623610258102
