what,0.4876726269721985,0.13679061830043793,-0.8430749773979187,0.5068996548652649,0.09962350875139236,-0.8218420147895813,0.5192751288414001,0.10211002826690674,-0.8215302228927612,0.5314441323280334,0.10451710224151611,-0.8214545249938965,0.47094473242759705,0.09512989968061447,-0.8245241045951843,0.4565674662590027,0.09448487311601639,-0.8246041536331177,0.44265204668045044,0.09360057860612869,-0.8248321413993835,0.5532864332199097,0.13841843605041504,-0.6166318655014038,0.4255942404270172,0.12845098972320557,-0.6270671486854553,0.5095665454864502,0.21029962599277496,-0.7657238245010376,0.46801644563674927,0.2055262178182602,-0.7681714296340942,0.6624466180801392,0.44874781370162964,-0.43183475732803345,0.2952650785446167,0.4408818185329437,-0.45290255546569824,0.6970365643501282,0.8563741445541382,-0.508988082408905,0.25031548738479614,0.8626867532730103,-0.6285746097564697,0.7660088539123535,0.7367759943008423,-0.898642897605896,0.21932947635650635,0.6917679905891418,-1.1709660291671753,0.7919110059738159,0.7092519402503967,-0.9655963182449341,0.2044350802898407,0.6649631261825562,-1.2486183643341064,0.7921282649040222,0.636249303817749,-0.9760333895683289,0.1918565332889557,0.6097190380096436,-1.2664813995361328,0.771736741065979,0.6371850371360779,-0.9107455015182495,0.19051575660705566,0.5908865332603455,-1.1914151906967163,0.5679557919502258,0.9704734683036804,0.013878969475626945,0.38608020544052124,0.9791654944419861,-0.010679473169147968,0.5681827664375305,1.395365595817566,0.29781121015548706,0.35950130224227905,1.4052374362945557,0.2465488463640213,0.5589079260826111,1.732663869857788,1.001695990562439,0.35358667373657227,1.7393715381622314,0.8170749545097351,0.5608514547348022,1.794871211051941,1.0527431964874268,0.3469102680683136,1.799159288406372,0.85993891954422,0.5411121845245361,1.8663066625595093,0.7370688915252686,0.3751465380191803,1.8742793798446655,0.5017051100730896,0.2567020654678345,0.6467872262001038,0.0,0.2625335156917572,0.6031792163848877,-0.004821859300136566,0.2401622235774994,0.5540964007377625,-0.010263587348163128,0.21921765804290771,0.5211943984031677,-0.017141124233603477,0.201971173286438,0.4906805455684662,-0.02551996149122715,0.18561622500419617,0.5565478205680847,-0.008588622324168682,0.14654746651649475,0.5228861570358276,-0.022845638915896416,0.12207929790019989,0.49223923683166504,-0.03373129293322563,0.10174034535884857,0.4662758708000183,-0.04144596680998802,0.17476868629455566,0.5742771029472351,-0.017902685329318047,0.13053081929683685,0.5362300276756287,-0.031198710203170776,0.10027799755334854,0.5005336999893188,-0.04204496741294861,0.07460243999958038,0.471781849861145,-0.05083737522363663,0.16891419887542725,0.5970571041107178,-0.028835680335760117,0.1278211623430252,0.559546172618866,-0.04293608292937279,0.1001482829451561,0.525248110294342,-0.05275551229715347,0.07559118419885635,0.4975573420524597,-0.06025983765721321,0.168313130736351,0.6259843707084656,-0.040693577378988266,0.13736844062805176,0.5944192409515381,-0.054736196994781494,0.11434735357761383,0.5676590800285339,-0.0626869648694992,0.09261813014745712,0.5461200475692749,-0.0685754343867302
what,0.4866752028465271,0.12895941734313965,-0.9757280349731445,0.5105079412460327,0.08975780010223389,-0.9468661546707153,0.524496853351593,0.09116625785827637,-0.9466303586959839,0.5374242067337036,0.09246766567230225,-0.9464748501777649,0.4612225890159607,0.0854383185505867,-0.9468681216239929,0.44231730699539185,0.08446209877729416,-0.9469280242919922,0.42638248205184937,0.08430039882659912,-0.94718998670578,0.5606020092964172,0.12283611297607422,-0.6883593201637268,0.4001714289188385,0.11705286055803299,-0.6833499670028687,0.5157642960548401,0.20090484619140625,-0.8767999410629272,0.4582023024559021,0.19740670919418335,-0.8753452301025391,0.6658379435539246,0.44786539673805237,-0.4693676829338074,0.2897963523864746,0.4365229904651642,-0.4818640649318695,0.7046191096305847,0.8030251860618591,-0.5356841087341309,0.2547708749771118,0.8286873698234558,-0.7037476897239685,0.7564519047737122,0.6923545598983765,-0.9263666272163391,0.2273562252521515,0.6780608892440796,-1.3022568225860596,0.8072873950004578,0.6996116638183594,-0.9870683550834656,0.2133997678756714,0.6485410928726196,-1.3876639604568481,0.8043413162231445,0.6405361890792847,-0.9960783123970032,0.17542031407356262,0.5705648064613342,-1.3957067728042603,0.7830446362495422,0.6409026980400085,-0.9377391934394836,0.2015603482723236,0.583094596862793,-1.3204357624053955,0.5701597929000854,0.9835405945777893,-0.0006555852596648037,0.38508158922195435,0.9771832823753357,0.0037368000485002995,0.5799480676651001,1.4199683666229248,0.3094404637813568,0.3741193413734436,1.4404606819152832,0.30026066303253174,0.57972252368927,1.7685421705245972,1.0404452085494995,0.37038516998291016,1.787803053855896,0.9016236066818237,0.5847574472427368,1.8310506343841553,1.094529390335083,0.3639071583747864,1.8516628742218018,0.9500523805618286,0.5512115955352783,1.9184420108795166,0.7740436792373657,0.39052340388298035,1.9274836778640747,0.5954630970954895,0.261021226644516,0.6567931771278381,0.0,0.2640381157398224,0.6066087484359741,-0.0007078850758261979,0.2390064299106598,0.5546409487724304,-0.00423305481672287,0.21761071681976318,0.5196736454963684,-0.010330687277019024,0.20021192729473114,0.4875497817993164,-0.017779463902115822,0.18187379837036133,0.5541597604751587,-0.002190046012401581,0.14178016781806946,0.5206127762794495,-0.015932530164718628,0.11620592325925827,0.4887995719909668,-0.026709401980042458,0.09443636983633041,0.4613281488418579,-0.0342697910964489,0.17153921723365784,0.5704744458198547,-0.013868976384401321,0.12637943029403687,0.5314489006996155,-0.026395468041300774,0.09559991210699081,0.4962848424911499,-0.03687233105301857,0.06900971382856369,0.4671797752380371,-0.04538092389702797,0.16562211513519287,0.5918508768081665,-0.027199994772672653,0.12361263483762741,0.553668737411499,-0.040627896785736084,0.09461124241352081,0.5214333534240723,-0.04972988739609718,0.06924252212047577,0.4941295087337494,-0.05658257007598877,0.16535866260528564,0.6202436089515686,-0.04135524481534958,0.13199584186077118,0.5883074998855591,-0.05469246953725815,0.10922153294086456,0.5640914440155029,-0.06166889891028404,0.0889461413025856,0.5434700846672058,-0.0666441023349762
what,0.4907931685447693,0.13241344690322876,-1.0329195261001587,0.51987624168396,0.08821916580200195,-0.9903842210769653,0.5354355573654175,0.08980095386505127,-0.9900659322738647,0.5494375824928284,0.09154903888702393,-0.9896557927131653,0.46348389983177185,0.08160264045000076,-0.9962130784988403,0.4440233111381531,0.07959771156311035,-0.9964925646781921,0.4283785820007324,0.07891695946455002,-0.9965567588806152,0.5714457035064697,0.12135040760040283,-0.6995075345039368,0.4010252356529236,0.11603014916181564,-0.7215246558189392,0.5202262997627258,0.2105187028646469,-0.9256542921066284,0.4572635293006897,0.2046465277671814,-0.932126522064209,0.6646465063095093,0.458558052778244,-0.4892003536224365,0.28686004877090454,0.44695520401000977,-0.5032457709312439,0.7262539267539978,0.9281280040740967,-0.7366240620613098,0.2198503315448761,0.9255831837654114,-0.7041732668876648,0.7407318949699402,0.6845291256904602,-1.3050016164779663,0.24122309684753418,0.6849101781845093,-1.27863347530365,0.7734650373458862,0.6436910629272461,-1.3866257667541504,0.23968765139579773,0.6605913043022156,-1.3493139743804932,0.7987357974052429,0.5841156244277954,-1.35700261592865,0.23242223262786865,0.5930410027503967,-1.3362938165664673,0.768373966217041,0.6054410934448242,-1.3025126457214355,0.2476133108139038,0.6125213503837585,-1.2850910425186157,0.5732420682907104,1.0127155780792236,9.683041571406648e-05,0.3776366114616394,1.0061677694320679,0.003919273614883423,0.5944623947143555,1.4941126108169556,0.3139193654060364,0.37314027547836304,1.5029473304748535,0.3436063528060913,0.5979596972465515,1.8456618785858154,1.1026126146316528,0.3763594925403595,1.8478569984436035,0.9906085133552551,0.6016815900802612,1.9144763946533203,1.16181218624115,0.36912068724632263,1.914729356765747,1.0436726808547974,0.5697211027145386,2.007227659225464,0.8320764303207397,0.40103083848953247,2.009716510772705,0.6792508363723755,0.6803609132766724,0.6487981081008911,0.0,0.7061924338340759,0.5904937386512756,0.008654272183775902,0.7448064088821411,0.5619181394577026,0.005168105009943247,0.7732558250427246,0.5467782020568848,-0.0033427521120756865,0.7932919263839722,0.5387600660324097,-0.012519430369138718,0.7912998199462891,0.5801981687545776,-0.002550634788349271,0.8384940028190613,0.5688771605491638,-0.019143177196383476,0.8622678518295288,0.5480928421020508,-0.030984779819846153,0.8772796392440796,0.5271230340003967,-0.038681793957948685,0.7870578765869141,0.5946674942970276,-0.019911382347345352,0.8367528915405273,0.588158905506134,-0.036954037845134735,0.8607067465782166,0.5644944906234741,-0.04594315588474274,0.8766355514526367,0.5388866662979126,-0.05314024165272713,0.7735916972160339,0.6113897562026978,-0.03785114362835884,0.8200441598892212,0.6067996025085449,-0.053937576711177826,0.8441959023475647,0.5838474035263062,-0.05933632329106331,0.859509289264679,0.5613458156585693,-0.06381994485855103,0.7517545819282532,0.628544807434082,-0.05592971295118332,0.7848066091537476,0.6292622089385986,-0.06878505647182465,0.8047162890434265,0.613845705986023,-0.07242091000080109,0.8182837963104248,0.59647536277771,-0.07551602274179459
what,0.4929398000240326,0.1346273422241211,-1.0093343257904053,0.5194133520126343,0.09134781360626221,-0.9690204858779907,0.535106360912323,0.09171754866838455,-0.9687700271606445,0.5504226088523865,0.09151732921600342,-0.9685171842575073,0.4676726758480072,0.08676808327436447,-0.9683955907821655,0.44752034544944763,0.08465378731489182,-0.9687327146530151,0.43057602643966675,0.0834912583231926,-0.9689372777938843,0.5739009380340576,0.12082052230834961,-0.6878584623336792,0.41112861037254333,0.10378444194793701,-0.6850242018699646,0.5248231887817383,0.2054450511932373,-0.9060632586479187,0.46411481499671936,0.20454154908657074,-0.9050770998001099,0.6692266464233398,0.4592837393283844,-0.5136420726776123,0.282304972410202,0.44997772574424744,-0.4549197554588318,0.7192027568817139,0.9041677117347717,-0.6767860651016235,0.2169031798839569,0.9231515526771545,-0.6643004417419434,0.7132703065872192,0.7696831226348877,-1.1982342004776,0.21867656707763672,0.7101094126701355,-1.352663278579712,0.7518931031227112,0.7647724151611328,-1.2888307571411133,0.1810857057571411,0.6719229221343994,-1.450455904006958,0.7576611638069153,0.6800899505615234,-1.2840673923492432,0.18225663900375366,0.5946711301803589,-1.4538418054580688,0.7338513135910034,0.6901258826255798,-1.2051979303359985,0.20233936607837677,0.6054232120513916,-1.368613362312317,0.5789874196052551,0.9824537634849548,-0.02082401141524315,0.3779001832008362,0.9834880828857422,0.023944465443491936,0.5838133692741394,1.4324290752410889,0.17240369319915771,0.3610828220844269,1.4462683200836182,0.3464919924736023,0.5758678913116455,1.7658381462097168,0.9513775706291199,0.3597371280193329,1.7701350450515747,1.052243947982788,0.5795642733573914,1.831730604171753,1.010486364364624,0.353534072637558,1.8339881896972656,1.1113433837890625,0.5503422021865845,1.9210145473480225,0.6816070675849915,0.38813516497612,1.9206165075302124,0.7499871850013733,0.6892465949058533,0.7504479289054871,0.0,0.73941969871521,0.7140014171600342,-0.0015133864944800735,0.7802410125732422,0.6679196953773499,-0.016543304547667503,0.8090242147445679,0.6353443264961243,-0.03562495484948158,0.8384702205657959,0.6120593547821045,-0.05477844178676605,0.7482540607452393,0.6363605856895447,-0.029857337474822998,0.7770890593528748,0.628940224647522,-0.054552048444747925,0.8027724027633667,0.622692346572876,-0.06900859624147415,0.8266809582710266,0.619539737701416,-0.07856842875480652,0.7200766205787659,0.648605465888977,-0.04501451179385185,0.7556617856025696,0.6879450082778931,-0.07389061152935028,0.7641552686691284,0.712223470211029,-0.0787937268614769,0.7672058939933777,0.7237211465835571,-0.08019008487462997,0.6923996210098267,0.6725395917892456,-0.05969754606485367,0.72332763671875,0.7062703967094421,-0.08395938575267792,0.730130672454834,0.725284218788147,-0.07665600627660751,0.7336003184318542,0.7366679310798645,-0.07041376829147339,0.6691239476203918,0.6993424892425537,-0.07544728368520737,0.6882482767105103,0.710435152053833,-0.09349042177200317,0.6978065967559814,0.7180010080337524,-0.0887988805770874,0.704266369342804,0.7246631979942322,-0.08325279504060745
what,0.4883491098880768,0.1277438998222351,-0.9797261357307434,0.5165683627128601,0.082802414894104,-0.937630295753479,0.5323038101196289,0.08370375633239746,-0.9375678300857544,0.5470775365829468,0.08429162949323654,-0.9374721646308899,0.4636668562889099,0.0785711482167244,-0.9330085515975952,0.44482046365737915,0.07760746031999588,-0.9332693219184875,0.4292920231819153,0.07754475623369217,-0.9337003827095032,0.5704589486122131,0.1126943826675415,-0.668579638004303,0.41186341643333435,0.10523247718811035,-0.6420983672142029,0.5187055468559265,0.20021425187587738,-0.882344126701355,0.458916574716568,0.19828714430332184,-0.8751391172409058,0.670646071434021,0.45869413018226624,-0.5118914842605591,0.27809223532676697,0.45385968685150146,-0.4333294928073883,0.7334201335906982,0.9049572348594666,-0.725849986076355,0.20703008770942688,0.9183370471000671,-0.6764672994613647,0.71296226978302,0.7953246235847473,-1.2810728549957275,0.2285403311252594,0.7492395043373108,-1.371846079826355,0.7250093817710876,0.793998658657074,-1.3795795440673828,0.203935906291008,0.7083101868629456,-1.4722235202789307,0.721987783908844,0.7060004472732544,-1.3673961162567139,0.20961955189704895,0.633672297000885,-1.4708025455474854,0.7061647176742554,0.7078580856323242,-1.2838858366012573,0.2284613847732544,0.6500875949859619,-1.3843897581100464,0.5770483016967773,0.9691723585128784,-0.02645787037909031,0.37854722142219543,0.9831762909889221,0.02952544018626213,0.6226422786712646,1.4014484882354736,-0.09008228778839111,0.3773585855960846,1.430971622467041,0.2100307196378708,0.6013795137405396,1.734413743019104,0.7492868900299072,0.3768947124481201,1.7540690898895264,0.9358056783676147,0.6002622842788696,1.7978739738464355,0.812603771686554,0.36971068382263184,1.82069993019104,0.9950081706047058,0.5778829455375671,1.9019665718078613,0.47354191541671753,0.40365758538246155,1.9030787944793701,0.6394416689872742,0.6945924758911133,0.7623684406280518,0.0,0.7098067402839661,0.7022384405136108,-0.016754331067204475,0.7375888824462891,0.6582780480384827,-0.04003487527370453,0.7631382346153259,0.6323896050453186,-0.06251001358032227,0.7837125062942505,0.6179386973381042,-0.08730193227529526,0.7482790946960449,0.6725214719772339,-0.07464826852083206,0.7803707122802734,0.6447938680648804,-0.11721287667751312,0.8088860511779785,0.626801073551178,-0.144156813621521,0.831968367099762,0.6152285933494568,-0.16293591260910034,0.7371752262115479,0.7092132568359375,-0.0878404974937439,0.7578976154327393,0.7065318822860718,-0.14122314751148224,0.7595193982124329,0.7060565948486328,-0.16049854457378387,0.7550332546234131,0.7055494785308838,-0.17065158486366272,0.7207380533218384,0.7512919902801514,-0.09962579607963562,0.7098358869552612,0.7361147999763489,-0.1498023271560669,0.6858722567558289,0.715775728225708,-0.15496931970119476,0.6643774509429932,0.7004446387290955,-0.15308497846126556,0.700803279876709,0.792564332485199,-0.11216139793395996,0.67196124792099,0.769427478313446,-0.1527620404958725,0.6446465253829956,0.7455341815948486,-0.15900371968746185,0.6244871616363525,0.7247006893157959,-0.15858498215675354
what,0.4964680075645447,0.14870773255825043,-0.631506621837616,0.5249406695365906,0.10249917954206467,-0.5862234234809875,0.5405997037887573,0.10279500484466553,-0.5856891870498657,0.5546462535858154,0.10312008857727051,-0.5851759314537048,0.46766558289527893,0.0980033203959465,-0.5893611311912537,0.4489825665950775,0.0973314568400383,-0.5899062156677246,0.4336698651313782,0.09802144020795822,-0.5897985100746155,0.5801734924316406,0.13116836547851562,-0.3660421371459961,0.4038885235786438,0.12452876567840576,-0.3743421137332916,0.5258415341377258,0.22156919538974762,-0.5549089312553406,0.4627646803855896,0.2187069058418274,-0.5572507381439209,0.6820675134658813,0.4572833478450775,-0.2739087641239166,0.29251205921173096,0.44752445816993713,-0.26739081740379333,0.7435439229011536,0.9363464713096619,-0.4535089135169983,0.1790178120136261,0.8821130394935608,-0.46184834837913513,0.7225146293640137,0.7487451434135437,-0.9129706621170044,0.22844550013542175,0.6756857633590698,-1.0191110372543335,0.7133787870407104,0.742385745048523,-0.9752690196037292,0.21277081966400146,0.6300145387649536,-1.0813275575637817,0.7258809804916382,0.6979482769966125,-0.9470174908638,0.218857079744339,0.5571272373199463,-1.0714350938796997,0.6991780996322632,0.6821497678756714,-0.9106952548027039,0.24401351809501648,0.5847154259681702,-1.0309234857559204,0.5829132795333862,0.9816939234733582,0.006398977246135473,0.38173919916152954,0.9703549742698669,-0.0023932934273034334,0.5840330719947815,1.433032512664795,0.14739495515823364,0.3714177906513214,1.4317257404327393,0.19282430410385132,0.5654314756393433,1.7618391513824463,0.6959708333015442,0.35972100496292114,1.7591923475265503,0.5649282932281494,0.5687713027000427,1.8216993808746338,0.7293185591697693,0.3532763421535492,1.8237724304199219,0.5897301435470581,0.5311866998672485,1.9066073894500732,0.42694973945617676,0.3707694113254547,1.9005115032196045,0.2524089515209198,0.41720080375671387,0.531146764755249,0.0,0.47343015670776367,0.4256822466850281,0.04823192209005356,0.5536022782325745,0.39003849029541016,0.07014228403568268,0.6065788865089417,0.4068136513233185,0.08107322454452515,0.6209507584571838,0.42691242694854736,0.09437230974435806,0.6674292683601379,0.4289947748184204,0.04580233618617058,0.7311699986457825,0.5285070538520813,0.055801890790462494,0.7266309261322021,0.5766652822494507,0.07244873046875,0.7199258804321289,0.5904110074043274,0.0847427248954773,0.6667165756225586,0.513070821762085,0.01695302128791809,0.7047703862190247,0.6221848726272583,0.025909237563610077,0.666254997253418,0.6416001319885254,0.04840119183063507,0.6357269287109375,0.6242376565933228,0.06572137773036957,0.6440394520759583,0.604568600654602,-0.009053394198417664,0.6810395121574402,0.6835031509399414,-0.002410923596471548,0.634552001953125,0.6877959370613098,0.025228779762983322,0.5968698263168335,0.662672221660614,0.044794466346502304,0.6144832968711853,0.6957474946975708,-0.033681683242321014,0.6782141923904419,0.7402163743972778,-0.039465900510549545,0.7145403623580933,0.7637666463851929,-0.029935423284769058,0.7472813725471497,0.7696971297264099,-0.017221229150891304
what,0.4981832504272461,0.13667011260986328,-0.2827511727809906,0.4883471131324768,0.10256814956665039,-0.34813812375068665,0.4775567650794983,0.10613572597503662,-0.348276287317276,0.4753354489803314,0.1351904273033142,-0.3485562205314636,0.5079203248023987,0.10524862259626389,-0.35432642698287964,0.5137665867805481,0.10931110382080078,-0.3543356657028198,0.5200163722038269,0.11385619640350342,-0.3543925881385803,0.4254589080810547,0.16453681886196136,-0.51739102602005,0.5450507402420044,0.1647181510925293,-0.5430885553359985,0.482398122549057,0.1941460222005844,-0.3200724124908447,0.5093193054199219,0.18968500196933746,-0.32744231820106506,0.32407671213150024,0.4405847489833832,-0.4904523491859436,0.6644731760025024,0.46246448159217834,-0.506397545337677,0.22390881180763245,0.6689246296882629,-0.3427298963069916,0.7859872579574585,0.719880223274231,-0.272605836391449,0.1753426194190979,0.6389901041984558,-0.17682448029518127,0.8309863209724426,0.7700918316841125,-0.012731483206152916,0.14061808586120605,0.6395759582519531,-0.20595118403434753,0.8519910573959351,0.8011858463287354,-0.03524424880743027,0.16048955917358398,0.6036708950996399,-0.19752290844917297,0.8403745889663696,0.7721154093742371,-0.04163794219493866,0.1822863519191742,0.6095285415649414,-0.16937001049518585,0.8247306942939758,0.758831799030304,-0.011069015599787235,0.4129719138145447,0.8226346373558044,-0.00331300450488925,0.5901076793670654,0.8646970391273499,0.0036541945300996304,0.27247101068496704,0.6257613301277161,0.559192419052124,0.7301026582717896,0.6976380944252014,0.6826481819152832,0.0932532250881195,0.58255934715271,1.1334223747253418,0.7625320553779602,0.6921659111976624,1.4077056646347046,0.06367003917694092,0.5997505187988281,1.198905348777771,0.7593265771865845,0.7129494547843933,1.4899882078170776,0.05832132697105408,0.4533049464225769,1.2191518545150757,0.7878289222717285,0.6327680349349976,1.5836925506591797,0.37703633308410645,0.7334115505218506,0.0,0.31525731086730957,0.5957521200180054,0.025133563205599785,0.2405972182750702,0.5293811559677124,0.019721925258636475,0.1818353682756424,0.4851106107234955,0.0027956722769886255,0.13797219097614288,0.4447413980960846,-0.015810834243893623,0.1896665394306183,0.5655418038368225,-0.008812575601041317,0.1125832349061966,0.5153847932815552,-0.03961822763085365,0.0706978589296341,0.4795582592487335,-0.05631428211927414,0.034784749150276184,0.4382791519165039,-0.06721716374158859,0.19541065394878387,0.6039857864379883,-0.04676418751478195,0.11204589903354645,0.5580599308013916,-0.0818728506565094,0.07072141766548157,0.5135255455970764,-0.09477785229682922,0.03801077604293823,0.4614960849285126,-0.10328441113233566,0.21714606881141663,0.6440796852111816,-0.08436769992113113,0.1397559642791748,0.5994572043418884,-0.11568766832351685,0.09691554307937622,0.5516809821128845,-0.12177302688360214,0.06799973547458649,0.5032298564910889,-0.12665985524654388,0.2531336843967438,0.6800083518028259,-0.12090156972408295,0.19369101524353027,0.6520576477050781,-0.14538437128067017,0.1533719301223755,0.618466854095459,-0.1508617252111435,0.12560920417308807,0.5839188098907471,-0.1552024930715561
what,0.48684161901474,0.3211215138435364,-0.6522619724273682,0.5088503360748291,0.2814532518386841,-0.6225267052650452,0.5199180245399475,0.2827633023262024,-0.6223660707473755,0.5306129455566406,0.28417301177978516,-0.6219461560249329,0.4674600660800934,0.27596214413642883,-0.6222067475318909,0.4517776370048523,0.27370160818099976,-0.6223976612091064,0.4379778504371643,0.2723649740219116,-0.6224359273910522,0.5461171269416809,0.30142438411712646,-0.39777904748916626,0.41724318265914917,0.2865210175514221,-0.3960023820400238,0.5063680410385132,0.3710896670818329,-0.5668823719024658,0.4544185996055603,0.3685937523841858,-0.5671384334564209,0.6202586889266968,0.5539392232894897,-0.24764421582221985,0.31035953760147095,0.5456680655479431,-0.2025769203901291,0.6619560718536377,0.9376789331436157,-0.41791003942489624,0.256797730922699,0.9490426182746887,-0.3557775020599365,0.6581565141677856,0.7555774450302124,-0.9105951189994812,0.2818131148815155,0.732948899269104,-0.9017913937568665,0.6961336731910706,0.6934919357299805,-0.986561119556427,0.27197813987731934,0.701572835445404,-0.9742213487625122,0.7112327814102173,0.6618723273277283,-0.9621740579605103,0.2677958011627197,0.653564989566803,-0.9626398086547852,0.6887614727020264,0.6756830215454102,-0.9113547205924988,0.2676093280315399,0.6649593710899353,-0.9105059504508972,0.5545355081558228,1.033960223197937,-0.011893863789737225,0.368850439786911,1.0286256074905396,0.015228698961436749,0.5724000930786133,1.4591971635818481,0.14190049469470978,0.372872531414032,1.4605681896209717,0.23568300902843475,0.5639815926551819,1.7851910591125488,0.704926609992981,0.37004518508911133,1.7702667713165283,0.712098240852356,0.5690162777900696,1.842332124710083,0.7441726326942444,0.36139780282974243,1.8216713666915894,0.7518225312232971,0.534113347530365,1.9133845567703247,0.43769198656082153,0.39713552594184875,1.9068965911865234,0.41708892583847046,0.7280950546264648,0.682286262512207,0.0,0.7588639259338379,0.6591600775718689,0.011443627066910267,0.7794026136398315,0.6394767761230469,0.008033194579184055,0.7932518124580383,0.6230069398880005,0.0009135364671237767,0.8060519695281982,0.6100294589996338,-0.00819964986294508,0.7832276225090027,0.6369757056236267,-0.015593599528074265,0.7998511791229248,0.6121393442153931,-0.030428152531385422,0.811521053314209,0.5968688726425171,-0.04035797715187073,0.8216379880905151,0.5838912129402161,-0.047762706875801086,0.7760698795318604,0.6415365934371948,-0.030987605452537537,0.7918946743011475,0.6199005246162415,-0.04879066348075867,0.8038910031318665,0.6056084036827087,-0.059034232050180435,0.8153347969055176,0.5937187671661377,-0.0673762857913971,0.7633147239685059,0.6480310559272766,-0.044806573539972305,0.7778807878494263,0.6289911866188049,-0.062315817922353745,0.7892857789993286,0.6167487502098083,-0.0725821778178215,0.7999317049980164,0.6059803366661072,-0.08049090951681137,0.7473272085189819,0.6552039384841919,-0.056784577667713165,0.7521554827690125,0.6421889066696167,-0.07234062254428864,0.759074330329895,0.6318681836128235,-0.08076447248458862,0.7657685875892639,0.6215335130691528,-0.08770258724689484
what,0.4897152781486511,0.3191447854042053,-0.6065488457679749,0.5115156769752502,0.27917689085006714,-0.5724700689315796,0.52272629737854,0.2807237505912781,-0.5724337100982666,0.5329662561416626,0.28256237506866455,-0.5720531940460205,0.47071829438209534,0.27353113889694214,-0.5746640563011169,0.45492619276046753,0.2709428071975708,-0.5744934678077698,0.4402380883693695,0.26915788650512695,-0.5746950507164001,0.5453238487243652,0.2997359037399292,-0.327332466840744,0.4174319803714752,0.282476544380188,-0.33257102966308594,0.509223997592926,0.3673054575920105,-0.5158450603485107,0.4577585756778717,0.36492669582366943,-0.5181795358657837,0.6217571496963501,0.5509971976280212,-0.2000906765460968,0.3110302984714508,0.5450072884559631,-0.14888711273670197,0.6692383885383606,0.9109837412834167,-0.4474566578865051,0.26098233461380005,0.9306871891021729,-0.41320663690567017,0.6677510142326355,0.7465129494667053,-1.01400625705719,0.27684396505355835,0.7340220212936401,-1.073132038116455,0.7077724933624268,0.6905211210250854,-1.1047595739364624,0.2579633891582489,0.7007825374603271,-1.163284420967102,0.7221701145172119,0.6586448550224304,-1.077134609222412,0.24221423268318176,0.6589020490646362,-1.1539900302886963,0.7008603811264038,0.6732922792434692,-1.0162113904953003,0.25770074129104614,0.6675252914428711,-1.0867919921875,0.5671913623809814,1.0295230150222778,-0.02706575021147728,0.37633228302001953,1.087589144706726,0.03061581216752529,0.5836390256881714,1.4812188148498535,0.05198625475168228,0.3812393248081207,1.4897910356521606,0.2536189556121826,0.5758997201919556,1.8337230682373047,0.5445113182067871,0.3829844892024994,1.8191089630126953,0.7364468574523926,0.5834308862686157,1.8915339708328247,0.5729072093963623,0.3748374879360199,1.8694032430648804,0.7754455208778381,0.5408677458763123,1.9648083448410034,0.22418861091136932,0.4132062792778015,1.9601047039031982,0.41997870802879333,0.7294880151748657,0.6859968304634094,0.0,0.7604351043701172,0.6621072292327881,0.009914041496813297,0.779876172542572,0.6385139226913452,0.007437075022608042,0.791828453540802,0.6165186166763306,0.0016051011625677347,0.8014225959777832,0.6011240482330322,-0.005104976240545511,0.782332718372345,0.6407210230827332,-0.008249135687947273,0.7977115511894226,0.615207850933075,-0.018329553306102753,0.8053941130638123,0.5992904901504517,-0.024432305246591568,0.8121820688247681,0.5853761434555054,-0.028949690982699394,0.7735785245895386,0.6430781483650208,-0.020753996446728706,0.7875053286552429,0.6227797865867615,-0.031282469630241394,0.7962200045585632,0.6083444952964783,-0.03656074404716492,0.8047304749488831,0.5955017805099487,-0.041364241391420364,0.7603316307067871,0.6481930017471313,-0.032141879200935364,0.7720176577568054,0.6305941939353943,-0.04266729950904846,0.7806111574172974,0.6176868677139282,-0.047604456543922424,0.7890753746032715,0.606432318687439,-0.0519593246281147,0.7444397211074829,0.6550492644309998,-0.04236166551709175,0.7463661432266235,0.6417218446731567,-0.051729168742895126,0.7502662539482117,0.6316248178482056,-0.05522993579506874,0.7547793388366699,0.6223946213722229,-0.05830711871385574
what,0.4866343140602112,0.32575708627700806,-0.7103070020675659,0.508443295955658,0.28469640016555786,-0.679725706577301,0.5193382501602173,0.2860426902770996,-0.6795030236244202,0.5294556021690369,0.28720733523368835,-0.6790197491645813,0.46678823232650757,0.28008347749710083,-0.6764663457870483,0.4504714906215668,0.2778517007827759,-0.6765008568763733,0.43612852692604065,0.2768036127090454,-0.6765847206115723,0.5429052710533142,0.3024821877479553,-0.43685927987098694,0.41546210646629333,0.2904740571975708,-0.41875356435775757,0.5070300102233887,0.3737126588821411,-0.618238627910614,0.45428118109703064,0.37244242429733276,-0.6138572692871094,0.6264588832855225,0.5522421598434448,-0.282002717256546,0.3080298602581024,0.5482864379882812,-0.20688501000404358,0.682462215423584,0.9295656681060791,-0.5580277442932129,0.24069750308990479,0.9535138607025146,-0.4614787697792053,0.6831579804420471,0.7073396444320679,-1.1021615266799927,0.2551102042198181,0.6764881610870361,-1.07618248462677,0.7165582180023193,0.6394681930541992,-1.1829862594604492,0.2415432631969452,0.621968686580658,-1.1535195112228394,0.7385381460189819,0.6003586649894714,-1.13336181640625,0.23673498630523682,0.5749148726463318,-1.1304101943969727,0.7136930227279663,0.6249454021453857,-1.093950867652893,0.24427394568920135,0.5962768793106079,-1.0830626487731934,0.5634445548057556,1.0437403917312622,-0.03138560801744461,0.37528544664382935,1.0941108465194702,0.03488140180706978,0.5898178219795227,1.4942759275436401,0.0665869489312172,0.3891865909099579,1.502592921257019,0.28844085335731506,0.5879501104354858,1.849591612815857,0.5790911912918091,0.38996902108192444,1.8393253087997437,0.7859641313552856,0.5941339135169983,1.9097750186920166,0.6106319427490234,0.38141027092933655,1.8948993682861328,0.8277691006660461,0.5571034550666809,1.983731746673584,0.2621094286441803,0.4163482189178467,1.9768534898757935,0.4747397303581238,0.2766914665699005,0.6529205441474915,0.0,0.2792797386646271,0.6151121258735657,0.005907985381782055,0.26692473888397217,0.5821118950843811,0.0069882431998848915,0.26023125648498535,0.5605993866920471,0.005173059180378914,0.2586880624294281,0.5413360595703125,0.0035179653204977512,0.22822463512420654,0.5724602937698364,0.011438547633588314,0.2048688679933548,0.5505853891372681,0.006007072515785694,0.18848033249378204,0.5317824482917786,0.0006114771822467446,0.17481201887130737,0.5163381695747375,-0.00276867370121181,0.2228383868932724,0.5796581506729126,0.0032425099052488804,0.19966863095760345,0.5561702251434326,-0.001373637467622757,0.18275682628154755,0.5346605777740479,-0.00605969550088048,0.16743522882461548,0.5170511603355408,-0.009793917648494244,0.21985095739364624,0.5895966291427612,-0.005942251067608595,0.19775979220867157,0.5671953558921814,-0.011207155883312225,0.18306174874305725,0.5470917820930481,-0.014232166111469269,0.16984595358371735,0.5307236909866333,-0.01640702411532402,0.2196100503206253,0.6031383872032166,-0.015337485820055008,0.20149683952331543,0.5843029618263245,-0.019827445968985558,0.19025841355323792,0.5691640973091125,-0.021381227299571037,0.18062037229537964,0.5566878318786621,-0.022494832053780556
what,0.49643474817276,0.3343438506126404,-0.8249719738960266,0.5169337391853333,0.28970181941986084,-0.8022338151931763,0.5271923542022705,0.2892739474773407,-0.8019807934761047,0.5376737117767334,0.28983670473098755,-0.801446795463562,0.47581857442855835,0.2898293137550354,-0.8027542233467102,0.45725393295288086,0.28874266147613525,-0.8029071092605591,0.4421871304512024,0.2877311110496521,-0.802916407585144,0.5487195253372192,0.3047603368759155,-0.5675678253173828,0.41669225692749023,0.3005205988883972,-0.5657022595405579,0.5135813355445862,0.3815877139568329,-0.7315065860748291,0.4624255299568176,0.3799179196357727,-0.7316608428955078,0.6333470940589905,0.5489864349365234,-0.38447198271751404,0.3163701891899109,0.5505706667900085,-0.3289225995540619,0.6781931519508362,0.9463932514190674,-0.5249181985855103,0.24646858870983124,0.9483762979507446,-0.4861505627632141,0.6675471663475037,0.788945734500885,-1.006960391998291,0.2935904562473297,0.7412482500076294,-1.0633933544158936,0.676761269569397,0.7434443235397339,-1.0849336385726929,0.290654718875885,0.7159792184829712,-1.1412688493728638,0.68763267993927,0.6928930282592773,-1.059919834136963,0.28676703572273254,0.6659637093544006,-1.123922348022461,0.6764267086982727,0.7051851749420166,-1.0051759481430054,0.2945265769958496,0.6748354434967041,-1.0678287744522095,0.5649228096008301,1.0374755859375,-0.025618338957428932,0.37355029582977295,1.0431116819381714,0.02844851091504097,0.591619074344635,1.4621680974960327,0.13906818628311157,0.38980409502983093,1.4721317291259766,0.2566206753253937,0.5925129055976868,1.7921638488769531,0.6821295619010925,0.39937037229537964,1.7826321125030518,0.7344189882278442,0.5994400978088379,1.8467590808868408,0.7176903486251831,0.39505693316459656,1.8332045078277588,0.7750524878501892,0.5625638365745544,1.9274046421051025,0.3974379003047943,0.4276101589202881,1.917433500289917,0.43527859449386597,0.29028230905532837,0.697981059551239,0.0,0.26476019620895386,0.6575452089309692,0.0024899581912904978,0.23894527554512024,0.6125717759132385,-0.00678383419290185,0.22294136881828308,0.5792431831359863,-0.018234847113490105,0.20892131328582764,0.5524089336395264,-0.030312979593873024,0.2570699453353882,0.632044792175293,-0.03123459778726101,0.24095486104488373,0.6242735981941223,-0.05034550279378891,0.23321734368801117,0.6195106506347656,-0.05874035134911537,0.2239006757736206,0.611900806427002,-0.06414687633514404,0.27130842208862305,0.654282808303833,-0.04349926486611366,0.25386571884155273,0.6593887209892273,-0.06617321074008942,0.2503707706928253,0.6570886969566345,-0.06940071284770966,0.24964091181755066,0.6526878476142883,-0.07123016566038132,0.28709936141967773,0.676927924156189,-0.05401439219713211,0.27913379669189453,0.6782456636428833,-0.07665577530860901,0.2794133424758911,0.6757115125656128,-0.07377324253320694,0.27797651290893555,0.6724424958229065,-0.07036594301462173,0.30400893092155457,0.6974488496780396,-0.06377362459897995,0.30591464042663574,0.6969087719917297,-0.08246015757322311,0.30774903297424316,0.6956509351730347,-0.08205617219209671,0.30541545152664185,0.6943026185035706,-0.0796847864985466
what,0.48889875411987305,0.33531543612480164,-0.7915224432945251,0.5122259259223938,0.29036080837249756,-0.7688705325126648,0.5234784483909607,0.2902110815048218,-0.7687070965766907,0.533991277217865,0.29069453477859497,-0.7682212591171265,0.46695828437805176,0.2899824380874634,-0.7672201991081238,0.4498562216758728,0.2889717221260071,-0.7675676941871643,0.43531331419944763,0.28798943758010864,-0.7676119804382324,0.5506590604782104,0.3089641332626343,-0.5385124683380127,0.4142075181007385,0.30398231744766235,-0.5271626114845276,0.5092084407806396,0.38450735807418823,-0.6991376280784607,0.4551014006137848,0.3819003105163574,-0.6965020298957825,0.6374080777168274,0.550936758518219,-0.3583407998085022,0.31914979219436646,0.5522812604904175,-0.2963341474533081,0.6754127740859985,0.9428907036781311,-0.4748782217502594,0.2454514503479004,0.9503492116928101,-0.44791537523269653,0.6683037281036377,0.7949932813644409,-0.9415361285209656,0.2866175174713135,0.7499362826347351,-1.0314586162567139,0.6746379137039185,0.7629638910293579,-1.0143016576766968,0.27553483843803406,0.7148862481117249,-1.108710527420044,0.6850700378417969,0.7030063271522522,-0.9964014887809753,0.26916980743408203,0.6626335382461548,-1.0956192016601562,0.6756126880645752,0.7120458483695984,-0.940652072429657,0.2815493941307068,0.6777169108390808,-1.0380548238754272,0.5643748641014099,1.0431156158447266,-0.01752541773021221,0.37491756677627563,1.0455859899520874,0.019851699471473694,0.5919244885444641,1.4677990674972534,0.11397780478000641,0.39020636677742004,1.4763693809509277,0.2651463747024536,0.5937203168869019,1.790040135383606,0.7254354357719421,0.3987252712249756,1.78562331199646,0.7884562611579895,0.6008240580558777,1.8434231281280518,0.7709835171699524,0.39394766092300415,1.8373943567276,0.8355810046195984,0.5625325441360474,1.9327523708343506,0.47821149230003357,0.426226943731308,1.9230390787124634,0.5198203921318054,0.2863425314426422,0.7111102938652039,0.0,0.25356122851371765,0.6397842168807983,0.012738310731947422,0.2295352965593338,0.5902056694030762,0.013254170306026936,0.21310575306415558,0.5465090870857239,0.008714908733963966,0.2033969610929489,0.5118857622146606,0.0042035202495753765,0.24450194835662842,0.6333449482917786,0.0018586047226563096,0.22773230075836182,0.6237217783927917,-0.004053098149597645,0.2163092941045761,0.6172091960906982,-0.003767330665141344,0.2021460086107254,0.6028351783752441,-0.0028942041099071503,0.263258695602417,0.6635316610336304,-0.012091103941202164,0.25156986713409424,0.6615245938301086,-0.017135214060544968,0.24539241194725037,0.6568847298622131,-0.010623296722769737,0.2395823746919632,0.6482396721839905,-0.006276790052652359,0.2816105782985687,0.6913760304450989,-0.02479596436023712,0.2839774489402771,0.6921422481536865,-0.029377833008766174,0.28581148386001587,0.6923063397407532,-0.016430389136075974,0.28339216113090515,0.687952995300293,-0.008101742714643478,0.3008911609649658,0.7146700024604797,-0.037533484399318695,0.31203293800354004,0.7162054181098938,-0.041144926100969315,0.3173640966415405,0.7137879133224487,-0.03262803331017494,0.31858906149864197,0.710631787776947,-0.024780629202723503
what,0.4847382605075836,0.3325399160385132,-0.7583338022232056,0.5085793137550354,0.28942984342575073,-0.7338315844535828,0.5202027559280396,0.28975704312324524,-0.73356693983078,0.5313171148300171,0.290458083152771,-0.7330752611160278,0.46288377046585083,0.2863592505455017,-0.7295070290565491,0.4461405277252197,0.2846001982688904,-0.7298747301101685,0.43204641342163086,0.28370100259780884,-0.7298200726509094,0.5483123660087585,0.3071915805339813,-0.5108258724212646,0.41297346353530884,0.2970117926597595,-0.4881196916103363,0.5055611729621887,0.38393014669418335,-0.6695621609687805,0.45212870836257935,0.38225847482681274,-0.6635018587112427,0.6365571022033691,0.5512805581092834,-0.3456888198852539,0.32079440355300903,0.5535848140716553,-0.2744216322898865,0.6742354035377502,0.9498528838157654,-0.45493239164352417,0.24979153275489807,0.9455375671386719,-0.4238132834434509,0.6696467399597168,0.7941316962242126,-0.9144613146781921,0.2937745749950409,0.7518943548202515,-0.9932157397270203,0.6689826250076294,0.763606071472168,-0.990930438041687,0.29094213247299194,0.7291387319564819,-1.0720075368881226,0.6790934801101685,0.7045701742172241,-0.9735862612724304,0.29211750626564026,0.6801555752754211,-1.0578242540359497,0.6719954609870911,0.7128086090087891,-0.9145318865776062,0.2976611256599426,0.6870723962783813,-0.999605655670166,0.5665521025657654,1.0398635864257812,-0.018954740837216377,0.3771396577358246,1.035213828086853,0.021441470831632614,0.5916777849197388,1.449248194694519,0.09518814831972122,0.3925621807575226,1.455765962600708,0.25825244188308716,0.5921730995178223,1.7575099468231201,0.7163658142089844,0.40207013487815857,1.7522255182266235,0.7750539779663086,0.5998809337615967,1.8082318305969238,0.7626482248306274,0.3976188600063324,1.8033466339111328,0.8219218254089355,0.5597852468490601,1.9007489681243896,0.46924519538879395,0.4288574159145355,1.8885449171066284,0.5056338906288147,0.675299882888794,0.811668872833252,0.0,0.6887129545211792,0.7895562052726746,-0.006348702125251293,0.6953193545341492,0.7532472014427185,-0.012099861167371273,0.6946285367012024,0.7229913473129272,-0.01925705559551716,0.6931841969490051,0.6998234987258911,-0.025593550875782967,0.6879557967185974,0.721355140209198,-0.009331388399004936,0.6972146034240723,0.6866165995597839,-0.023745398968458176,0.7057512998580933,0.6882414221763611,-0.030544893816113472,0.7134707570075989,0.6988115906715393,-0.03361506015062332,0.6707914471626282,0.7194980382919312,-0.014090986922383308,0.6633690595626831,0.7042378783226013,-0.031200483441352844,0.6579166650772095,0.7174026966094971,-0.0367126390337944,0.6524286270141602,0.7290248870849609,-0.03795400634407997,0.6545208096504211,0.7231464982032776,-0.02062302455306053,0.636972188949585,0.7078964114189148,-0.03603191301226616,0.6218144297599792,0.7073290348052979,-0.03918302059173584,0.6098945736885071,0.7049683928489685,-0.039436765015125275,0.6410234570503235,0.7325482368469238,-0.0282016322016716,0.6239107251167297,0.7107232213020325,-0.03984735161066055,0.6088696122169495,0.7011172771453857,-0.04322027787566185,0.5958249568939209,0.6914340853691101,-0.044153571128845215
what,0.488737016916275,0.32809150218963623,-0.8621146082878113,0.5121454000473022,0.28567129373550415,-0.8371802568435669,0.5234761238098145,0.2863207459449768,-0.8369688987731934,0.5348448157310486,0.2877880334854126,-0.8364642858505249,0.46787405014038086,0.2825366258621216,-0.833121120929718,0.450261652469635,0.28093796968460083,-0.8333965539932251,0.43573251366615295,0.280019074678421,-0.8334878087043762,0.5533967614173889,0.3061503767967224,-0.5981541275978088,0.4148516058921814,0.29503411054611206,-0.5755911469459534,0.5094031095504761,0.3821088671684265,-0.7678322196006775,0.45403632521629333,0.382148802280426,-0.7621158957481384,0.6445133090019226,0.5548425912857056,-0.4135676920413971,0.3176356554031372,0.5569230318069458,-0.3396921753883362,0.6942954063415527,0.9530647397041321,-0.5763611793518066,0.24646945297718048,0.9464678168296814,-0.5249558091163635,0.6723533868789673,0.7929617166519165,-1.0629959106445312,0.2881087064743042,0.7585806250572205,-1.1279377937316895,0.6688624620437622,0.7612733840942383,-1.143121600151062,0.2884129285812378,0.7274028062820435,-1.209262728691101,0.6785964965820312,0.6976765394210815,-1.108354091644287,0.2873309254646301,0.6772371530532837,-1.1880803108215332,0.671310305595398,0.708438515663147,-1.0557775497436523,0.2930043041706085,0.6852613091468811,-1.1308172941207886,0.5772237181663513,1.0457375049591064,-0.03347302973270416,0.3855287432670593,1.0455011129379272,0.03633544594049454,0.6065181493759155,1.4647578001022339,0.011354556307196617,0.40272292494773865,1.4758442640304565,0.2513180673122406,0.6158379316329956,1.788366675376892,0.5771751403808594,0.418342262506485,1.7832268476486206,0.7623494267463684,0.6243320107460022,1.844346523284912,0.615443229675293,0.4139038920402527,1.8383400440216064,0.8058394193649292,0.5858787298202515,1.930328130722046,0.2908180058002472,0.4480973780155182,1.9174854755401611,0.4755955636501312,0.29525238275527954,0.6955321431159973,0.0,0.27292782068252563,0.6531739830970764,0.0007651035557501018,0.24877265095710754,0.6066101789474487,-0.006215965375304222,0.22881612181663513,0.5761359333992004,-0.014264530502259731,0.2148703932762146,0.54651939868927,-0.02336021699011326,0.2662806510925293,0.6250827312469482,-0.024737387895584106,0.24736766517162323,0.6177129745483398,-0.039444662630558014,0.23578140139579773,0.6122362017631531,-0.04575026035308838,0.22269433736801147,0.6023987531661987,-0.04982123151421547,0.27391234040260315,0.650992214679718,-0.03402535989880562,0.26125839352607727,0.6431208252906799,-0.04854642227292061,0.2491547018289566,0.6397416591644287,-0.05008465051651001,0.23722019791603088,0.6355428695678711,-0.05209939554333687,0.28407570719718933,0.6771957874298096,-0.04223460331559181,0.2771015167236328,0.670405387878418,-0.05975647270679474,0.26726439595222473,0.6670334339141846,-0.059698522090911865,0.2558821737766266,0.6610180139541626,-0.05908669903874397,0.2944681644439697,0.7020640969276428,-0.04985281825065613,0.3085956275463104,0.7066203355789185,-0.06548549234867096,0.3190480172634125,0.70768141746521,-0.0662434920668602,0.32363972067832947,0.7030952572822571,-0.06520777195692062
what,0.5217664241790771,0.2167719006538391,-0.9449416995048523,0.5455609560012817,0.17484253644943237,-0.9082298278808594,0.5592849254608154,0.17649902403354645,-0.9081518054008484,0.5727462768554688,0.17785054445266724,-0.9076722860336304,0.49666351079940796,0.16816431283950806,-0.9039000272750854,0.4784087538719177,0.16608542203903198,-0.9039510488510132,0.4622625708580017,0.16514307260513306,-0.9041390419006348,0.5919682383537292,0.2038031965494156,-0.6130070090293884,0.4352295994758606,0.19350695610046387,-0.5878980755805969,0.5474116802215576,0.28479135036468506,-0.8358877897262573,0.48734956979751587,0.2819852828979492,-0.8285547494888306,0.6847349405288696,0.520885705947876,-0.40171369910240173,0.31603682041168213,0.5124584436416626,-0.35001763701438904,0.7050894498825073,0.8882520198822021,-0.5617848634719849,0.29436036944389343,0.8753899335861206,-0.5411041378974915,0.7925422787666321,0.8023127913475037,-1.1628121137619019,0.2166806161403656,0.7373495101928711,-1.2320239543914795,0.8628717660903931,0.7729650139808655,-1.2637646198272705,0.17314749956130981,0.7169358730316162,-1.336573600769043,0.8774316906929016,0.7436257004737854,-1.288884162902832,0.17275196313858032,0.6496039628982544,-1.3622214794158936,0.8465844988822937,0.7462594509124756,-1.1892977952957153,0.1872173249721527,0.6589576601982117,-1.262263536453247,0.6026704907417297,1.050036907196045,-0.019241251051425934,0.39332300424575806,1.0478521585464478,0.022892791777849197,0.613914966583252,1.5318336486816406,0.2541753053665161,0.39265176653862,1.5484554767608643,0.33232933282852173,0.605993390083313,1.9075614213943481,1.005234956741333,0.38875988125801086,1.9048107862472534,0.9950739145278931,0.6086908578872681,1.976563572883606,1.0567741394042969,0.3823944330215454,1.965628743171692,1.048000693321228,0.5789214372634888,2.0499725341796875,0.670283317565918,0.4198265075683594,2.052246570587158,0.6195469498634338,0.7438085079193115,0.7772985100746155,0.0,0.7887001037597656,0.7132811546325684,0.016597310081124306,0.8443689346313477,0.6960010528564453,0.01679402031004429,0.8838775753974915,0.6882233619689941,0.009763786569237709,0.9165562987327576,0.6757645606994629,0.0019522850634530187,0.8745911121368408,0.7375048995018005,0.014093075878918171,0.9181327819824219,0.7383741140365601,-0.0015052560484036803,0.9439089298248291,0.7290679812431335,-0.013648469932377338,0.9671555757522583,0.7171785831451416,-0.021817483007907867,0.8688997626304626,0.7515081763267517,-0.00786658562719822,0.9156165719032288,0.7547788619995117,-0.025149798020720482,0.9437465667724609,0.7446784377098083,-0.03531487658619881,0.9706705808639526,0.7303740382194519,-0.043105922639369965,0.8541126251220703,0.7643252015113831,-0.031008899211883545,0.9011763334274292,0.7644754648208618,-0.04774443060159683,0.9308004975318909,0.752433717250824,-0.05340982601046562,0.9563649892807007,0.7401358485221863,-0.05785725265741348,0.8317483067512512,0.774894118309021,-0.05383685231208801,0.8669655919075012,0.7769504189491272,-0.06669764965772629,0.8913174271583557,0.7693092823028564,-0.07049508392810822,0.9124255180358887,0.7599595785140991,-0.07365664094686508
what,0.5284724235534668,0.21161150932312012,-1.060191035270691,0.5528662204742432,0.16964834928512573,-1.0192140340805054,0.5672301650047302,0.17131787538528442,-1.0192500352859497,0.5821021795272827,0.1730080246925354,-1.018820881843567,0.5034080743789673,0.1625850796699524,-1.0160772800445557,0.4839182496070862,0.15948772430419922,-1.0162986516952515,0.4667694568634033,0.15712881088256836,-1.016676425933838,0.6016891598701477,0.20173706114292145,-0.6953771114349365,0.4387606978416443,0.1839378923177719,-0.6743642687797546,0.5546929836273193,0.28228288888931274,-0.9393288493156433,0.49418529868125916,0.27852773666381836,-0.9337261319160461,0.6891879439353943,0.5165455341339111,-0.45628994703292847,0.3124227821826935,0.5157326459884644,-0.4105646014213562,0.7068248391151428,0.8973910808563232,-0.662791907787323,0.28408896923065186,0.9144232869148254,-0.636502742767334,0.805393397808075,0.7804020643234253,-1.3103487491607666,0.2259558141231537,0.7353763580322266,-1.3799254894256592,0.7982109189033508,0.7639691829681396,-1.4159729480743408,0.19532224535942078,0.7159265279769897,-1.490875244140625,0.8431496620178223,0.727146565914154,-1.433275818824768,0.17756864428520203,0.6364054083824158,-1.5064724683761597,0.8080951571464539,0.7409197092056274,-1.333686351776123,0.1968879997730255,0.6446387767791748,-1.405803918838501,0.6088129878044128,1.0530718564987183,-0.023135069757699966,0.3873203992843628,1.1058269739151,0.02659156359732151,0.6199671030044556,1.543172836303711,0.25615230202674866,0.3890274167060852,1.552195429801941,0.3126124143600464,0.610802948474884,1.9241998195648193,1.0292459726333618,0.3865285813808441,1.9116730690002441,0.9946919679641724,0.6130498051643372,1.9946869611740112,1.0819673538208008,0.37961897253990173,1.9736979007720947,1.0492117404937744,0.5819709897041321,2.070094347000122,0.6742978096008301,0.41719645261764526,2.0603606700897217,0.6076372861862183,0.7589417099952698,0.7701975107192993,0.0,0.8006407022476196,0.7138043642044067,0.013369180262088776,0.8545432686805725,0.6994931697845459,0.01046783197671175,0.8930660486221313,0.6929013133049011,0.0013242046115919948,0.9260072112083435,0.6803423166275024,-0.00931300688534975,0.8853831887245178,0.7379280924797058,-0.0011635106056928635,0.9320935010910034,0.7391678690910339,-0.021444572135806084,0.9598444700241089,0.7296446561813354,-0.03635947406291962,0.9822878241539001,0.7171460390090942,-0.046685121953487396,0.8784372806549072,0.7513656616210938,-0.023610476404428482,0.9289448261260986,0.756940484046936,-0.046300120651721954,0.9579706192016602,0.7442207336425781,-0.059377271682024,0.9840585589408875,0.725619912147522,-0.06972121447324753,0.8627061247825623,0.7651491165161133,-0.046678680926561356,0.9139430522918701,0.7700639367103577,-0.06840003281831741,0.9448617100715637,0.7567185163497925,-0.07759097218513489,0.9704720973968506,0.7410941123962402,-0.08489882200956345,0.8395216464996338,0.7760735750198364,-0.069113589823246,0.8762305974960327,0.7813067436218262,-0.0867249146103859,0.9002258777618408,0.7723857164382935,-0.09361133724451065,0.9199635982513428,0.7604044675827026,-0.09953263401985168
what,0.5223430395126343,0.21854466199874878,-1.026828646659851,0.5458235740661621,0.17753630876541138,-0.9884403347969055,0.5598350763320923,0.17951852083206177,-0.9881062507629395,0.5738740563392639,0.18117094039916992,-0.9874932169914246,0.49609512090682983,0.1688132882118225,-0.998884379863739,0.4766264855861664,0.1654120832681656,-0.9990633726119995,0.4602258801460266,0.16304749250411987,-0.9991771578788757,0.5929417610168457,0.20779401063919067,-0.706868588924408,0.43111056089401245,0.19039678573608398,-0.7512410283088684,0.5465052127838135,0.28984516859054565,-0.9220021963119507,0.48656338453292847,0.2861217260360718,-0.9346121549606323,0.6806002855300903,0.5197908878326416,-0.4858906865119934,0.30318039655685425,0.512123703956604,-0.5325046181678772,0.7100368738174438,0.9092977643013,-0.5644997358322144,0.24735009670257568,0.9641237854957581,-0.6675238609313965,0.7519575357437134,0.8177064657211304,-1.0850005149841309,0.2841154932975769,0.7967752814292908,-1.2527421712875366,0.7819727063179016,0.7907587885856628,-1.1709368228912354,0.2828494906425476,0.7718507647514343,-1.3379037380218506,0.797954797744751,0.7377147078514099,-1.1806844472885132,0.277901291847229,0.7071146368980408,-1.342482089996338,0.7808218002319336,0.7406132221221924,-1.1019726991653442,0.2873448431491852,0.7146865129470825,-1.2666385173797607,0.6025831699371338,1.0347704887390137,-0.0006127022788859904,0.39377713203430176,1.0349600315093994,0.00427644420415163,0.6173669695854187,1.5015150308609009,0.2071046382188797,0.39675918221473694,1.5206369161605835,0.1983965039253235,0.610686719417572,1.8556843996047974,0.9088927507400513,0.395439088344574,1.8549749851226807,0.7612183094024658,0.6141973733901978,1.9187229871749878,0.955059826374054,0.3883556127548218,1.9146504402160645,0.803960919380188,0.5874516367912292,2.003469944000244,0.6016492247581482,0.42482513189315796,1.9974942207336426,0.4045869708061218,0.3018329441547394,0.7969081997871399,0.0,0.30529069900512695,0.7463660836219788,0.0008975930977612734,0.30713585019111633,0.7144954800605774,-0.014860843308269978,0.31780803203582764,0.7131912112236023,-0.03761207312345505,0.33523887395858765,0.7117131948471069,-0.061716821044683456,0.25834566354751587,0.6424386501312256,-0.0226654764264822,0.23109650611877441,0.5786338448524475,-0.047910235822200775,0.22213448584079742,0.5474302172660828,-0.06261111795902252,0.21281921863555908,0.5220960378646851,-0.07196348160505295,0.24814379215240479,0.66948002576828,-0.04242247715592384,0.21171805262565613,0.6374639272689819,-0.06110915169119835,0.19540071487426758,0.6284624338150024,-0.06432651728391647,0.18187209963798523,0.626431405544281,-0.06730411946773529,0.25390005111694336,0.7145748138427734,-0.06362205743789673,0.22883707284927368,0.690674901008606,-0.08633425086736679,0.21528178453445435,0.6789560914039612,-0.09036717563867569,0.20215244591236115,0.6743851900100708,-0.09194808453321457,0.27005377411842346,0.7620928287506104,-0.08578476309776306,0.2858949899673462,0.7661937475204468,-0.10215786099433899,0.30658435821533203,0.7708723545074463,-0.10243671387434006,0.3223648965358734,0.7776150703430176,-0.10187419503927231
what,0.5283328294754028,0.21901017427444458,-0.9002035856246948,0.5523557066917419,0.17509311437606812,-0.8563849329948425,0.5650098323822021,0.17722445726394653,-0.8560396432876587,0.5777985453605652,0.17931705713272095,-0.8552616238594055,0.5020252466201782,0.16643661260604858,-0.8695117831230164,0.4815698266029358,0.16332030296325684,-0.8697243928909302,0.46454232931137085,0.1616598516702652,-0.8696500658988953,0.5930966138839722,0.20921140909194946,-0.575230598449707,0.4335915446281433,0.19334226846694946,-0.6327135562896729,0.5514706373214722,0.29204386472702026,-0.7959696054458618,0.48960861563682556,0.28688758611679077,-0.8125439882278442,0.6820053458213806,0.5244455337524414,-0.3823646306991577,0.3056774139404297,0.5185227394104004,-0.4283870756626129,0.709388017654419,0.9274200797080994,-0.4472976624965668,0.24785609543323517,0.9675789475440979,-0.5463074445724487,0.7420897483825684,0.8203428983688354,-0.9403017163276672,0.28885507583618164,0.7902796268463135,-1.124969482421875,0.7694326639175415,0.798680305480957,-1.0238862037658691,0.28221040964126587,0.7658479809761047,-1.2111949920654297,0.7797703742980957,0.7293084859848022,-1.0235754251480103,0.28121110796928406,0.6974812746047974,-1.2114331722259521,0.7636740207672119,0.7386029958724976,-0.9534724950790405,0.29478543996810913,0.71084064245224,-1.140049934387207,0.6034680604934692,1.047127366065979,-0.0049658422358334064,0.38889607787132263,1.0479581356048584,0.00896606594324112,0.6103131175041199,1.5230053663253784,0.20654579997062683,0.38955166935920715,1.538992166519165,0.2286231964826584,0.600755512714386,1.8834052085876465,0.8634928464889526,0.38621705770492554,1.8794877529144287,0.7542972564697266,0.6038927435874939,1.9471263885498047,0.9061713218688965,0.37990301847457886,1.9400596618652344,0.7948544025421143,0.572313666343689,2.032912254333496,0.5627898573875427,0.4139341711997986,2.023678779602051,0.4048832952976227,0.2996489703655243,0.7612209320068359,0.0,0.2866852879524231,0.6877751350402832,0.0013986033154651523,0.26244989037513733,0.6206235289573669,-0.012747684493660927,0.2418307363986969,0.5756707191467285,-0.03130587562918663,0.2234645038843155,0.5313286185264587,-0.053581465035676956,0.25638896226882935,0.6410720944404602,-0.04253409057855606,0.22950252890586853,0.6017632484436035,-0.07190167903900146,0.21586483716964722,0.5744050145149231,-0.08756955713033676,0.20274187624454498,0.5496649146080017,-0.09895648807287216,0.25801363587379456,0.6825960874557495,-0.06426741927862167,0.2209228277206421,0.6551474928855896,-0.09642535448074341,0.20311033725738525,0.6433898210525513,-0.10702049732208252,0.1894819438457489,0.6322487592697144,-0.11477180570363998,0.26916834712028503,0.727695107460022,-0.08483322709798813,0.24235577881336212,0.7100675106048584,-0.12139803916215897,0.23156261444091797,0.7035329937934875,-0.1284119188785553,0.2212563008069992,0.6928176879882812,-0.1312113106250763,0.28888800740242004,0.7715571522712708,-0.10452922433614731,0.29004350304603577,0.7808383703231812,-0.13720332086086273,0.3033389747142792,0.7854804992675781,-0.14239299297332764,0.31224146485328674,0.7814916372299194,-0.143349289894104
what,0.5207432508468628,0.22650235891342163,-0.842788815498352,0.5446087121963501,0.182511568069458,-0.8014683723449707,0.5573997497558594,0.18499864637851715,-0.8013416528701782,0.5707945823669434,0.18733137845993042,-0.8006967306137085,0.49355751276016235,0.1726180911064148,-0.8126312494277954,0.473177045583725,0.16899710893630981,-0.8126729726791382,0.4564210772514343,0.1671101450920105,-0.8127455711364746,0.5874958634376526,0.2158425897359848,-0.5265110731124878,0.42741745710372925,0.199897900223732,-0.5710090398788452,0.5451564788818359,0.3028836250305176,-0.7412441372871399,0.4848054051399231,0.29596424102783203,-0.7539920806884766,0.6745922565460205,0.5143646597862244,-0.3528525233268738,0.3064621686935425,0.5205470323562622,-0.35820162296295166,0.7209519743919373,0.895976185798645,-0.4392569661140442,0.24539391696453094,0.9613673686981201,-0.4788747727870941,0.7346422672271729,0.8002155423164368,-0.973377525806427,0.2992178201675415,0.8023909330368042,-1.0656013488769531,0.7787343859672546,0.7719265222549438,-1.0678296089172363,0.29235970973968506,0.778895378112793,-1.1565381288528442,0.773517370223999,0.7291479706764221,-1.0726152658462524,0.29539018869400024,0.720598578453064,-1.1651395559310913,0.7562791109085083,0.7387939095497131,-0.9885643124580383,0.30696648359298706,0.7311999797821045,-1.0834013223648071,0.6133350133895874,1.0371041297912598,-0.012090438976883888,0.39622318744659424,1.0455716848373413,0.015790751203894615,0.627794086933136,1.5053651332855225,0.2444421947002411,0.4075026512145996,1.5290921926498413,0.26553669571876526,0.6226243376731873,1.8684189319610596,0.9561179876327515,0.4088684022426605,1.8679239749908447,0.8419426083564758,0.625762939453125,1.9346749782562256,1.0050917863845825,0.4030154347419739,1.928773045539856,0.8879142999649048,0.5994949340820312,2.0146892070770264,0.6615067720413208,0.44024667143821716,2.0127761363983154,0.5015271902084351,0.2782118320465088,0.7678086757659912,0.0,0.25646570324897766,0.7022475600242615,-0.004581828135997057,0.2331346720457077,0.6398710012435913,-0.02252035029232502,0.2106495201587677,0.5930121541023254,-0.04391477629542351,0.19118264317512512,0.5491013526916504,-0.06677163392305374,0.2491907924413681,0.6826227307319641,-0.045044418424367905,0.23776903748512268,0.685745894908905,-0.07445822656154633,0.23417285084724426,0.6863467693328857,-0.08927205950021744,0.2267172485589981,0.6806990504264832,-0.09860079735517502,0.2612794041633606,0.7339169979095459,-0.06127111241221428,0.25365889072418213,0.7417001724243164,-0.09463715553283691,0.25787466764450073,0.7484787702560425,-0.10127345472574234,0.26125776767730713,0.752347469329834,-0.10505720227956772,0.27124521136283875,0.779008150100708,-0.07582921534776688,0.27793043851852417,0.7917532324790955,-0.10955002158880234,0.2876763343811035,0.7974398136138916,-0.10529191792011261,0.2928193509578705,0.7988040447235107,-0.09994640946388245,0.2813713252544403,0.8180806636810303,-0.0907251387834549,0.2995891571044922,0.8311777710914612,-0.11813544481992722,0.31844663619995117,0.8318345546722412,-0.11589612066745758,0.33219602704048157,0.8277645707130432,-0.11071448028087616
what,0.517312228679657,0.22250522673130035,-1.0319584608078003,0.5404906272888184,0.18036311864852905,-0.9907857775688171,0.5541818737983704,0.18154416978359222,-0.9905643463134766,0.5684736967086792,0.18273653090000153,-0.989996612071991,0.4915405213832855,0.17409920692443848,-0.9981526136398315,0.47195595502853394,0.17138290405273438,-0.9982145428657532,0.45540323853492737,0.1698310375213623,-0.9983814358711243,0.5873844623565674,0.21112608909606934,-0.6957255005836487,0.42578887939453125,0.20166736841201782,-0.7241471409797668,0.5425489544868469,0.2926771938800812,-0.9237740635871887,0.4828554093837738,0.290946900844574,-0.9317625164985657,0.6748880743980408,0.5190728902816772,-0.5023691058158875,0.3014974594116211,0.5184299945831299,-0.48681432008743286,0.71393221616745,0.9055262207984924,-0.6152551174163818,0.23715157806873322,0.9572460055351257,-0.6231789588928223,0.739057183265686,0.830255925655365,-1.1966063976287842,0.2906784415245056,0.7987695932388306,-1.2379119396209717,0.7624101638793945,0.8171045184135437,-1.300253987312317,0.29402950406074524,0.7790044546127319,-1.3334288597106934,0.7718427181243896,0.7496915459632874,-1.3151483535766602,0.29017066955566406,0.7072007656097412,-1.3411962985992432,0.7586840391159058,0.7536185383796692,-1.2151968479156494,0.2988491356372833,0.7168924808502197,-1.2535698413848877,0.6049076318740845,1.0371251106262207,-0.015713078901171684,0.3732658326625824,1.090933918952942,0.01927032694220543,0.6203957796096802,1.5033875703811646,0.2536574900150299,0.3932526707649231,1.5166089534759521,0.2586762011051178,0.6161134243011475,1.8641773462295532,1.0178890228271484,0.39710697531700134,1.8525493144989014,0.8761619329452515,0.62038654088974,1.9317501783370972,1.0694438219070435,0.3908860981464386,1.9132647514343262,0.9241064190864563,0.5924727916717529,2.01306414604187,0.6913466453552246,0.43012672662734985,2.002016544342041,0.5082680583000183,0.744080126285553,0.8655908107757568,0.0,0.7701656818389893,0.8144583106040955,-0.015235217288136482,0.7944312691688538,0.748939037322998,-0.03527303412556648,0.8096997737884521,0.7002034783363342,-0.05547923222184181,0.825147271156311,0.6739900708198547,-0.07656706124544144,0.7902127504348755,0.7854077816009521,-0.04304807260632515,0.8042982816696167,0.7615531086921692,-0.0697093978524208,0.8195310235023499,0.7366704344749451,-0.08757682144641876,0.8350597620010376,0.717945396900177,-0.09921982884407043,0.7649736404418945,0.800339937210083,-0.047175221145153046,0.7728410363197327,0.7875080704689026,-0.07655789703130722,0.7693836688995361,0.7763789296150208,-0.08726222068071365,0.7660337090492249,0.7615331411361694,-0.0934516116976738,0.739311933517456,0.8121396899223328,-0.05133306607604027,0.7351093888282776,0.8004881739616394,-0.07628120481967926,0.7264081239700317,0.7821828722953796,-0.07915091514587402,0.7185155153274536,0.7693606615066528,-0.07972074300050735,0.7149048447608948,0.8164153099060059,-0.05680394917726517,0.6988916397094727,0.7957870364189148,-0.0752519890666008,0.685060977935791,0.7721273303031921,-0.07892215251922607,0.6707764267921448,0.7521372437477112,-0.08026611804962158
what,0.4647747874259949,0.3227528929710388,-0.7408580183982849,0.48733940720558167,0.285220742225647,-0.7088757157325745,0.4983214735984802,0.2871822714805603,-0.7089488506317139,0.508865475654602,0.28919097781181335,-0.7085418105125427,0.4451347887516022,0.2775622606277466,-0.7074571251869202,0.42809492349624634,0.27418583631515503,-0.7074778079986572,0.41341274976730347,0.27204471826553345,-0.7076597809791565,0.5232834815979004,0.308838427066803,-0.4519383907318115,0.3904404640197754,0.28561240434646606,-0.4365609288215637,0.4820111393928528,0.374969482421875,-0.6431207060813904,0.42840951681137085,0.370930552482605,-0.639798104763031,0.6036843061447144,0.5660425424575806,-0.2746908962726593,0.28031790256500244,0.552384614944458,-0.21925918757915497,0.6268719434738159,0.9146381616592407,-0.44739192724227905,0.21987399458885193,0.9416141510009766,-0.41580408811569214,0.6793107986450195,0.8000303506851196,-1.0023597478866577,0.23597171902656555,0.7584713697433472,-1.070035457611084,0.7342629432678223,0.7847986221313477,-1.0905756950378418,0.21701698005199432,0.7385324239730835,-1.1637848615646362,0.7373901605606079,0.7468109130859375,-1.0904316902160645,0.2109745293855667,0.6782349944114685,-1.1643331050872803,0.7114992737770081,0.747002363204956,-1.015079379081726,0.221913143992424,0.6873821020126343,-1.0867143869400024,0.5418771505355835,1.0441843271255493,-0.027806755155324936,0.34394174814224243,1.0474222898483276,0.03144411742687225,0.5529130697250366,1.4671083688735962,0.11663291603326797,0.34242451190948486,1.4711133241653442,0.3400905430316925,0.5454784631729126,1.800390601158142,0.7546689510345459,0.34628576040267944,1.7837932109832764,0.9755178689956665,0.5509830713272095,1.860392451286316,0.798711895942688,0.3392002582550049,1.8353381156921387,1.030670166015625,0.5095570683479309,1.9335312843322754,0.446514755487442,0.3754754662513733,1.927823781967163,0.6640910506248474,0.6588659286499023,0.7537343502044678,0.0,0.6845219731330872,0.7263892292976379,-0.0034176483750343323,0.719048261642456,0.7178393602371216,-0.012851370498538017,0.7468132972717285,0.7152222394943237,-0.023000454530119896,0.7719147801399231,0.7082748413085938,-0.03457057476043701,0.728215754032135,0.748505711555481,-0.02895643189549446,0.7581806778907776,0.7586768865585327,-0.04828887805342674,0.7794221043586731,0.7609756588935852,-0.06047438085079193,0.7983537316322327,0.7599490284919739,-0.06915529817342758,0.7180341482162476,0.7614445686340332,-0.03820181265473366,0.7452740669250488,0.7733298540115356,-0.05986695736646652,0.7637513875961304,0.7713097333908081,-0.07021133601665497,0.7810767889022827,0.7675203084945679,-0.07806951552629471,0.7028260827064514,0.7745650410652161,-0.04696086421608925,0.7254449725151062,0.785991907119751,-0.06881710886955261,0.7415624260902405,0.7841001749038696,-0.07736347615718842,0.7578162550926208,0.7811274528503418,-0.08293922245502472,0.6832714080810547,0.7885584235191345,-0.05527403950691223,0.6956133246421814,0.7984423637390137,-0.074073925614357,0.7049683332443237,0.79830402135849,-0.08099562674760818,0.7159778475761414,0.7962961792945862,-0.08564990013837814
what,0.4712006449699402,0.314712792634964,-0.640162467956543,0.49346810579299927,0.2770835757255554,-0.6074135899543762,0.5047141313552856,0.27777326107025146,-0.6074594855308533,0.5147258043289185,0.2794033885002136,-0.6070060133934021,0.45080605149269104,0.2723761796951294,-0.6075523495674133,0.43444710969924927,0.27024751901626587,-0.6075592637062073,0.4199487566947937,0.2689898610115051,-0.6077551245689392,0.526287853717804,0.29910919070243835,-0.3685828745365143,0.3961188793182373,0.28572437167167664,-0.36031457781791687,0.4886407256126404,0.3652833104133606,-0.549340546131134,0.437542200088501,0.3631383776664734,-0.5479960441589355,0.60885089635849,0.5642955899238586,-0.22114667296409607,0.2838388979434967,0.548552930355072,-0.18556804955005646,0.6312576532363892,0.9149945974349976,-0.3770712614059448,0.22249694168567657,0.9511890411376953,-0.39776962995529175,0.6630825996398926,0.8050689697265625,-0.9030137062072754,0.2391200065612793,0.7583408355712891,-1.051012635231018,0.7145821452140808,0.7880182266235352,-0.9900625944137573,0.2268766611814499,0.7420287728309631,-1.1475237607955933,0.726799726486206,0.745109498500824,-0.9876874685287476,0.22398149967193604,0.6893646121025085,-1.149024486541748,0.6995882391929626,0.7442463040351868,-0.9148332476615906,0.2325926572084427,0.6943271160125732,-1.0694345235824585,0.5400986075401306,1.0599313974380493,-0.018295936286449432,0.3441629111766815,1.0505362749099731,0.02185833640396595,0.5422611236572266,1.470709204673767,0.10382770001888275,0.33699876070022583,1.47123384475708,0.27592018246650696,0.5327516198158264,1.8004199266433716,0.676818311214447,0.3369419574737549,1.783233642578125,0.8035734295845032,0.5382367372512817,1.858262538909912,0.7157980799674988,0.32916271686553955,1.8338227272033691,0.8491451144218445,0.4947916865348816,1.9312841892242432,0.392757385969162,0.363772988319397,1.9233753681182861,0.5120446085929871,0.6780521273612976,0.7621473073959351,0.0,0.7035868167877197,0.7293255925178528,-0.006006712559610605,0.7291100025177002,0.7154551148414612,-0.018730023875832558,0.7506122589111328,0.7044121623039246,-0.03209121152758598,0.7725363969802856,0.6941145062446594,-0.04669224098324776,0.7450453639030457,0.7544360756874084,-0.03653892129659653,0.7713137269020081,0.7566133737564087,-0.05969012528657913,0.7872304320335388,0.7530097961425781,-0.0747772678732872,0.8002776503562927,0.7470030188560486,-0.0850067287683487,0.7323442697525024,0.7647642493247986,-0.04593895375728607,0.7541620135307312,0.7747111320495605,-0.07159636914730072,0.7667884230613708,0.766533374786377,-0.08375375717878342,0.7779951095581055,0.7561519145965576,-0.09248952567577362,0.7152958512306213,0.7722634077072144,-0.05480495095252991,0.7326987385749817,0.7807028293609619,-0.08028724044561386,0.7442096471786499,0.7714527249336243,-0.08945188671350479,0.7544979453086853,0.7613742351531982,-0.09495218098163605,0.6954310536384583,0.7770764231681824,-0.06331615895032883,0.7039695382118225,0.786363959312439,-0.0841730460524559,0.7101930975914001,0.7841876745223999,-0.09105099737644196,0.7164245843887329,0.7796056270599365,-0.09555822610855103
what,0.4696853756904602,0.32390469312667847,-0.7758154273033142,0.4905495047569275,0.28312546014785767,-0.7436723113059998,0.5017153024673462,0.2847781181335449,-0.743575930595398,0.5117634534835815,0.2868098020553589,-0.7430790662765503,0.45230239629745483,0.27717578411102295,-0.7448095083236694,0.4341018795967102,0.2738468050956726,-0.7447533011436462,0.4185897707939148,0.2715712785720825,-0.7448148131370544,0.5261896848678589,0.30672556161880493,-0.47756847739219666,0.39229533076286316,0.2854738235473633,-0.47722965478897095,0.4853602945804596,0.37308865785598755,-0.6735159754753113,0.43399977684020996,0.366762638092041,-0.6742305159568787,0.6069015860557556,0.5590760111808777,-0.30010294914245605,0.27773216366767883,0.5577226281166077,-0.249118834733963,0.6597863435745239,0.9347985982894897,-0.4759162962436676,0.22591888904571533,0.9645522832870483,-0.47010841965675354,0.6622241139411926,0.7977066040039062,-1.0235859155654907,0.2522892951965332,0.7483415007591248,-1.1453933715820312,0.6906440258026123,0.7491191625595093,-1.121782898902893,0.24072358012199402,0.7094858288764954,-1.248265266418457,0.6942890882492065,0.6983354091644287,-1.103627324104309,0.23341989517211914,0.6519979238510132,-1.23880136013031,0.6781429052352905,0.7097300291061401,-1.0286672115325928,0.24587562680244446,0.6655811667442322,-1.158847451210022,0.5558238625526428,1.053254246711731,-0.023911230266094208,0.3556050956249237,1.1164132356643677,0.027456309646368027,0.5818736553192139,1.507784128189087,0.1565064787864685,0.3704594075679779,1.5292935371398926,0.30057185888290405,0.5843409299850464,1.8677537441253662,0.7526074647903442,0.3830973207950592,1.8668856620788574,0.8469456434249878,0.5910356044769287,1.9295436143875122,0.7923120260238647,0.3778609335422516,1.9218634366989136,0.8934367895126343,0.5565369129180908,2.0018844604492188,0.4381771683692932,0.4127345681190491,2.0033507347106934,0.5201491713523865,0.2651072144508362,0.7051812410354614,0.0,0.25511589646339417,0.6396154165267944,0.004861277528107166,0.2285899966955185,0.5846408009529114,-0.0034340296406298876,0.20849059522151947,0.5459088087081909,-0.01505560427904129,0.19419659674167633,0.5129230618476868,-0.027429917827248573,0.21446609497070312,0.6076009273529053,-0.024085786193609238,0.18187661468982697,0.5858497619628906,-0.04366626590490341,0.1631825566291809,0.5693351626396179,-0.05305789038538933,0.14306139945983887,0.5567108988761902,-0.05964745581150055,0.2221498191356659,0.6334323287010193,-0.040566664189100266,0.18142583966255188,0.6142140030860901,-0.06427870690822601,0.15347212553024292,0.5970165729522705,-0.07290235906839371,0.1268947720527649,0.5805602073669434,-0.07948824763298035,0.23805029690265656,0.6610264778137207,-0.05587666854262352,0.21318209171295166,0.6486082077026367,-0.08060591667890549,0.19564607739448547,0.6381548643112183,-0.08430752903223038,0.1753709465265274,0.6266420483589172,-0.08592601120471954,0.261618047952652,0.6877269744873047,-0.07045131921768188,0.26563555002212524,0.6895925998687744,-0.09201433509588242,0.27482160925865173,0.6903949975967407,-0.09446051716804504,0.27770957350730896,0.6858940124511719,-0.0944032147526741
what,0.4626995921134949,0.3202160596847534,-0.7877281308174133,0.48473984003067017,0.28321319818496704,-0.7574268579483032,0.4947778582572937,0.28503677248954773,-0.7572953104972839,0.5055930614471436,0.28729528188705444,-0.7567799687385559,0.441951185464859,0.27348387241363525,-0.7653439044952393,0.42503100633621216,0.26991987228393555,-0.7656335830688477,0.4108181595802307,0.2682288885116577,-0.7656528949737549,0.5204174518585205,0.30932724475860596,-0.5160332322120667,0.3876497447490692,0.28708940744400024,-0.5505528450012207,0.47917166352272034,0.37329190969467163,-0.6945697069168091,0.42823880910873413,0.3668968975543976,-0.7053326368331909,0.5961755514144897,0.5553404092788696,-0.31605657935142517,0.2838454842567444,0.5551306009292603,-0.3393080234527588,0.6620216965675354,0.9409779906272888,-0.447509229183197,0.2306823432445526,0.9740229845046997,-0.4881860613822937,0.6540542244911194,0.7613286972045898,-0.9236316680908203,0.2557326555252075,0.7375521063804626,-1.0295624732971191,0.6976062059402466,0.7038867473602295,-0.9976059198379517,0.24684421718120575,0.7069214582443237,-1.1015387773513794,0.6926071643829346,0.667851448059082,-0.9669245481491089,0.2427089512348175,0.6542932987213135,-1.087874174118042,0.6668821573257446,0.6824755072593689,-0.9199832677841187,0.2538662552833557,0.6668537855148315,-1.034138560295105,0.5438245534896851,1.0294700860977173,-0.0037493028212338686,0.350545734167099,1.0404560565948486,0.006592926569283009,0.5620495080947876,1.4354710578918457,0.17592327296733856,0.3654072880744934,1.4541754722595215,0.3079163730144501,0.5615024566650391,1.7507929801940918,0.7617728114128113,0.37001776695251465,1.751461148262024,0.882159411907196,0.5649511218070984,1.8087267875671387,0.8036163449287415,0.36280685663223267,1.806494951248169,0.9333971738815308,0.5401890277862549,1.883337378501892,0.5127397775650024,0.3991870880126953,1.8797454833984375,0.6167445778846741,0.2616262435913086,0.6774294376373291,0.0,0.2479110211133957,0.626708984375,0.0019177822396159172,0.22104647755622864,0.5807152390480042,-0.010000869631767273,0.2007032185792923,0.5479385256767273,-0.02373846434056759,0.18732915818691254,0.5156738758087158,-0.03883156180381775,0.21760378777980804,0.5958197116851807,-0.037927452474832535,0.19052478671073914,0.5675227642059326,-0.06267017126083374,0.17440150678157806,0.542718231678009,-0.07680914551019669,0.15803472697734833,0.5235401391983032,-0.08715096116065979,0.22417083382606506,0.6189249157905579,-0.05351569503545761,0.18598055839538574,0.5950344800949097,-0.08284992724657059,0.1585036665201187,0.5738627314567566,-0.09612000733613968,0.13330858945846558,0.5569544434547424,-0.1064356341958046,0.2379022091627121,0.6448686122894287,-0.06736023724079132,0.21173055469989777,0.627476155757904,-0.09794606268405914,0.19511978328227997,0.6219954490661621,-0.10644391179084778,0.17773665487766266,0.6189411878585815,-0.11092713475227356,0.25774216651916504,0.6693640351295471,-0.07996239513158798,0.26521018147468567,0.661505401134491,-0.10626377910375595,0.27874091267585754,0.6534138917922974,-0.11262291669845581,0.28419071435928345,0.6447988152503967,-0.11560945212841034
what,0.4623103141784668,0.3186013400554657,-0.7888804078102112,0.4833858609199524,0.2826073467731476,-0.7535355687141418,0.49320894479751587,0.28439807891845703,-0.7533997297286987,0.5048601627349854,0.2863348126411438,-0.7528382539749146,0.44199705123901367,0.27430152893066406,-0.7603306174278259,0.4247768521308899,0.2712777256965637,-0.7604069113731384,0.40995416045188904,0.2696596384048462,-0.7605174779891968,0.5197713971138,0.3075459599494934,-0.493996798992157,0.3849143385887146,0.28600358963012695,-0.5227665305137634,0.47989851236343384,0.3717818856239319,-0.6914228200912476,0.4274223744869232,0.3674972653388977,-0.7008431553840637,0.5985583066940308,0.5515385866165161,-0.3103243112564087,0.2777947187423706,0.5578271150588989,-0.31630876660346985,0.6660609245300293,0.9291749596595764,-0.5158125758171082,0.23303648829460144,0.9605908989906311,-0.5231664776802063,0.662580668926239,0.7432305812835693,-1.0577912330627441,0.2572326362133026,0.7416623830795288,-1.1039619445800781,0.7039557695388794,0.6936624646186829,-1.1395976543426514,0.24875226616859436,0.710843026638031,-1.180898666381836,0.6982008218765259,0.6539157629013062,-1.1007695198059082,0.24194660782814026,0.6545902490615845,-1.1607131958007812,0.6766862869262695,0.6686162948608398,-1.0527392625808716,0.2510656714439392,0.6647435426712036,-1.106810212135315,0.5543162226676941,1.0176634788513184,-0.019456297159194946,0.3637249767780304,1.0303086042404175,0.022718533873558044,0.5873951315879822,1.4277629852294922,0.06255365908145905,0.39069849252700806,1.4509366750717163,0.27449771761894226,0.5973477363586426,1.7442387342453003,0.6777311563491821,0.40919047594070435,1.7470009326934814,0.885114312171936,0.6035985946655273,1.8010014295578003,0.7196452021598816,0.40303462743759155,1.7999763488769531,0.9375638961791992,0.5772097110748291,1.877192735671997,0.3940938413143158,0.4436339735984802,1.876983642578125,0.5941688418388367,0.26701945066452026,0.6886228919029236,0.0,0.2519964873790741,0.6351143717765808,0.004243950825184584,0.22633658349514008,0.5882295370101929,-0.007896429859101772,0.20661191642284393,0.5561835169792175,-0.022662760689854622,0.19252565503120422,0.5308046936988831,-0.038384322077035904,0.21998001635074615,0.604243814945221,-0.03683771193027496,0.1929822564125061,0.5765446424484253,-0.062447670847177505,0.17725300788879395,0.5504862070083618,-0.07752368599176407,0.1613083928823471,0.5301359295845032,-0.08841586112976074,0.2296524941921234,0.6251603960990906,-0.0544886477291584,0.19363072514533997,0.6024718880653381,-0.08454181253910065,0.16874608397483826,0.5812541842460632,-0.09812645614147186,0.14563283324241638,0.5630642175674438,-0.10869914293289185,0.24555319547653198,0.6494970321655273,-0.07019957154989243,0.2222418338060379,0.6317378282546997,-0.09960895776748657,0.20790505409240723,0.6206770539283752,-0.10734844207763672,0.19288823008537292,0.6103599667549133,-0.11210976541042328,0.2670668959617615,0.6734837889671326,-0.08465283364057541,0.271867960691452,0.6627461910247803,-0.10914097726345062,0.2851894199848175,0.6495166420936584,-0.11460993438959122,0.2920185327529907,0.6357250213623047,-0.11769844591617584
what,0.466604083776474,0.30092257261276245,-1.0142974853515625,0.4914936423301697,0.256750226020813,-0.9798022508621216,0.5036448240280151,0.2572150230407715,-0.9797607660293579,0.5148568153381348,0.2580830454826355,-0.9793821573257446,0.4454457759857178,0.25199323892593384,-0.9774738550186157,0.42883577942848206,0.24970394372940063,-0.9776400327682495,0.4148806929588318,0.24850143492221832,-0.9777241945266724,0.5330846905708313,0.2764953374862671,-0.6892791986465454,0.3934439718723297,0.26339834928512573,-0.6705712676048279,0.48769959807395935,0.3561232388019562,-0.9025106430053711,0.4351791739463806,0.35054466128349304,-0.8981986045837402,0.6180441379547119,0.5283557772636414,-0.4640505313873291,0.2926229238510132,0.5405742526054382,-0.3914420008659363,0.6951396465301514,0.9459273219108582,-0.6559808254241943,0.23308520019054413,0.9525831341743469,-0.5870532393455505,0.6680247187614441,0.7734071612358093,-1.180957317352295,0.28675147891044617,0.7226171493530273,-1.2207080125808716,0.6814047694206238,0.7317560911178589,-1.270104169845581,0.29221075773239136,0.6802679896354675,-1.308329701423645,0.6806582808494568,0.6724853515625,-1.2436107397079468,0.28926724195480347,0.6114857196807861,-1.2906171083450317,0.6612024307250977,0.6886919736862183,-1.1771098375320435,0.2925100326538086,0.6455391645431519,-1.2260695695877075,0.5578306317329407,1.0272507667541504,-0.026147210970520973,0.3566141426563263,1.033639669418335,0.029261866584420204,0.5656591653823853,1.4621975421905518,0.2213054597377777,0.3533598780632019,1.4655460119247437,0.3222196698188782,0.5593651533126831,1.783083438873291,1.015658974647522,0.36371031403541565,1.7723941802978516,0.9966768026351929,0.5627295970916748,1.8444265127182007,1.0759626626968384,0.35838478803634644,1.8272655010223389,1.0555574893951416,0.5336513519287109,1.9208984375,0.7266419529914856,0.3949826657772064,1.920243740081787,0.6784378886222839,0.2881713807582855,0.6918233633041382,0.0,0.26995721459388733,0.6319400668144226,0.0033584439661353827,0.24570994079113007,0.5818499326705933,-0.00959288515150547,0.2232934534549713,0.5497974157333374,-0.026627128943800926,0.20520509779453278,0.5148534774780273,-0.04413512721657753,0.25336650013923645,0.6048645973205566,-0.03304498270153999,0.2268957942724228,0.585120677947998,-0.053728993982076645,0.21211284399032593,0.5715219974517822,-0.060895588248968124,0.1984717845916748,0.5594383478164673,-0.0653698593378067,0.2615565359592438,0.6435235738754272,-0.04989824444055557,0.24182985723018646,0.6363134384155273,-0.073485367000103,0.2392449527978897,0.6411526203155518,-0.07307936251163483,0.24039258062839508,0.6458770632743835,-0.0712064579129219,0.27381348609924316,0.6800679564476013,-0.06486047059297562,0.28813937306404114,0.6720753908157349,-0.08678517490625381,0.30221331119537354,0.6783580183982849,-0.0777740478515625,0.31195545196533203,0.6821049451828003,-0.06937042623758316,0.2901748716831207,0.7088110446929932,-0.08029430359601974,0.3191660940647125,0.7044544219970703,-0.09702107310295105,0.3427819609642029,0.6991376876831055,-0.09176445007324219,0.36099931597709656,0.6902941465377808,-0.08493468910455704
what,0.5068047046661377,0.22680068016052246,-1.3700233697891235,0.5322849750518799,0.18010669946670532,-1.33189857006073,0.5469955801963806,0.18061763048171997,-1.3315765857696533,0.5620141625404358,0.18126791715621948,-1.3309707641601562,0.48101577162742615,0.17333997786045074,-1.3290990591049194,0.45906633138656616,0.17005838453769684,-1.3294403553009033,0.4413989186286926,0.16792303323745728,-1.3294950723648071,0.5863307118415833,0.20219837129116058,-0.9746153950691223,0.41330426931381226,0.1850791573524475,-0.9602543711662292,0.5296068787574768,0.2906843423843384,-1.230829119682312,0.4674147665500641,0.28974029421806335,-1.2272582054138184,0.6725581884384155,0.4833837151527405,-0.6861966252326965,0.2961571216583252,0.4980100989341736,-0.6175118684768677,0.7463476061820984,0.9542421698570251,-0.9009112119674683,0.23572087287902832,0.9787397980690002,-0.7949456572532654,0.7314267158508301,0.7977635860443115,-1.62763249874115,0.2958955764770508,0.7491773962974548,-1.5137277841567993,0.735257625579834,0.7714579701423645,-1.7633554935455322,0.29383301734924316,0.7213717103004456,-1.6242244243621826,0.739041268825531,0.7078005075454712,-1.7601855993270874,0.2930297255516052,0.6667194962501526,-1.6132843494415283,0.7294316291809082,0.7105411291122437,-1.639543890953064,0.3031974136829376,0.679511308670044,-1.5211122035980225,0.6027923226356506,1.0459294319152832,-0.033412136137485504,0.3855242133140564,1.0545399188995361,0.03704661875963211,0.6316649913787842,1.5534136295318604,0.2666683495044708,0.39168408513069153,1.566660761833191,0.401790052652359,0.6292121410369873,1.918093204498291,1.2027602195739746,0.39861083030700684,1.9133895635604858,1.238330602645874,0.6366044282913208,1.9879074096679688,1.2714323997497559,0.3902527093887329,1.979377269744873,1.3122056722640991,0.5942084193229675,2.0875120162963867,0.8457837104797363,0.4383898675441742,2.081652879714966,0.8510376214981079,0.3097614645957947,0.6829066276550293,0.0,0.28647780418395996,0.6175744533538818,-0.0018054908141493797,0.2511548101902008,0.5586304068565369,-0.013269874267280102,0.22244590520858765,0.5162604451179504,-0.027875354513525963,0.20159319043159485,0.4721719026565552,-0.043461788445711136,0.24726320803165436,0.5989137887954712,-0.029200196266174316,0.21114526689052582,0.583277702331543,-0.05099037289619446,0.18850746750831604,0.5690299272537231,-0.060814011842012405,0.1700563281774521,0.5582102537155151,-0.06709807366132736,0.2547617256641388,0.6388768553733826,-0.04337243363261223,0.22375939786434174,0.6283157467842102,-0.06648534536361694,0.20254509150981903,0.6180571913719177,-0.07016772031784058,0.18642620742321014,0.6121346950531006,-0.07270431518554688,0.2688865661621094,0.677486777305603,-0.05712423473596573,0.25995561480522156,0.6806211471557617,-0.0813412070274353,0.2626383304595947,0.6843457818031311,-0.0769578292965889,0.2652145028114319,0.6853764057159424,-0.07193545997142792,0.2891196608543396,0.713003933429718,-0.07173498719930649,0.2962489724159241,0.7273070812225342,-0.09325163811445236,0.31030237674713135,0.7294982671737671,-0.09167660772800446,0.3227171003818512,0.7260566353797913,-0.08713127672672272
what,0.531379222869873,0.17736321687698364,-1.1102205514907837,0.5544275641441345,0.12527024745941162,-1.0618114471435547,0.5701757073402405,0.12602239847183228,-1.061875820159912,0.5858798623085022,0.12766432762145996,-1.0614173412322998,0.5039031505584717,0.12542283535003662,-1.0694377422332764,0.4841312766075134,0.1262040138244629,-1.0696367025375366,0.4654894471168518,0.1275038719177246,-1.0700454711914062,0.6058446764945984,0.16382312774658203,-0.7064729928970337,0.43197959661483765,0.16549354791641235,-0.7374496459960938,0.5650428533554077,0.25563663244247437,-0.9780682325363159,0.5009893178939819,0.25673288106918335,-0.9872228503227234,0.7060267925262451,0.5108633637428284,-0.48902565240859985,0.30967316031455994,0.5133141279220581,-0.4770713746547699,0.71648770570755,0.916980504989624,-0.6264811158180237,0.2698991894721985,0.9194872379302979,-0.7061383724212646,0.7270472049713135,0.8690198659896851,-1.3234506845474243,0.21852388978004456,0.8761566877365112,-1.5777246952056885,0.770368218421936,0.8853014707565308,-1.4683619737625122,0.17282211780548096,0.8732048869132996,-1.729658842086792,0.7795267105102539,0.8348666429519653,-1.5144646167755127,0.1742958426475525,0.8069460391998291,-1.7846367359161377,0.752150297164917,0.8278864622116089,-1.3603686094284058,0.19889798760414124,0.8024498224258423,-1.62478506565094,0.6356359720230103,1.1505992412567139,-0.01913612335920334,0.37252992391586304,1.1543943881988525,0.023349763825535774,0.6370431184768677,1.60586678981781,0.29149073362350464,0.37922513484954834,1.6207133531570435,0.36367687582969666,0.6265946626663208,2.017406463623047,1.1292343139648438,0.3789494037628174,2.009892463684082,1.114914059638977,0.6312439441680908,2.0919651985168457,1.1859629154205322,0.3734681308269501,2.0807459354400635,1.1748849153518677,0.589552104473114,2.181643486022949,0.7501954436302185,0.41339224576950073,2.1687796115875244,0.6997535228729248,0.3082330822944641,0.795039176940918,0.0,0.261111855506897,0.7533296346664429,0.002074184361845255,0.20890071988105774,0.740135908126831,-0.010854166001081467,0.1684003323316574,0.7299283146858215,-0.027865130454301834,0.13396191596984863,0.7116125226020813,-0.04659685865044594,0.1850382536649704,0.7841557860374451,-0.03620605543255806,0.13633756339550018,0.7962037324905396,-0.06463423371315002,0.10913517326116562,0.7982916831970215,-0.08039160817861557,0.08574237674474716,0.7989829778671265,-0.0910961925983429,0.20200754702091217,0.8052510023117065,-0.05568288266658783,0.16111651062965393,0.829023003578186,-0.08742737025022507,0.1352539211511612,0.8275761604309082,-0.09976942092180252,0.11329207569360733,0.8223035335540771,-0.10869297385215759,0.22798489034175873,0.8241815567016602,-0.07438409328460693,0.19616232812404633,0.8505463004112244,-0.10549019277095795,0.17636163532733917,0.8487573862075806,-0.11344944685697556,0.1580038070678711,0.8420766592025757,-0.11851056665182114,0.26019662618637085,0.8391821384429932,-0.09259828925132751,0.24431340396404266,0.8664812445640564,-0.11944722384214401,0.23154422640800476,0.8691860437393188,-0.12667310237884521,0.21934907138347626,0.8675572872161865,-0.13081330060958862
what,0.5271658301353455,0.18123656511306763,-0.9913166761398315,0.5517734289169312,0.1291852593421936,-0.9494847059249878,0.568057119846344,0.13043087720870972,-0.9495750665664673,0.5841120481491089,0.13211774826049805,-0.9491264224052429,0.49903741478919983,0.12624043226242065,-0.9527076482772827,0.4785988926887512,0.12587231397628784,-0.9528778791427612,0.4598463177680969,0.1264033317565918,-0.9531341791152954,0.606347918510437,0.16383422911167145,-0.6239067912101746,0.4296192526817322,0.16388994455337524,-0.6362152695655823,0.5608475208282471,0.26234906911849976,-0.8693817257881165,0.49425753951072693,0.26102012395858765,-0.8725093007087708,0.7075865864753723,0.510344386100769,-0.42229098081588745,0.3077901601791382,0.5082806348800659,-0.37209194898605347,0.7173982262611389,0.9055823683738708,-0.5434022545814514,0.2779705226421356,0.9222599864006042,-0.5345366597175598,0.7616148591041565,0.8530047535896301,-1.2453334331512451,0.22226807475090027,0.8114133477210999,-1.3383359909057617,0.8118494153022766,0.8633151650428772,-1.3864933252334595,0.17139789462089539,0.8003498911857605,-1.4812202453613281,0.8334074020385742,0.81414395570755,-1.439045786857605,0.16247031092643738,0.7240558862686157,-1.5310183763504028,0.8022222518920898,0.8026965856552124,-1.2852835655212402,0.18853309750556946,0.7314042448997498,-1.381845474243164,0.6271700859069824,1.1461108922958374,-0.01480881404131651,0.3722660541534424,1.14714515209198,0.01820858009159565,0.6244494915008545,1.5983325242996216,0.31367331743240356,0.3761961758136749,1.6126682758331299,0.3684500455856323,0.6166871786117554,2.0038130283355713,1.1663613319396973,0.3774165213108063,1.9972487688064575,1.1058542728424072,0.6207395195960999,2.076263427734375,1.228548526763916,0.372304230928421,2.0639941692352295,1.1666895151138306,0.5844812989234924,2.1646463871002197,0.8363126516342163,0.4168016314506531,2.156083106994629,0.7194177508354187,0.7320746779441833,0.7948246002197266,0.0,0.7787163257598877,0.7672363519668579,-0.001680120942182839,0.8312528133392334,0.7714823484420776,-0.015265279449522495,0.8720776438713074,0.7833997011184692,-0.03092886134982109,0.9084169864654541,0.7874879837036133,-0.0487719289958477,0.8367998600006104,0.8035967350006104,-0.038117580115795135,0.8778153657913208,0.8315005898475647,-0.06784883141517639,0.9084113240242004,0.8433510661125183,-0.08723307400941849,0.9354778528213501,0.8493539690971375,-0.10048279166221619,0.821432888507843,0.8177146315574646,-0.05360123887658119,0.8647646307945251,0.847740113735199,-0.08621606975793839,0.8972415924072266,0.8577532172203064,-0.10302531719207764,0.9274701476097107,0.8629381656646729,-0.11557483673095703,0.7978529930114746,0.8323337435722351,-0.06848985701799393,0.8356127142906189,0.8574309945106506,-0.10021422058343887,0.8609467148780823,0.8662739396095276,-0.1125333160161972,0.8850287199020386,0.8709478974342346,-0.12030534446239471,0.7674978375434875,0.8478571772575378,-0.08255834877490997,0.7903780937194824,0.8652740716934204,-0.10978709161281586,0.8082072138786316,0.8700616359710693,-0.11952394247055054,0.825363039970398,0.8716858625411987,-0.12565049529075623
