class,x1,y1,z1,x2,y2,z2,x3,y3,z3,x4,y4,z4,x5,y5,z5,x6,y6,z6,x7,y7,z7,x8,y8,z8,x9,y9,z9,x10,y10,z10,x11,y11,z11,x12,y12,z12,x13,y13,z13,x14,y14,z14,x15,y15,z15,x16,y16,z16,x17,y17,z17,x18,y18,z18,x19,y19,z19,x20,y20,z20,x21,y21,z21,x22,y22,z22,x23,y23,z23,x24,y24,z24,x25,y25,z25,x26,y26,z26,x27,y27,z27,x28,y28,z28,x29,y29,z29,x30,y30,z30,x31,y31,z31,x32,y32,z32,x33,y33,z33,x34,y34,z34,x35,y35,z35,x36,y36,z36,x37,y37,z37,x38,y38,z38,x39,y39,z39,x40,y40,z40,x41,y41,z41,x42,y42,z42,x43,y43,z43,x44,y44,z44,x45,y45,z45,x46,y46,z46,x47,y47,z47,x48,y48,z48,x49,y49,z49,x50,y50,z50,x51,y51,z51,x52,y52,z52,x53,y53,z53,x54,y54,z54,x55,y55,z55,x56,y56,z56,x57,y57,z57,x58,y58,z58,x59,y59,z59,x60,y60,z60,x61,y61,z61,x62,y62,z62,x63,y63,z63,x64,y64,z64,x65,y65,z65,x66,y66,z66,x67,y67,z67,x68,y68,z68,x69,y69,z69,x70,y70,z70,x71,y71,z71,x72,y72,z72,x73,y73,z73,x74,y74,z74,x75,y75,z75
who,0.0,0.0,0.0,0.0,0.0,0.0,0.0,0.0,0.0,0.0,0.0,0.0,0.0,0.0,0.0,0.0,0.0,0.0,0.0,0.0,0.0,0.0,0.0,0.0,0.0,0.0,0.0,0.0,0.0,0.0,0.0,0.0,0.0,0.0,0.0,0.0,0.0,0.0,0.0,0.0,0.0,0.0,0.0,0.0,0.0,0.0,0.0,0.0,0.0,0.0,0.0,0.0,0.0,0.0,0.0,0.0,0.0,0.0,0.0,0.0,0.0,0.0,0.0,0.0,0.0,0.0,0.0,0.0,0.0,0.0,0.0,0.0,0.0,0.0,0.0,0.0,0.0,0.0,0.0,0.0,0.0,0.0,0.0,0.0,0.0,0.0,0.0,0.0,0.0,0.0,0.0,0.0,0.0,0.0,0.0,0.0,0.0,0.0,0.0,0.0,0.0,0.0,0.0,0.0,0.0,0.0,0.0,0.0,0.0,0.0,0.0,0.0,0.0,0.0,0.0,0.0,0.0,0.0,0.0,0.0,0.0,0.0,0.0,0.0,0.0,0.0,0.0,0.0,0.0,0.0,0.0,0.0,0.0,0.0,0.0,0.0,0.0,0.0,0.0,0.0,0.0,0.0,0.0,0.0,0.0,0.0,0.0,0.0,0.0,0.0,0.0,0.0,0.0,0.0,0.0,0.0,0.0,0.0,0.0,0.0,0.0,0.0,0.0,0.0,0.0,0.0,0.0,0.0,0.0,0.0,0.0,0.0,0.0,0.0,0.0,0.0,0.0,0.0,0.0,0.0,0.0,0.0,0.0,0.0,0.0,0.0,0.0,0.0,0.0,0.0,0.0,0.0,0.0,0.0,0.0,0.0,0.0,0.0,0.0,0.0,0.0,0.0,0.0,0.0,0.0,0.0,0.0,0.0,0.0,0.0,0.0,0.0,0.0,0.0,0.0,0.0,0.0,0.0,0.0,0.0,0.0,0.0,0.0,0.0,0.0
who,0.0,0.0,0.0,0.0,0.0,0.0,0.0,0.0,0.0,0.0,0.0,0.0,0.0,0.0,0.0,0.0,0.0,0.0,0.0,0.0,0.0,0.0,0.0,0.0,0.0,0.0,0.0,0.0,0.0,0.0,0.0,0.0,0.0,0.0,0.0,0.0,0.0,0.0,0.0,0.0,0.0,0.0,0.0,0.0,0.0,0.0,0.0,0.0,0.0,0.0,0.0,0.0,0.0,0.0,0.0,0.0,0.0,0.0,0.0,0.0,0.0,0.0,0.0,0.0,0.0,0.0,0.0,0.0,0.0,0.0,0.0,0.0,0.0,0.0,0.0,0.0,0.0,0.0,0.0,0.0,0.0,0.0,0.0,0.0,0.0,0.0,0.0,0.0,0.0,0.0,0.0,0.0,0.0,0.0,0.0,0.0,0.0,0.0,0.0,0.0,0.0,0.0,0.0,0.0,0.0,0.0,0.0,0.0,0.0,0.0,0.0,0.0,0.0,0.0,0.0,0.0,0.0,0.0,0.0,0.0,0.0,0.0,0.0,0.0,0.0,0.0,0.0,0.0,0.0,0.0,0.0,0.0,0.0,0.0,0.0,0.0,0.0,0.0,0.0,0.0,0.0,0.0,0.0,0.0,0.0,0.0,0.0,0.0,0.0,0.0,0.0,0.0,0.0,0.0,0.0,0.0,0.0,0.0,0.0,0.0,0.0,0.0,0.0,0.0,0.0,0.0,0.0,0.0,0.0,0.0,0.0,0.0,0.0,0.0,0.0,0.0,0.0,0.0,0.0,0.0,0.0,0.0,0.0,0.0,0.0,0.0,0.0,0.0,0.0,0.0,0.0,0.0,0.0,0.0,0.0,0.0,0.0,0.0,0.0,0.0,0.0,0.0,0.0,0.0,0.0,0.0,0.0,0.0,0.0,0.0,0.0,0.0,0.0,0.0,0.0,0.0,0.0,0.0,0.0,0.0,0.0,0.0,0.0,0.0,0.0
who,0.6808472871780396,0.2807243764400482,-0.13529548048973083,0.6821451187133789,0.2495003044605255,-0.1562049835920334,0.680184006690979,0.24465474486351013,-0.1564359962940216,0.6781953573226929,0.23984098434448242,-0.1567573994398117,0.6820991039276123,0.2620876133441925,-0.18189093470573425,0.6795018911361694,0.2651507556438446,-0.18200072646141052,0.6769716739654541,0.268303245306015,-0.1822451949119568,0.6484454870223999,0.22980350255966187,-0.18996049463748932,0.6477422714233398,0.27371686697006226,-0.30321356654167175,0.6589603424072266,0.2895411550998688,-0.13307353854179382,0.6584593057632446,0.30119240283966064,-0.16634009778499603,0.5512862801551819,0.2252100557088852,-0.0859585553407669,0.5630747079849243,0.39348551630973816,-0.3296528160572052,0.5064179301261902,0.2928195595741272,0.16205443441867828,0.43474918603897095,0.5481836199760437,-0.23473858833312988,0.570181131362915,0.31662610173225403,0.3681604564189911,0.40726765990257263,0.649703860282898,-0.12011829763650894,0.5826964378356934,0.29765284061431885,0.3947938084602356,0.39620673656463623,0.6751437783241272,-0.15043224394321442,0.5947638154029846,0.3080260455608368,0.36867958307266235,0.4109499454498291,0.6653581261634827,-0.15298879146575928,0.5880785584449768,0.32528117299079895,0.36506009101867676,0.41362762451171875,0.6548975110054016,-0.12058983743190765,0.3178241550922394,0.44353580474853516,0.0821363776922226,0.32241615653038025,0.5382019877433777,-0.08239550143480301,0.2967936098575592,0.6406365036964417,0.36451777815818787,0.3270455598831177,0.7512224912643433,0.22288937866687775,0.2906728982925415,0.7993060946464539,0.7023020386695862,0.3064914047718048,0.8319012522697449,0.5938165783882141,0.27861952781677246,0.8197457194328308,0.7396506071090698,0.29408231377601624,0.8400475382804871,0.6357037425041199,0.3293495774269104,0.8480940461158752,0.7616539001464844,0.3412991762161255,0.8621347546577454,0.6707285642623901,0.0,0.0,0.0,0.0,0.0,0.0,0.0,0.0,0.0,0.0,0.0,0.0,0.0,0.0,0.0,0.0,0.0,0.0,0.0,0.0,0.0,0.0,0.0,0.0,0.0,0.0,0.0,0.0,0.0,0.0,0.0,0.0,0.0,0.0,0.0,0.0,0.0,0.0,0.0,0.0,0.0,0.0,0.0,0.0,0.0,0.0,0.0,0.0,0.0,0.0,0.0,0.0,0.0,0.0,0.0,0.0,0.0,0.0,0.0,0.0,0.0,0.0,0.0,0.0,0.0,0.0,0.0,0.0,0.0,0.0,0.0,0.0,0.0,0.0,0.0,0.0,0.0,0.0,0.0,0.0,0.0,0.0,0.0,0.0,0.0,0.0,0.0,0.0,0.0,0.0,0.0,0.0,0.0,0.0,0.0,0.0,0.0,0.0,0.0,0.0,0.0,0.0,0.0,0.0,0.0,0.0,0.0,0.0,0.0,0.0,0.0,0.0,0.0,0.0,0.0,0.0,0.0,0.0,0.0,0.0,0.0,0.0,0.0,0.0,0.0,0.0
who,0.0,0.0,0.0,0.0,0.0,0.0,0.0,0.0,0.0,0.0,0.0,0.0,0.0,0.0,0.0,0.0,0.0,0.0,0.0,0.0,0.0,0.0,0.0,0.0,0.0,0.0,0.0,0.0,0.0,0.0,0.0,0.0,0.0,0.0,0.0,0.0,0.0,0.0,0.0,0.0,0.0,0.0,0.0,0.0,0.0,0.0,0.0,0.0,0.0,0.0,0.0,0.0,0.0,0.0,0.0,0.0,0.0,0.0,0.0,0.0,0.0,0.0,0.0,0.0,0.0,0.0,0.0,0.0,0.0,0.0,0.0,0.0,0.0,0.0,0.0,0.0,0.0,0.0,0.0,0.0,0.0,0.0,0.0,0.0,0.0,0.0,0.0,0.0,0.0,0.0,0.0,0.0,0.0,0.0,0.0,0.0,0.0,0.0,0.0,0.0,0.0,0.0,0.0,0.0,0.0,0.0,0.0,0.0,0.0,0.0,0.0,0.0,0.0,0.0,0.0,0.0,0.0,0.0,0.0,0.0,0.0,0.0,0.0,0.0,0.0,0.0,0.0,0.0,0.0,0.0,0.0,0.0,0.0,0.0,0.0,0.0,0.0,0.0,0.0,0.0,0.0,0.0,0.0,0.0,0.0,0.0,0.0,0.0,0.0,0.0,0.0,0.0,0.0,0.0,0.0,0.0,0.0,0.0,0.0,0.0,0.0,0.0,0.0,0.0,0.0,0.0,0.0,0.0,0.0,0.0,0.0,0.0,0.0,0.0,0.0,0.0,0.0,0.0,0.0,0.0,0.0,0.0,0.0,0.0,0.0,0.0,0.0,0.0,0.0,0.0,0.0,0.0,0.0,0.0,0.0,0.0,0.0,0.0,0.0,0.0,0.0,0.0,0.0,0.0,0.0,0.0,0.0,0.0,0.0,0.0,0.0,0.0,0.0,0.0,0.0,0.0,0.0,0.0,0.0,0.0,0.0,0.0,0.0,0.0,0.0
who,0.0,0.0,0.0,0.0,0.0,0.0,0.0,0.0,0.0,0.0,0.0,0.0,0.0,0.0,0.0,0.0,0.0,0.0,0.0,0.0,0.0,0.0,0.0,0.0,0.0,0.0,0.0,0.0,0.0,0.0,0.0,0.0,0.0,0.0,0.0,0.0,0.0,0.0,0.0,0.0,0.0,0.0,0.0,0.0,0.0,0.0,0.0,0.0,0.0,0.0,0.0,0.0,0.0,0.0,0.0,0.0,0.0,0.0,0.0,0.0,0.0,0.0,0.0,0.0,0.0,0.0,0.0,0.0,0.0,0.0,0.0,0.0,0.0,0.0,0.0,0.0,0.0,0.0,0.0,0.0,0.0,0.0,0.0,0.0,0.0,0.0,0.0,0.0,0.0,0.0,0.0,0.0,0.0,0.0,0.0,0.0,0.0,0.0,0.0,0.0,0.0,0.0,0.0,0.0,0.0,0.0,0.0,0.0,0.0,0.0,0.0,0.0,0.0,0.0,0.0,0.0,0.0,0.0,0.0,0.0,0.0,0.0,0.0,0.0,0.0,0.0,0.0,0.0,0.0,0.0,0.0,0.0,0.0,0.0,0.0,0.0,0.0,0.0,0.0,0.0,0.0,0.0,0.0,0.0,0.0,0.0,0.0,0.0,0.0,0.0,0.0,0.0,0.0,0.0,0.0,0.0,0.0,0.0,0.0,0.0,0.0,0.0,0.0,0.0,0.0,0.0,0.0,0.0,0.0,0.0,0.0,0.0,0.0,0.0,0.0,0.0,0.0,0.0,0.0,0.0,0.0,0.0,0.0,0.0,0.0,0.0,0.0,0.0,0.0,0.0,0.0,0.0,0.0,0.0,0.0,0.0,0.0,0.0,0.0,0.0,0.0,0.0,0.0,0.0,0.0,0.0,0.0,0.0,0.0,0.0,0.0,0.0,0.0,0.0,0.0,0.0,0.0,0.0,0.0,0.0,0.0,0.0,0.0,0.0,0.0
who,0.6346608996391296,0.26001134514808655,-0.052883513271808624,0.6420267820358276,0.24301788210868835,-0.09555619210004807,0.639633059501648,0.23824778199195862,-0.09563813358545303,0.6371563673019409,0.23352861404418945,-0.09573923051357269,0.647555410861969,0.2573496997356415,-0.0976201593875885,0.6489372253417969,0.2619456648826599,-0.09770246595144272,0.650314211845398,0.2665894031524658,-0.0979754850268364,0.618399977684021,0.22815921902656555,-0.20734429359436035,0.6373951435089111,0.28062698245048523,-0.21782298386096954,0.6168884634971619,0.2615986764431,-0.08216532319784164,0.6231430768966675,0.2755867540836334,-0.0852295458316803,0.5386090874671936,0.2254749834537506,-0.192970409989357,0.5723046064376831,0.38581329584121704,-0.2007332146167755,0.4940405786037445,0.267490953207016,-0.14455243945121765,0.4927889406681061,0.49591267108917236,-0.15322130918502808,0.5529129505157471,0.25303009152412415,-0.07568921148777008,0.41561609506607056,0.5529571771621704,-0.08225713670253754,0.5662546753883362,0.23418864607810974,-0.07187152653932571,0.39251774549484253,0.5644329786300659,-0.07395824790000916,0.5767279863357544,0.2467958629131317,-0.05718528479337692,0.3892155587673187,0.5655609369277954,-0.08832918107509613,0.5695263147354126,0.25784364342689514,-0.06597203761339188,0.39607155323028564,0.5624641180038452,-0.08393418043851852,0.3170419931411743,0.4125973880290985,0.0009879274293780327,0.3455563485622406,0.5102698802947998,-0.0015385060105472803,0.2849555015563965,0.5638096332550049,0.20940494537353516,0.3225223422050476,0.6742153167724609,0.015054780058562756,0.35873082280158997,0.507821261882782,0.18064899742603302,0.38861170411109924,0.7147580981254578,-0.0629437118768692,0.3699820637702942,0.4947822391986847,0.18496626615524292,0.3939102590084076,0.7127554416656494,-0.06366563588380814,0.3831721246242523,0.4976343512535095,0.22063341736793518,0.414713054895401,0.7349846959114075,-0.0335877500474453,0.0,0.0,0.0,0.0,0.0,0.0,0.0,0.0,0.0,0.0,0.0,0.0,0.0,0.0,0.0,0.0,0.0,0.0,0.0,0.0,0.0,0.0,0.0,0.0,0.0,0.0,0.0,0.0,0.0,0.0,0.0,0.0,0.0,0.0,0.0,0.0,0.0,0.0,0.0,0.0,0.0,0.0,0.0,0.0,0.0,0.0,0.0,0.0,0.0,0.0,0.0,0.0,0.0,0.0,0.0,0.0,0.0,0.0,0.0,0.0,0.0,0.0,0.0,0.0,0.0,0.0,0.0,0.0,0.0,0.0,0.0,0.0,0.0,0.0,0.0,0.0,0.0,0.0,0.0,0.0,0.0,0.0,0.0,0.0,0.0,0.0,0.0,0.0,0.0,0.0,0.0,0.0,0.0,0.0,0.0,0.0,0.0,0.0,0.0,0.0,0.0,0.0,0.0,0.0,0.0,0.0,0.0,0.0,0.0,0.0,0.0,0.0,0.0,0.0,0.0,0.0,0.0,0.0,0.0,0.0,0.0,0.0,0.0,0.0,0.0,0.0
who,0.0,0.0,0.0,0.0,0.0,0.0,0.0,0.0,0.0,0.0,0.0,0.0,0.0,0.0,0.0,0.0,0.0,0.0,0.0,0.0,0.0,0.0,0.0,0.0,0.0,0.0,0.0,0.0,0.0,0.0,0.0,0.0,0.0,0.0,0.0,0.0,0.0,0.0,0.0,0.0,0.0,0.0,0.0,0.0,0.0,0.0,0.0,0.0,0.0,0.0,0.0,0.0,0.0,0.0,0.0,0.0,0.0,0.0,0.0,0.0,0.0,0.0,0.0,0.0,0.0,0.0,0.0,0.0,0.0,0.0,0.0,0.0,0.0,0.0,0.0,0.0,0.0,0.0,0.0,0.0,0.0,0.0,0.0,0.0,0.0,0.0,0.0,0.0,0.0,0.0,0.0,0.0,0.0,0.0,0.0,0.0,0.0,0.0,0.0,0.0,0.0,0.0,0.0,0.0,0.0,0.0,0.0,0.0,0.0,0.0,0.0,0.0,0.0,0.0,0.0,0.0,0.0,0.0,0.0,0.0,0.0,0.0,0.0,0.0,0.0,0.0,0.0,0.0,0.0,0.0,0.0,0.0,0.0,0.0,0.0,0.0,0.0,0.0,0.0,0.0,0.0,0.0,0.0,0.0,0.0,0.0,0.0,0.0,0.0,0.0,0.0,0.0,0.0,0.0,0.0,0.0,0.0,0.0,0.0,0.0,0.0,0.0,0.0,0.0,0.0,0.0,0.0,0.0,0.0,0.0,0.0,0.0,0.0,0.0,0.0,0.0,0.0,0.0,0.0,0.0,0.0,0.0,0.0,0.0,0.0,0.0,0.0,0.0,0.0,0.0,0.0,0.0,0.0,0.0,0.0,0.0,0.0,0.0,0.0,0.0,0.0,0.0,0.0,0.0,0.0,0.0,0.0,0.0,0.0,0.0,0.0,0.0,0.0,0.0,0.0,0.0,0.0,0.0,0.0,0.0,0.0,0.0,0.0,0.0,0.0
who,0.0,0.0,0.0,0.0,0.0,0.0,0.0,0.0,0.0,0.0,0.0,0.0,0.0,0.0,0.0,0.0,0.0,0.0,0.0,0.0,0.0,0.0,0.0,0.0,0.0,0.0,0.0,0.0,0.0,0.0,0.0,0.0,0.0,0.0,0.0,0.0,0.0,0.0,0.0,0.0,0.0,0.0,0.0,0.0,0.0,0.0,0.0,0.0,0.0,0.0,0.0,0.0,0.0,0.0,0.0,0.0,0.0,0.0,0.0,0.0,0.0,0.0,0.0,0.0,0.0,0.0,0.0,0.0,0.0,0.0,0.0,0.0,0.0,0.0,0.0,0.0,0.0,0.0,0.0,0.0,0.0,0.0,0.0,0.0,0.0,0.0,0.0,0.0,0.0,0.0,0.0,0.0,0.0,0.0,0.0,0.0,0.0,0.0,0.0,0.0,0.0,0.0,0.0,0.0,0.0,0.0,0.0,0.0,0.0,0.0,0.0,0.0,0.0,0.0,0.0,0.0,0.0,0.0,0.0,0.0,0.0,0.0,0.0,0.0,0.0,0.0,0.0,0.0,0.0,0.0,0.0,0.0,0.0,0.0,0.0,0.0,0.0,0.0,0.0,0.0,0.0,0.0,0.0,0.0,0.0,0.0,0.0,0.0,0.0,0.0,0.0,0.0,0.0,0.0,0.0,0.0,0.0,0.0,0.0,0.0,0.0,0.0,0.0,0.0,0.0,0.0,0.0,0.0,0.0,0.0,0.0,0.0,0.0,0.0,0.0,0.0,0.0,0.0,0.0,0.0,0.0,0.0,0.0,0.0,0.0,0.0,0.0,0.0,0.0,0.0,0.0,0.0,0.0,0.0,0.0,0.0,0.0,0.0,0.0,0.0,0.0,0.0,0.0,0.0,0.0,0.0,0.0,0.0,0.0,0.0,0.0,0.0,0.0,0.0,0.0,0.0,0.0,0.0,0.0,0.0,0.0,0.0,0.0,0.0,0.0
who,0.0,0.0,0.0,0.0,0.0,0.0,0.0,0.0,0.0,0.0,0.0,0.0,0.0,0.0,0.0,0.0,0.0,0.0,0.0,0.0,0.0,0.0,0.0,0.0,0.0,0.0,0.0,0.0,0.0,0.0,0.0,0.0,0.0,0.0,0.0,0.0,0.0,0.0,0.0,0.0,0.0,0.0,0.0,0.0,0.0,0.0,0.0,0.0,0.0,0.0,0.0,0.0,0.0,0.0,0.0,0.0,0.0,0.0,0.0,0.0,0.0,0.0,0.0,0.0,0.0,0.0,0.0,0.0,0.0,0.0,0.0,0.0,0.0,0.0,0.0,0.0,0.0,0.0,0.0,0.0,0.0,0.0,0.0,0.0,0.0,0.0,0.0,0.0,0.0,0.0,0.0,0.0,0.0,0.0,0.0,0.0,0.0,0.0,0.0,0.0,0.0,0.0,0.0,0.0,0.0,0.0,0.0,0.0,0.0,0.0,0.0,0.0,0.0,0.0,0.0,0.0,0.0,0.0,0.0,0.0,0.0,0.0,0.0,0.0,0.0,0.0,0.0,0.0,0.0,0.0,0.0,0.0,0.0,0.0,0.0,0.0,0.0,0.0,0.0,0.0,0.0,0.0,0.0,0.0,0.0,0.0,0.0,0.0,0.0,0.0,0.0,0.0,0.0,0.0,0.0,0.0,0.0,0.0,0.0,0.0,0.0,0.0,0.0,0.0,0.0,0.0,0.0,0.0,0.0,0.0,0.0,0.0,0.0,0.0,0.0,0.0,0.0,0.0,0.0,0.0,0.0,0.0,0.0,0.0,0.0,0.0,0.0,0.0,0.0,0.0,0.0,0.0,0.0,0.0,0.0,0.0,0.0,0.0,0.0,0.0,0.0,0.0,0.0,0.0,0.0,0.0,0.0,0.0,0.0,0.0,0.0,0.0,0.0,0.0,0.0,0.0,0.0,0.0,0.0,0.0,0.0,0.0,0.0,0.0,0.0
who,0.0,0.0,0.0,0.0,0.0,0.0,0.0,0.0,0.0,0.0,0.0,0.0,0.0,0.0,0.0,0.0,0.0,0.0,0.0,0.0,0.0,0.0,0.0,0.0,0.0,0.0,0.0,0.0,0.0,0.0,0.0,0.0,0.0,0.0,0.0,0.0,0.0,0.0,0.0,0.0,0.0,0.0,0.0,0.0,0.0,0.0,0.0,0.0,0.0,0.0,0.0,0.0,0.0,0.0,0.0,0.0,0.0,0.0,0.0,0.0,0.0,0.0,0.0,0.0,0.0,0.0,0.0,0.0,0.0,0.0,0.0,0.0,0.0,0.0,0.0,0.0,0.0,0.0,0.0,0.0,0.0,0.0,0.0,0.0,0.0,0.0,0.0,0.0,0.0,0.0,0.0,0.0,0.0,0.0,0.0,0.0,0.0,0.0,0.0,0.0,0.0,0.0,0.0,0.0,0.0,0.0,0.0,0.0,0.0,0.0,0.0,0.0,0.0,0.0,0.0,0.0,0.0,0.0,0.0,0.0,0.0,0.0,0.0,0.0,0.0,0.0,0.0,0.0,0.0,0.0,0.0,0.0,0.0,0.0,0.0,0.0,0.0,0.0,0.0,0.0,0.0,0.0,0.0,0.0,0.0,0.0,0.0,0.0,0.0,0.0,0.0,0.0,0.0,0.0,0.0,0.0,0.0,0.0,0.0,0.0,0.0,0.0,0.0,0.0,0.0,0.0,0.0,0.0,0.0,0.0,0.0,0.0,0.0,0.0,0.0,0.0,0.0,0.0,0.0,0.0,0.0,0.0,0.0,0.0,0.0,0.0,0.0,0.0,0.0,0.0,0.0,0.0,0.0,0.0,0.0,0.0,0.0,0.0,0.0,0.0,0.0,0.0,0.0,0.0,0.0,0.0,0.0,0.0,0.0,0.0,0.0,0.0,0.0,0.0,0.0,0.0,0.0,0.0,0.0,0.0,0.0,0.0,0.0,0.0,0.0
who,0.0,0.0,0.0,0.0,0.0,0.0,0.0,0.0,0.0,0.0,0.0,0.0,0.0,0.0,0.0,0.0,0.0,0.0,0.0,0.0,0.0,0.0,0.0,0.0,0.0,0.0,0.0,0.0,0.0,0.0,0.0,0.0,0.0,0.0,0.0,0.0,0.0,0.0,0.0,0.0,0.0,0.0,0.0,0.0,0.0,0.0,0.0,0.0,0.0,0.0,0.0,0.0,0.0,0.0,0.0,0.0,0.0,0.0,0.0,0.0,0.0,0.0,0.0,0.0,0.0,0.0,0.0,0.0,0.0,0.0,0.0,0.0,0.0,0.0,0.0,0.0,0.0,0.0,0.0,0.0,0.0,0.0,0.0,0.0,0.0,0.0,0.0,0.0,0.0,0.0,0.0,0.0,0.0,0.0,0.0,0.0,0.0,0.0,0.0,0.0,0.0,0.0,0.0,0.0,0.0,0.0,0.0,0.0,0.0,0.0,0.0,0.0,0.0,0.0,0.0,0.0,0.0,0.0,0.0,0.0,0.0,0.0,0.0,0.0,0.0,0.0,0.0,0.0,0.0,0.0,0.0,0.0,0.0,0.0,0.0,0.0,0.0,0.0,0.0,0.0,0.0,0.0,0.0,0.0,0.0,0.0,0.0,0.0,0.0,0.0,0.0,0.0,0.0,0.0,0.0,0.0,0.0,0.0,0.0,0.0,0.0,0.0,0.0,0.0,0.0,0.0,0.0,0.0,0.0,0.0,0.0,0.0,0.0,0.0,0.0,0.0,0.0,0.0,0.0,0.0,0.0,0.0,0.0,0.0,0.0,0.0,0.0,0.0,0.0,0.0,0.0,0.0,0.0,0.0,0.0,0.0,0.0,0.0,0.0,0.0,0.0,0.0,0.0,0.0,0.0,0.0,0.0,0.0,0.0,0.0,0.0,0.0,0.0,0.0,0.0,0.0,0.0,0.0,0.0,0.0,0.0,0.0,0.0,0.0,0.0
who,0.30329546332359314,0.31867343187332153,-1.363610863685608,0.32420650124549866,0.2705487012863159,-1.351502537727356,0.33664068579673767,0.2701953649520874,-1.3517076969146729,0.3491038680076599,0.2699871063232422,-1.3523536920547485,0.294709175825119,0.27175474166870117,-1.3364793062210083,0.28521203994750977,0.2722817063331604,-1.3369991779327393,0.27561864256858826,0.272905170917511,-1.3375108242034912,0.37727054953575134,0.2953234314918518,-1.1769640445709229,0.2760845720767975,0.29836589097976685,-1.1027392148971558,0.3302758038043976,0.36901065707206726,-1.2875348329544067,0.28973084688186646,0.37077486515045166,-1.2667200565338135,0.5025097131729126,0.5418523550033569,-1.0251069068908691,0.15069027245044708,0.5337808132171631,-0.8706843256950378,0.5680080652236938,0.8785327672958374,-1.023313283920288,0.06983888149261475,0.887715220451355,-0.7959433197975159,0.5986350178718567,1.1559525728225708,-1.1203570365905762,-0.013756394386291504,1.1150116920471191,-0.9295915365219116,0.6184852123260498,1.2187273502349854,-1.199914813041687,-0.0448186993598938,1.1556205749511719,-0.9997256398200989,0.5946255922317505,1.2182339429855347,-1.261679768562317,-0.03705322742462158,1.1517454385757446,-1.0689740180969238,0.5785237550735474,1.1987195014953613,-1.149435043334961,-0.012130707502365112,1.14430832862854,-0.9652212858200073,0.4018658697605133,1.0195982456207275,-0.0835198312997818,0.23636487126350403,0.9839490056037903,0.08332488685846329,0.41246551275253296,1.2030885219573975,0.31998613476753235,0.18930783867835999,1.1816939115524292,0.5392829775810242,0.3956625461578369,1.4220101833343506,1.3608883619308472,0.23206797242164612,1.4170053005218506,1.4647325277328491,0.40208181738853455,1.4504772424697876,1.456404209136963,0.251698762178421,1.4464274644851685,1.5560842752456665,0.3567884862422943,1.5387616157531738,1.239588737487793,0.19082209467887878,1.5470426082611084,1.3441197872161865,0.0,0.0,0.0,0.0,0.0,0.0,0.0,0.0,0.0,0.0,0.0,0.0,0.0,0.0,0.0,0.0,0.0,0.0,0.0,0.0,0.0,0.0,0.0,0.0,0.0,0.0,0.0,0.0,0.0,0.0,0.0,0.0,0.0,0.0,0.0,0.0,0.0,0.0,0.0,0.0,0.0,0.0,0.0,0.0,0.0,0.0,0.0,0.0,0.0,0.0,0.0,0.0,0.0,0.0,0.0,0.0,0.0,0.0,0.0,0.0,0.0,0.0,0.0,0.0,0.0,0.0,0.0,0.0,0.0,0.0,0.0,0.0,0.0,0.0,0.0,0.0,0.0,0.0,0.0,0.0,0.0,0.0,0.0,0.0,0.0,0.0,0.0,0.0,0.0,0.0,0.0,0.0,0.0,0.0,0.0,0.0,0.0,0.0,0.0,0.0,0.0,0.0,0.0,0.0,0.0,0.0,0.0,0.0,0.0,0.0,0.0,0.0,0.0,0.0,0.0,0.0,0.0,0.0,0.0,0.0,0.0,0.0,0.0,0.0,0.0,0.0
who,0.0,0.0,0.0,0.0,0.0,0.0,0.0,0.0,0.0,0.0,0.0,0.0,0.0,0.0,0.0,0.0,0.0,0.0,0.0,0.0,0.0,0.0,0.0,0.0,0.0,0.0,0.0,0.0,0.0,0.0,0.0,0.0,0.0,0.0,0.0,0.0,0.0,0.0,0.0,0.0,0.0,0.0,0.0,0.0,0.0,0.0,0.0,0.0,0.0,0.0,0.0,0.0,0.0,0.0,0.0,0.0,0.0,0.0,0.0,0.0,0.0,0.0,0.0,0.0,0.0,0.0,0.0,0.0,0.0,0.0,0.0,0.0,0.0,0.0,0.0,0.0,0.0,0.0,0.0,0.0,0.0,0.0,0.0,0.0,0.0,0.0,0.0,0.0,0.0,0.0,0.0,0.0,0.0,0.0,0.0,0.0,0.0,0.0,0.0,0.0,0.0,0.0,0.0,0.0,0.0,0.0,0.0,0.0,0.0,0.0,0.0,0.0,0.0,0.0,0.0,0.0,0.0,0.0,0.0,0.0,0.0,0.0,0.0,0.0,0.0,0.0,0.0,0.0,0.0,0.0,0.0,0.0,0.0,0.0,0.0,0.0,0.0,0.0,0.0,0.0,0.0,0.0,0.0,0.0,0.0,0.0,0.0,0.0,0.0,0.0,0.0,0.0,0.0,0.0,0.0,0.0,0.0,0.0,0.0,0.0,0.0,0.0,0.0,0.0,0.0,0.0,0.0,0.0,0.0,0.0,0.0,0.0,0.0,0.0,0.0,0.0,0.0,0.0,0.0,0.0,0.0,0.0,0.0,0.0,0.0,0.0,0.0,0.0,0.0,0.0,0.0,0.0,0.0,0.0,0.0,0.0,0.0,0.0,0.0,0.0,0.0,0.0,0.0,0.0,0.0,0.0,0.0,0.0,0.0,0.0,0.0,0.0,0.0,0.0,0.0,0.0,0.0,0.0,0.0,0.0,0.0,0.0,0.0,0.0,0.0
who,0.0,0.0,0.0,0.0,0.0,0.0,0.0,0.0,0.0,0.0,0.0,0.0,0.0,0.0,0.0,0.0,0.0,0.0,0.0,0.0,0.0,0.0,0.0,0.0,0.0,0.0,0.0,0.0,0.0,0.0,0.0,0.0,0.0,0.0,0.0,0.0,0.0,0.0,0.0,0.0,0.0,0.0,0.0,0.0,0.0,0.0,0.0,0.0,0.0,0.0,0.0,0.0,0.0,0.0,0.0,0.0,0.0,0.0,0.0,0.0,0.0,0.0,0.0,0.0,0.0,0.0,0.0,0.0,0.0,0.0,0.0,0.0,0.0,0.0,0.0,0.0,0.0,0.0,0.0,0.0,0.0,0.0,0.0,0.0,0.0,0.0,0.0,0.0,0.0,0.0,0.0,0.0,0.0,0.0,0.0,0.0,0.0,0.0,0.0,0.0,0.0,0.0,0.0,0.0,0.0,0.0,0.0,0.0,0.0,0.0,0.0,0.0,0.0,0.0,0.0,0.0,0.0,0.0,0.0,0.0,0.0,0.0,0.0,0.0,0.0,0.0,0.0,0.0,0.0,0.0,0.0,0.0,0.0,0.0,0.0,0.0,0.0,0.0,0.0,0.0,0.0,0.0,0.0,0.0,0.0,0.0,0.0,0.0,0.0,0.0,0.0,0.0,0.0,0.0,0.0,0.0,0.0,0.0,0.0,0.0,0.0,0.0,0.0,0.0,0.0,0.0,0.0,0.0,0.0,0.0,0.0,0.0,0.0,0.0,0.0,0.0,0.0,0.0,0.0,0.0,0.0,0.0,0.0,0.0,0.0,0.0,0.0,0.0,0.0,0.0,0.0,0.0,0.0,0.0,0.0,0.0,0.0,0.0,0.0,0.0,0.0,0.0,0.0,0.0,0.0,0.0,0.0,0.0,0.0,0.0,0.0,0.0,0.0,0.0,0.0,0.0,0.0,0.0,0.0,0.0,0.0,0.0,0.0,0.0,0.0
who,0.0,0.0,0.0,0.0,0.0,0.0,0.0,0.0,0.0,0.0,0.0,0.0,0.0,0.0,0.0,0.0,0.0,0.0,0.0,0.0,0.0,0.0,0.0,0.0,0.0,0.0,0.0,0.0,0.0,0.0,0.0,0.0,0.0,0.0,0.0,0.0,0.0,0.0,0.0,0.0,0.0,0.0,0.0,0.0,0.0,0.0,0.0,0.0,0.0,0.0,0.0,0.0,0.0,0.0,0.0,0.0,0.0,0.0,0.0,0.0,0.0,0.0,0.0,0.0,0.0,0.0,0.0,0.0,0.0,0.0,0.0,0.0,0.0,0.0,0.0,0.0,0.0,0.0,0.0,0.0,0.0,0.0,0.0,0.0,0.0,0.0,0.0,0.0,0.0,0.0,0.0,0.0,0.0,0.0,0.0,0.0,0.0,0.0,0.0,0.0,0.0,0.0,0.0,0.0,0.0,0.0,0.0,0.0,0.0,0.0,0.0,0.0,0.0,0.0,0.0,0.0,0.0,0.0,0.0,0.0,0.0,0.0,0.0,0.0,0.0,0.0,0.0,0.0,0.0,0.0,0.0,0.0,0.0,0.0,0.0,0.0,0.0,0.0,0.0,0.0,0.0,0.0,0.0,0.0,0.0,0.0,0.0,0.0,0.0,0.0,0.0,0.0,0.0,0.0,0.0,0.0,0.0,0.0,0.0,0.0,0.0,0.0,0.0,0.0,0.0,0.0,0.0,0.0,0.0,0.0,0.0,0.0,0.0,0.0,0.0,0.0,0.0,0.0,0.0,0.0,0.0,0.0,0.0,0.0,0.0,0.0,0.0,0.0,0.0,0.0,0.0,0.0,0.0,0.0,0.0,0.0,0.0,0.0,0.0,0.0,0.0,0.0,0.0,0.0,0.0,0.0,0.0,0.0,0.0,0.0,0.0,0.0,0.0,0.0,0.0,0.0,0.0,0.0,0.0,0.0,0.0,0.0,0.0,0.0,0.0
who,0.0,0.0,0.0,0.0,0.0,0.0,0.0,0.0,0.0,0.0,0.0,0.0,0.0,0.0,0.0,0.0,0.0,0.0,0.0,0.0,0.0,0.0,0.0,0.0,0.0,0.0,0.0,0.0,0.0,0.0,0.0,0.0,0.0,0.0,0.0,0.0,0.0,0.0,0.0,0.0,0.0,0.0,0.0,0.0,0.0,0.0,0.0,0.0,0.0,0.0,0.0,0.0,0.0,0.0,0.0,0.0,0.0,0.0,0.0,0.0,0.0,0.0,0.0,0.0,0.0,0.0,0.0,0.0,0.0,0.0,0.0,0.0,0.0,0.0,0.0,0.0,0.0,0.0,0.0,0.0,0.0,0.0,0.0,0.0,0.0,0.0,0.0,0.0,0.0,0.0,0.0,0.0,0.0,0.0,0.0,0.0,0.0,0.0,0.0,0.0,0.0,0.0,0.0,0.0,0.0,0.0,0.0,0.0,0.0,0.0,0.0,0.0,0.0,0.0,0.0,0.0,0.0,0.0,0.0,0.0,0.0,0.0,0.0,0.0,0.0,0.0,0.0,0.0,0.0,0.0,0.0,0.0,0.0,0.0,0.0,0.0,0.0,0.0,0.0,0.0,0.0,0.0,0.0,0.0,0.0,0.0,0.0,0.0,0.0,0.0,0.0,0.0,0.0,0.0,0.0,0.0,0.0,0.0,0.0,0.0,0.0,0.0,0.0,0.0,0.0,0.0,0.0,0.0,0.0,0.0,0.0,0.0,0.0,0.0,0.0,0.0,0.0,0.0,0.0,0.0,0.0,0.0,0.0,0.0,0.0,0.0,0.0,0.0,0.0,0.0,0.0,0.0,0.0,0.0,0.0,0.0,0.0,0.0,0.0,0.0,0.0,0.0,0.0,0.0,0.0,0.0,0.0,0.0,0.0,0.0,0.0,0.0,0.0,0.0,0.0,0.0,0.0,0.0,0.0,0.0,0.0,0.0,0.0,0.0,0.0
who,0.44509124755859375,0.25970548391342163,-0.9888613820075989,0.47418808937072754,0.2125723958015442,-0.9444171786308289,0.49091044068336487,0.2144065499305725,-0.9445410966873169,0.5046477913856506,0.21709060668945312,-0.9444782137870789,0.4230480194091797,0.21136385202407837,-0.9245580434799194,0.407987505197525,0.2128177285194397,-0.9241406321525574,0.3942405581474304,0.21535325050354004,-0.9243961572647095,0.5247408747673035,0.2515859603881836,-0.6038917899131775,0.37679848074913025,0.2463526725769043,-0.489027738571167,0.4811297357082367,0.3225504159927368,-0.8633793592453003,0.4158012270927429,0.31610363721847534,-0.8316837549209595,0.6367878913879395,0.5694600939750671,-0.47530287504196167,0.2798135578632355,0.5412092804908752,-0.2872313857078552,0.6659526824951172,0.9568967819213867,-0.5342802405357361,0.17551565170288086,0.9391635656356812,-0.741961658000946,0.635704755783081,1.2489913702011108,-0.8033915758132935,0.28664082288742065,0.6234228014945984,-1.5924181938171387,0.6387773752212524,1.3508487939834595,-0.9010137319564819,0.2973545789718628,0.5678115487098694,-1.751216173171997,0.5993273258209229,1.333925724029541,-0.9278980493545532,0.3057413697242737,0.5218890309333801,-1.723203420639038,0.589446485042572,1.2965683937072754,-0.8234149217605591,0.3119628429412842,0.5608617663383484,-1.6049528121948242,0.5527564287185669,1.1841169595718384,-0.10910050570964813,0.3064410090446472,1.1734150648117065,0.11244861781597137,0.5285685062408447,1.6680487394332886,0.16318733990192413,0.30906105041503906,1.669703722000122,0.4471215605735779,0.5109479427337646,2.072448253631592,1.0228692293167114,0.3042580485343933,2.075716495513916,1.197384238243103,0.5131295323371887,2.1380624771118164,1.0778112411499023,0.30191630125045776,2.1422767639160156,1.2628779411315918,0.4709599018096924,2.218578338623047,0.5582698583602905,0.3062050938606262,2.221129894256592,0.7144961953163147,0.0,0.0,0.0,0.0,0.0,0.0,0.0,0.0,0.0,0.0,0.0,0.0,0.0,0.0,0.0,0.0,0.0,0.0,0.0,0.0,0.0,0.0,0.0,0.0,0.0,0.0,0.0,0.0,0.0,0.0,0.0,0.0,0.0,0.0,0.0,0.0,0.0,0.0,0.0,0.0,0.0,0.0,0.0,0.0,0.0,0.0,0.0,0.0,0.0,0.0,0.0,0.0,0.0,0.0,0.0,0.0,0.0,0.0,0.0,0.0,0.0,0.0,0.0,0.29417628049850464,0.5980295538902283,0.0,0.3411029279232025,0.5465742945671082,-0.0033721616491675377,0.37014949321746826,0.47554224729537964,-0.014949011616408825,0.3780673146247864,0.4156095087528229,-0.026658449321985245,0.3851909041404724,0.36138129234313965,-0.03561467304825783,0.32691848278045654,0.4190205931663513,-0.025067592039704323,0.3236713409423828,0.3716467618942261,-0.04662863537669182,0.3242303729057312,0.3256574869155884,-0.05960577353835106,0.31926414370536804,0.28275781869888306,-0.06791499257087708,0.2889444828033447,0.41405582427978516,-0.03356963023543358,0.3240987956523895,0.45462894439697266,-0.05143731087446213,0.33590200543403625,0.4974965751171112,-0.04615385830402374,0.333396315574646,0.5089759230613708,-0.04238012433052063,0.2597667872905731,0.43857541680336,-0.043124839663505554,0.2947008013725281,0.49176305532455444,-0.05857072025537491,0.3081984519958496,0.5198445916175842,-0.04867919161915779,0.3027617037296295,0.5199809074401855,-0.0419158935546875,0.2368229180574417,0.4741407036781311,-0.05407964065670967,0.26572465896606445,0.5205661654472351,-0.06422270834445953,0.27507585287094116,0.5396294593811035,-0.059670671820640564,0.26670628786087036,0.5336149334907532,-0.054998449981212616
who,0.46430960297584534,0.25822025537490845,-1.0872721672058105,0.4921448826789856,0.2073410153388977,-1.0601513385772705,0.5071316957473755,0.209022656083107,-1.0601693391799927,0.5195648670196533,0.21180111169815063,-1.060286521911621,0.44126564264297485,0.2108665108680725,-1.0402344465255737,0.4249524474143982,0.21429525315761566,-1.040002703666687,0.4100990295410156,0.21816474199295044,-1.0403172969818115,0.5359717607498169,0.2466992735862732,-0.8181986808776855,0.38910478353500366,0.24899190664291382,-0.7026450634002686,0.49746090173721313,0.3231765627861023,-0.9950780868530273,0.43460017442703247,0.31647616624832153,-0.9619280695915222,0.6406527757644653,0.5806806087493896,-0.6496341228485107,0.27835768461227417,0.5430890321731567,-0.5229514241218567,0.6575856804847717,0.9716262817382812,-0.6528910398483276,0.18827298283576965,0.9470577239990234,-0.3897958993911743,0.636123776435852,1.2602975368499756,-0.941930890083313,0.17064066231250763,1.246653437614441,-0.6828320026397705,0.655251681804657,1.352919340133667,-1.0499906539916992,0.149086594581604,1.3251628875732422,-0.7669443488121033,0.6078678965568542,1.357280969619751,-1.0996110439300537,0.1757686883211136,1.3276557922363281,-0.853007972240448,0.5968787670135498,1.3211482763290405,-0.9718623161315918,0.19291342794895172,1.2980388402938843,-0.7278896570205688,0.5457743406295776,1.1832846403121948,-0.09229981899261475,0.309447705745697,1.1703076362609863,0.0958031639456749,0.5132400393486023,1.6654605865478516,0.21808704733848572,0.3100508451461792,1.668233036994934,0.4299042224884033,0.5003190040588379,2.0782055854797363,1.1376478672027588,0.3003019690513611,2.070600986480713,1.2030929327011108,0.5009106397628784,2.1578946113586426,1.2016706466674805,0.294857382774353,2.144827127456665,1.2698349952697754,0.45607781410217285,2.224292039871216,0.7174825668334961,0.3186957836151123,2.224350929260254,0.7626656293869019,0.0,0.0,0.0,0.0,0.0,0.0,0.0,0.0,0.0,0.0,0.0,0.0,0.0,0.0,0.0,0.0,0.0,0.0,0.0,0.0,0.0,0.0,0.0,0.0,0.0,0.0,0.0,0.0,0.0,0.0,0.0,0.0,0.0,0.0,0.0,0.0,0.0,0.0,0.0,0.0,0.0,0.0,0.0,0.0,0.0,0.0,0.0,0.0,0.0,0.0,0.0,0.0,0.0,0.0,0.0,0.0,0.0,0.0,0.0,0.0,0.0,0.0,0.0,0.0,0.0,0.0,0.0,0.0,0.0,0.0,0.0,0.0,0.0,0.0,0.0,0.0,0.0,0.0,0.0,0.0,0.0,0.0,0.0,0.0,0.0,0.0,0.0,0.0,0.0,0.0,0.0,0.0,0.0,0.0,0.0,0.0,0.0,0.0,0.0,0.0,0.0,0.0,0.0,0.0,0.0,0.0,0.0,0.0,0.0,0.0,0.0,0.0,0.0,0.0,0.0,0.0,0.0,0.0,0.0,0.0,0.0,0.0,0.0,0.0,0.0,0.0
who,0.4619331955909729,0.2677289843559265,-1.1915810108184814,0.4886578917503357,0.2152213454246521,-1.13824462890625,0.5048590302467346,0.21757298707962036,-1.1382442712783813,0.5180879831314087,0.22126293182373047,-1.1379778385162354,0.43500185012817383,0.21632038056850433,-1.1331911087036133,0.41807419061660767,0.2193765640258789,-1.133219599723816,0.4027097821235657,0.2227296233177185,-1.1335737705230713,0.5337339043617249,0.2540268301963806,-0.7652310729026794,0.3807950019836426,0.25366079807281494,-0.7189354300498962,0.4950715899467468,0.335210382938385,-1.0516884326934814,0.43006548285484314,0.3288405239582062,-1.0399805307388306,0.6401366591453552,0.5728527307510376,-0.5702188014984131,0.2738022208213806,0.5319435596466064,-0.5627486109733582,0.6544160842895508,0.9692267775535583,-0.6362727284431458,0.188388392329216,0.9662269353866577,-1.0151017904281616,0.6222822666168213,1.2059921026229858,-0.9386407732963562,0.3639010190963745,0.6458489894866943,-1.7164329290390015,0.625394344329834,1.290759801864624,-1.0322825908660889,0.41247087717056274,0.5674545764923096,-1.8667179346084595,0.5954490900039673,1.2686833143234253,-1.0636945962905884,0.405794233083725,0.5133975744247437,-1.8246726989746094,0.5862046480178833,1.236083745956421,-0.9620295763015747,0.4027194082736969,0.5521193146705627,-1.7196824550628662,0.5473999977111816,1.1646441221237183,-0.032457537949085236,0.29408374428749084,1.1433595418930054,0.03587811812758446,0.5150463581085205,1.6320064067840576,0.19830061495304108,0.28690460324287415,1.6183379888534546,0.32234489917755127,0.4968920350074768,2.0056838989257812,1.2715214490890503,0.28462672233581543,2.000039577484131,1.1621638536453247,0.4960532784461975,2.0670573711395264,1.3536670207977295,0.28182172775268555,2.061079740524292,1.2376725673675537,0.46712613105773926,2.1649813652038574,0.8904552459716797,0.30573245882987976,2.1646409034729004,0.7207368612289429,0.0,0.0,0.0,0.0,0.0,0.0,0.0,0.0,0.0,0.0,0.0,0.0,0.0,0.0,0.0,0.0,0.0,0.0,0.0,0.0,0.0,0.0,0.0,0.0,0.0,0.0,0.0,0.0,0.0,0.0,0.0,0.0,0.0,0.0,0.0,0.0,0.0,0.0,0.0,0.0,0.0,0.0,0.0,0.0,0.0,0.0,0.0,0.0,0.0,0.0,0.0,0.0,0.0,0.0,0.0,0.0,0.0,0.0,0.0,0.0,0.0,0.0,0.0,0.0,0.0,0.0,0.0,0.0,0.0,0.0,0.0,0.0,0.0,0.0,0.0,0.0,0.0,0.0,0.0,0.0,0.0,0.0,0.0,0.0,0.0,0.0,0.0,0.0,0.0,0.0,0.0,0.0,0.0,0.0,0.0,0.0,0.0,0.0,0.0,0.0,0.0,0.0,0.0,0.0,0.0,0.0,0.0,0.0,0.0,0.0,0.0,0.0,0.0,0.0,0.0,0.0,0.0,0.0,0.0,0.0,0.0,0.0,0.0,0.0,0.0,0.0
who,0.46632856130599976,0.25558656454086304,-1.1641287803649902,0.4917144179344177,0.21116536855697632,-1.1026426553726196,0.5084502100944519,0.21370190382003784,-1.1026532649993896,0.522322416305542,0.21743017435073853,-1.1023333072662354,0.4398203492164612,0.21072572469711304,-1.0938080549240112,0.42410653829574585,0.21279406547546387,-1.093374490737915,0.40902072191238403,0.21604591608047485,-1.0936046838760376,0.5370867252349854,0.2512165904045105,-0.6971321702003479,0.3840023875236511,0.24851971864700317,-0.6327821016311646,0.5006574988365173,0.3175702691078186,-1.0174996852874756,0.4334413409233093,0.3118404150009155,-1.0001164674758911,0.642997145652771,0.5793092250823975,-0.48925766348838806,0.27095967531204224,0.543220579624176,-0.4630185067653656,0.655873715877533,0.9762532711029053,-0.5660607814788818,0.1732444167137146,0.9611164927482605,-0.9542571902275085,0.6414394378662109,1.2298943996429443,-0.9300025105476379,0.31859204173088074,0.6507999300956726,-1.79190993309021,0.6458243131637573,1.3116408586502075,-1.0314440727233887,0.36669206619262695,0.6036079525947571,-1.9581153392791748,0.6167001724243164,1.2867262363433838,-1.0541328191757202,0.3646342158317566,0.5540905594825745,-1.9183257818222046,0.6053037643432617,1.2563629150390625,-0.9533103704452515,0.36568349599838257,0.5955369472503662,-1.799679160118103,0.5672555565834045,1.2212175130844116,-0.059950124472379684,0.2956545352935791,1.2034282684326172,0.06412658095359802,0.5309109687805176,1.738153100013733,0.19388891756534576,0.2932162582874298,1.7384381294250488,0.428422749042511,0.5113504528999329,2.1712875366210938,1.059069037437439,0.28775495290756226,2.175084352493286,1.2237011194229126,0.5132532119750977,2.2442846298217773,1.1111756563186646,0.2824288010597229,2.2439777851104736,1.291520357131958,0.4750862717628479,2.3234989643096924,0.5410083532333374,0.30660441517829895,2.3377647399902344,0.6872613430023193,0.0,0.0,0.0,0.0,0.0,0.0,0.0,0.0,0.0,0.0,0.0,0.0,0.0,0.0,0.0,0.0,0.0,0.0,0.0,0.0,0.0,0.0,0.0,0.0,0.0,0.0,0.0,0.0,0.0,0.0,0.0,0.0,0.0,0.0,0.0,0.0,0.0,0.0,0.0,0.0,0.0,0.0,0.0,0.0,0.0,0.0,0.0,0.0,0.0,0.0,0.0,0.0,0.0,0.0,0.0,0.0,0.0,0.0,0.0,0.0,0.0,0.0,0.0,0.0,0.0,0.0,0.0,0.0,0.0,0.0,0.0,0.0,0.0,0.0,0.0,0.0,0.0,0.0,0.0,0.0,0.0,0.0,0.0,0.0,0.0,0.0,0.0,0.0,0.0,0.0,0.0,0.0,0.0,0.0,0.0,0.0,0.0,0.0,0.0,0.0,0.0,0.0,0.0,0.0,0.0,0.0,0.0,0.0,0.0,0.0,0.0,0.0,0.0,0.0,0.0,0.0,0.0,0.0,0.0,0.0,0.0,0.0,0.0,0.0,0.0,0.0
who,0.46278420090675354,0.2676796317100525,-1.0738718509674072,0.4902529716491699,0.22241033613681793,-1.0192220211029053,0.5073421001434326,0.2248639464378357,-1.0192615985870361,0.5217564105987549,0.22830118238925934,-1.0188812017440796,0.43869632482528687,0.22073864936828613,-1.0050033330917358,0.4231467843055725,0.22201228141784668,-1.0045216083526611,0.4086917042732239,0.22399640083312988,-1.0047693252563477,0.5374978184700012,0.26021474599838257,-0.6294701099395752,0.3870748281478882,0.2523571848869324,-0.5376402139663696,0.4971889555454254,0.3302558660507202,-0.9323207139968872,0.43087300658226013,0.32428523898124695,-0.90666663646698,0.6469477415084839,0.5818861126899719,-0.4299362301826477,0.2742840051651001,0.5485686659812927,-0.36735573410987854,0.6566227674484253,0.9822836518287659,-0.6245931386947632,0.17809809744358063,0.9689319133758545,-0.846823513507843,0.6157575845718384,1.1417516469955444,-1.1403982639312744,0.30030936002731323,0.6611791253089905,-1.7050358057022095,0.6057544946670532,1.199524164199829,-1.2620643377304077,0.32374656200408936,0.5696201324462891,-1.8673957586288452,0.5846916437149048,1.1594966650009155,-1.2607485055923462,0.33336296677589417,0.522037148475647,-1.8343826532363892,0.5780441761016846,1.1379843950271606,-1.157286524772644,0.33885496854782104,0.567712664604187,-1.7151740789413452,0.5679569244384766,1.221047043800354,-0.07407554239034653,0.3009604811668396,1.2040597200393677,0.0782233476638794,0.5378677845001221,1.7410168647766113,0.13351495563983917,0.30351102352142334,1.7437918186187744,0.4078877866268158,0.5235286951065063,2.1859216690063477,0.9519928693771362,0.30064159631729126,2.1919009685516357,1.1568934917449951,0.5275968313217163,2.2563488483428955,0.9996572732925415,0.2941047251224518,2.25929594039917,1.2207263708114624,0.48467713594436646,2.339444637298584,0.429912269115448,0.31936880946159363,2.351627826690674,0.6165350079536438,0.0,0.0,0.0,0.0,0.0,0.0,0.0,0.0,0.0,0.0,0.0,0.0,0.0,0.0,0.0,0.0,0.0,0.0,0.0,0.0,0.0,0.0,0.0,0.0,0.0,0.0,0.0,0.0,0.0,0.0,0.0,0.0,0.0,0.0,0.0,0.0,0.0,0.0,0.0,0.0,0.0,0.0,0.0,0.0,0.0,0.0,0.0,0.0,0.0,0.0,0.0,0.0,0.0,0.0,0.0,0.0,0.0,0.0,0.0,0.0,0.0,0.0,0.0,0.0,0.0,0.0,0.0,0.0,0.0,0.0,0.0,0.0,0.0,0.0,0.0,0.0,0.0,0.0,0.0,0.0,0.0,0.0,0.0,0.0,0.0,0.0,0.0,0.0,0.0,0.0,0.0,0.0,0.0,0.0,0.0,0.0,0.0,0.0,0.0,0.0,0.0,0.0,0.0,0.0,0.0,0.0,0.0,0.0,0.0,0.0,0.0,0.0,0.0,0.0,0.0,0.0,0.0,0.0,0.0,0.0,0.0,0.0,0.0,0.0,0.0,0.0
who,0.46985000371932983,0.30068832635879517,-1.154640793800354,0.49374064803123474,0.2469332218170166,-1.1084229946136475,0.5083420276641846,0.2460026741027832,-1.108380913734436,0.5205233693122864,0.24585992097854614,-1.1082470417022705,0.44424495100975037,0.25080013275146484,-1.1025258302688599,0.4275975227355957,0.2533233165740967,-1.1023691892623901,0.41272443532943726,0.2563263773918152,-1.102675437927246,0.5347092747688293,0.2719423174858093,-0.7578921318054199,0.38794025778770447,0.2860127091407776,-0.7160458564758301,0.498384565114975,0.3642876446247101,-1.0215096473693848,0.4412986636161804,0.3657428026199341,-1.0109962224960327,0.6391737461090088,0.5827573537826538,-0.5804460048675537,0.2857533097267151,0.5466261506080627,-0.5037981867790222,0.6610568165779114,0.9720942378044128,-0.5869484543800354,0.1909424364566803,0.9388589859008789,-0.8478376269340515,0.6560295820236206,1.258044958114624,-0.8110302090644836,0.30083799362182617,0.6609289646148682,-1.5452320575714111,0.6674146056175232,1.3512730598449707,-0.8933161497116089,0.3173944354057312,0.7315312623977661,-1.6892105340957642,0.6347116231918335,1.3428906202316284,-0.9412027597427368,0.32354310154914856,0.6869995594024658,-1.6765146255493164,0.6237201690673828,1.3086986541748047,-0.838366687297821,0.3259631395339966,0.7103132009506226,-1.561046838760376,0.561640739440918,1.1613094806671143,-0.056869715452194214,0.32385754585266113,1.1525661945343018,0.06030092388391495,0.5425680875778198,1.615725040435791,0.24997203052043915,0.32915788888931274,1.6154465675354004,0.3451843559741974,0.5226528644561768,1.9918255805969238,1.1582143306732178,0.31997740268707275,1.9929473400115967,1.0768709182739258,0.5211967825889587,2.0558276176452637,1.2211366891860962,0.3169577121734619,2.0557336807250977,1.1397737264633179,0.4901060163974762,2.140511989593506,0.7419804334640503,0.3379557430744171,2.142979383468628,0.616779088973999,0.0,0.0,0.0,0.0,0.0,0.0,0.0,0.0,0.0,0.0,0.0,0.0,0.0,0.0,0.0,0.0,0.0,0.0,0.0,0.0,0.0,0.0,0.0,0.0,0.0,0.0,0.0,0.0,0.0,0.0,0.0,0.0,0.0,0.0,0.0,0.0,0.0,0.0,0.0,0.0,0.0,0.0,0.0,0.0,0.0,0.0,0.0,0.0,0.0,0.0,0.0,0.0,0.0,0.0,0.0,0.0,0.0,0.0,0.0,0.0,0.0,0.0,0.0,0.0,0.0,0.0,0.0,0.0,0.0,0.0,0.0,0.0,0.0,0.0,0.0,0.0,0.0,0.0,0.0,0.0,0.0,0.0,0.0,0.0,0.0,0.0,0.0,0.0,0.0,0.0,0.0,0.0,0.0,0.0,0.0,0.0,0.0,0.0,0.0,0.0,0.0,0.0,0.0,0.0,0.0,0.0,0.0,0.0,0.0,0.0,0.0,0.0,0.0,0.0,0.0,0.0,0.0,0.0,0.0,0.0,0.0,0.0,0.0,0.0,0.0,0.0
who,0.470203697681427,0.2978397607803345,-1.113027572631836,0.49713125824928284,0.24260568618774414,-1.0695741176605225,0.5121261477470398,0.24294990301132202,-1.0695079565048218,0.5243556499481201,0.24440217018127441,-1.069324254989624,0.444286584854126,0.24601459503173828,-1.0617657899856567,0.4269898533821106,0.249098002910614,-1.061614990234375,0.4118685722351074,0.25273454189300537,-1.061881422996521,0.5382653474807739,0.27409154176712036,-0.7281171679496765,0.3888220489025116,0.2829515337944031,-0.6738966703414917,0.4998900890350342,0.36568278074264526,-0.9840957522392273,0.43916696310043335,0.3655616044998169,-0.969746470451355,0.6386463046073914,0.5815925598144531,-0.5603899359703064,0.28541672229766846,0.5489341616630554,-0.49261435866355896,0.6619747281074524,0.9756439924240112,-0.604897141456604,0.19638876616954803,0.9450879693031311,-0.9128321409225464,0.6589612364768982,1.2264546155929565,-0.8341118693351746,0.30936968326568604,0.631754994392395,-1.5984629392623901,0.6675545573234558,1.3170245885849,-0.9145897626876831,0.36087530851364136,0.5917730331420898,-1.7369458675384521,0.634365439414978,1.3016610145568848,-0.9444304704666138,0.36224275827407837,0.5465794205665588,-1.6991815567016602,0.6230639219284058,1.2682836055755615,-0.8546100854873657,0.3637942969799042,0.5827335715293884,-1.6021597385406494,0.558897078037262,1.1611164808273315,-0.0476151779294014,0.31744253635406494,1.1481868028640747,0.050792939960956573,0.5445206165313721,1.6132622957229614,0.2693789005279541,0.3309274911880493,1.6118159294128418,0.3534575402736664,0.5262961983680725,1.9865368604660034,1.1476935148239136,0.3210156261920929,1.986398458480835,1.059973955154419,0.5265201926231384,2.048661231994629,1.2090407609939575,0.3162878751754761,2.048478126525879,1.1223132610321045,0.4949679374694824,2.13714861869812,0.7456867694854736,0.33693504333496094,2.137415885925293,0.6134132742881775,0.0,0.0,0.0,0.0,0.0,0.0,0.0,0.0,0.0,0.0,0.0,0.0,0.0,0.0,0.0,0.0,0.0,0.0,0.0,0.0,0.0,0.0,0.0,0.0,0.0,0.0,0.0,0.0,0.0,0.0,0.0,0.0,0.0,0.0,0.0,0.0,0.0,0.0,0.0,0.0,0.0,0.0,0.0,0.0,0.0,0.0,0.0,0.0,0.0,0.0,0.0,0.0,0.0,0.0,0.0,0.0,0.0,0.0,0.0,0.0,0.0,0.0,0.0,0.0,0.0,0.0,0.0,0.0,0.0,0.0,0.0,0.0,0.0,0.0,0.0,0.0,0.0,0.0,0.0,0.0,0.0,0.0,0.0,0.0,0.0,0.0,0.0,0.0,0.0,0.0,0.0,0.0,0.0,0.0,0.0,0.0,0.0,0.0,0.0,0.0,0.0,0.0,0.0,0.0,0.0,0.0,0.0,0.0,0.0,0.0,0.0,0.0,0.0,0.0,0.0,0.0,0.0,0.0,0.0,0.0,0.0,0.0,0.0,0.0,0.0,0.0
who,0.4615209996700287,0.26856449246406555,-0.96062171459198,0.48644858598709106,0.22476887702941895,-0.8969117999076843,0.5044294595718384,0.22552871704101562,-0.8971540331840515,0.5197969675064087,0.22735609114170074,-0.8970798254013062,0.4355115294456482,0.22686971724033356,-0.8907750248908997,0.4209335446357727,0.2290872186422348,-0.8902885317802429,0.4078969359397888,0.23250102996826172,-0.8905808329582214,0.538021445274353,0.2591925859451294,-0.4762350022792816,0.38885581493377686,0.261918306350708,-0.4266446530818939,0.501157820224762,0.33034488558769226,-0.8087684512138367,0.43323373794555664,0.33049649000167847,-0.7957839369773865,0.6514087915420532,0.5761435627937317,-0.26693081855773926,0.279675155878067,0.5518609285354614,-0.2762664258480072,0.6559576988220215,0.9767065048217773,-0.3196220397949219,0.18161970376968384,0.9470778703689575,-0.8009649515151978,0.6098932027816772,1.2316662073135376,-0.6515200138092041,0.2901392877101898,0.6691672801971436,-1.7616536617279053,0.6020317673683167,1.3173885345458984,-0.7402797937393188,0.3042134940624237,0.5735138058662415,-1.9490236043930054,0.5742040276527405,1.2896348237991333,-0.7664410471916199,0.3081020712852478,0.5399166345596313,-1.9241979122161865,0.5668779611587524,1.2574446201324463,-0.674683690071106,0.3226505517959595,0.5715470910072327,-1.7792017459869385,0.5809457302093506,1.2573895454406738,-0.057203542441129684,0.31560248136520386,1.2544238567352295,0.06095338985323906,0.5585302114486694,1.8168184757232666,0.09297877550125122,0.32496577501296997,1.8255951404571533,0.23816676437854767,0.540193498134613,2.2970964908599854,0.8271502256393433,0.3223477900028229,2.308619499206543,0.870888352394104,0.5451216697692871,2.363247871398926,0.8640347719192505,0.3202252686023712,2.373317241668701,0.920823872089386,0.4962787628173828,2.4536890983581543,0.2751646637916565,0.3388367295265198,2.470461130142212,0.286262184381485,0.0,0.0,0.0,0.0,0.0,0.0,0.0,0.0,0.0,0.0,0.0,0.0,0.0,0.0,0.0,0.0,0.0,0.0,0.0,0.0,0.0,0.0,0.0,0.0,0.0,0.0,0.0,0.0,0.0,0.0,0.0,0.0,0.0,0.0,0.0,0.0,0.0,0.0,0.0,0.0,0.0,0.0,0.0,0.0,0.0,0.0,0.0,0.0,0.0,0.0,0.0,0.0,0.0,0.0,0.0,0.0,0.0,0.0,0.0,0.0,0.0,0.0,0.0,0.2680438458919525,0.6609363555908203,0.0,0.3355960547924042,0.5990056991577148,0.010197054594755173,0.3734239339828491,0.5349149107933044,0.0042196051217615604,0.3913786709308624,0.4966330826282501,-0.009207596071064472,0.3884865939617157,0.47404617071151733,-0.018102264031767845,0.3369711637496948,0.4254615902900696,0.011465304531157017,0.3632178008556366,0.40551072359085083,-0.010034831240773201,0.38057535886764526,0.4483211934566498,-0.018448757007718086,0.3816038966178894,0.47822970151901245,-0.020495090633630753,0.3033965528011322,0.4313417673110962,-0.00899240281432867,0.3357124328613281,0.4430800676345825,-0.03000638447701931,0.34914225339889526,0.49982431530952454,-0.026452992111444473,0.34432560205459595,0.5199965238571167,-0.020371779799461365,0.27217897772789,0.4578893184661865,-0.03225747495889664,0.30653443932533264,0.47470998764038086,-0.04950782284140587,0.3217640221118927,0.5206930041313171,-0.036278605461120605,0.31907352805137634,0.5358515381813049,-0.023985030129551888,0.24601146578788757,0.49630463123321533,-0.056936100125312805,0.2782207429409027,0.510418713092804,-0.06498631834983826,0.29555001854896545,0.5393496751785278,-0.05402902886271477,0.2955258786678314,0.5485461950302124,-0.04289185628294945
who,0.47010594606399536,0.2664370536804199,-0.9737125635147095,0.4942496418952942,0.22145843505859375,-0.90721195936203,0.5118424892425537,0.22273172438144684,-0.907359778881073,0.5264673829078674,0.22510753571987152,-0.9071056246757507,0.4425227642059326,0.22257696092128754,-0.9043481945991516,0.4274119436740875,0.22507919371128082,-0.9038194417953491,0.41428589820861816,0.22893871366977692,-0.904097855091095,0.5423758029937744,0.259158730506897,-0.48175254464149475,0.391288161277771,0.2606689929962158,-0.4448015093803406,0.5067082643508911,0.3283349871635437,-0.8211063146591187,0.4392845034599304,0.3273999094963074,-0.8111847639083862,0.646668553352356,0.5821218490600586,-0.28139182925224304,0.2756419777870178,0.5546222925186157,-0.3126722276210785,0.6514780521392822,0.9802373647689819,-0.39195337891578674,0.17984727025032043,0.9678319692611694,-0.8408702611923218,0.6185343861579895,1.1988133192062378,-0.8033710718154907,0.2980046272277832,0.6552022695541382,-1.746140480041504,0.6143765449523926,1.2770198583602905,-0.9084658622741699,0.3263358175754547,0.5573650598526001,-1.927432656288147,0.588215172290802,1.2475889921188354,-0.9284026026725769,0.3261123299598694,0.5233504772186279,-1.8976564407348633,0.5798077583312988,1.2182869911193848,-0.8276677131652832,0.33423227071762085,0.5664950609207153,-1.7598438262939453,0.5745172500610352,1.2559618949890137,-0.04472573101520538,0.3042370080947876,1.2484482526779175,0.048912663012742996,0.5469071865081787,1.7996348142623901,0.13712547719478607,0.3079659342765808,1.809078335762024,0.30685263872146606,0.5280754566192627,2.268728733062744,0.894633412361145,0.3018471300601959,2.2816214561462402,0.9888914227485657,0.5330905914306641,2.3356196880340576,0.9349108934402466,0.2972639799118042,2.3461673259735107,1.0435725450515747,0.48404043912887573,2.42500638961792,0.3556782603263855,0.32084208726882935,2.4443819522857666,0.4188917577266693,0.0,0.0,0.0,0.0,0.0,0.0,0.0,0.0,0.0,0.0,0.0,0.0,0.0,0.0,0.0,0.0,0.0,0.0,0.0,0.0,0.0,0.0,0.0,0.0,0.0,0.0,0.0,0.0,0.0,0.0,0.0,0.0,0.0,0.0,0.0,0.0,0.0,0.0,0.0,0.0,0.0,0.0,0.0,0.0,0.0,0.0,0.0,0.0,0.0,0.0,0.0,0.0,0.0,0.0,0.0,0.0,0.0,0.0,0.0,0.0,0.0,0.0,0.0,0.0,0.0,0.0,0.0,0.0,0.0,0.0,0.0,0.0,0.0,0.0,0.0,0.0,0.0,0.0,0.0,0.0,0.0,0.0,0.0,0.0,0.0,0.0,0.0,0.0,0.0,0.0,0.0,0.0,0.0,0.0,0.0,0.0,0.0,0.0,0.0,0.0,0.0,0.0,0.0,0.0,0.0,0.0,0.0,0.0,0.0,0.0,0.0,0.0,0.0,0.0,0.0,0.0,0.0,0.0,0.0,0.0,0.0,0.0,0.0,0.0,0.0,0.0
who,0.6432254314422607,0.36504438519477844,-0.25988858938217163,0.6602771282196045,0.3406786322593689,-0.25121399760246277,0.6659814119338989,0.34495532512664795,-0.25146833062171936,0.6716001033782959,0.3493378460407257,-0.2518249750137329,0.6443586945533752,0.32755225896835327,-0.26037517189979553,0.6378622055053711,0.3209098279476166,-0.26036620140075684,0.6314331889152527,0.31430232524871826,-0.26057854294776917,0.6675436496734619,0.35499757528305054,-0.1362040489912033,0.613705039024353,0.3098238408565521,-0.17288623750209808,0.6413062214851379,0.39312994480133057,-0.20766982436180115,0.6192771196365356,0.37354332208633423,-0.21819862723350525,0.6175748705863953,0.4745497405529022,-0.02512170933187008,0.5286009311676025,0.36748793721199036,-0.17079007625579834,0.4937095046043396,0.5915830135345459,-0.014218894764780998,0.37568244338035583,0.4519183933734894,-0.1864043027162552,0.45869988203048706,0.600850522518158,-0.12932506203651428,0.3355846107006073,0.5964866876602173,-0.2393375188112259,0.44570261240005493,0.6099045276641846,-0.1575695425271988,0.33321401476860046,0.6531608700752258,-0.2653825879096985,0.4573759138584137,0.6075487732887268,-0.17025445401668549,0.3426177501678467,0.6378875374794006,-0.2665499150753021,0.45571622252464294,0.6009495258331299,-0.1365434229373932,0.35292014479637146,0.6150563359260559,-0.23896785080432892,0.3803882896900177,0.7225555181503296,0.08030649274587631,0.3255999684333801,0.6732209324836731,-0.08028190582990646,0.3202584683895111,0.94466233253479,0.023758111521601677,0.2242710143327713,0.9330219626426697,-0.09104231745004654,0.3171502649784088,0.8705579042434692,0.5064495205879211,0.22409562766551971,0.9261744618415833,0.2874917685985565,0.3238421380519867,0.8482685089111328,0.5644345879554749,0.22578176856040955,0.9044252038002014,0.33719557523727417,0.29427823424339294,0.9126442670822144,0.6451947093009949,0.21787700057029724,1.010623574256897,0.3722088038921356,0.0,0.0,0.0,0.0,0.0,0.0,0.0,0.0,0.0,0.0,0.0,0.0,0.0,0.0,0.0,0.0,0.0,0.0,0.0,0.0,0.0,0.0,0.0,0.0,0.0,0.0,0.0,0.0,0.0,0.0,0.0,0.0,0.0,0.0,0.0,0.0,0.0,0.0,0.0,0.0,0.0,0.0,0.0,0.0,0.0,0.0,0.0,0.0,0.0,0.0,0.0,0.0,0.0,0.0,0.0,0.0,0.0,0.0,0.0,0.0,0.0,0.0,0.0,0.0,0.0,0.0,0.0,0.0,0.0,0.0,0.0,0.0,0.0,0.0,0.0,0.0,0.0,0.0,0.0,0.0,0.0,0.0,0.0,0.0,0.0,0.0,0.0,0.0,0.0,0.0,0.0,0.0,0.0,0.0,0.0,0.0,0.0,0.0,0.0,0.0,0.0,0.0,0.0,0.0,0.0,0.0,0.0,0.0,0.0,0.0,0.0,0.0,0.0,0.0,0.0,0.0,0.0,0.0,0.0,0.0,0.0,0.0,0.0,0.0,0.0,0.0
who,0.6245409250259399,0.4156249165534973,-1.1939685344696045,0.6557707786560059,0.35676461458206177,-1.222076416015625,0.6698250770568848,0.3568348288536072,-1.2222903966903687,0.6837279200553894,0.35711610317230225,-1.2228987216949463,0.6233845353126526,0.3512299358844757,-1.204252004623413,0.6123830080032349,0.34721100330352783,-1.2046339511871338,0.6012771129608154,0.3431943655014038,-1.2049397230148315,0.7132872939109802,0.3537940979003906,-1.1549795866012573,0.6003459095954895,0.3320351839065552,-1.0739582777023315,0.6486691832542419,0.4470408856868744,-1.1461201906204224,0.6063526272773743,0.44032642245292664,-1.122847080230713,0.7990820407867432,0.5462913513183594,-1.013926386833191,0.5232318043708801,0.3950285315513611,-0.7761407494544983,0.8645848035812378,0.8318132758140564,-0.969586193561554,0.3785538673400879,0.4677676856517792,-0.35338446497917175,0.8607351183891296,1.1723090410232544,-1.020280361175537,0.38199934363365173,0.48050159215927124,0.033506207168102264,0.8904274702072144,1.2464687824249268,-1.0603094100952148,0.3756099343299866,0.502427339553833,0.10330577194690704,0.8607515096664429,1.247754454612732,-1.1021246910095215,0.3794310688972473,0.48901575803756714,0.06974665075540543,0.8338879346847534,1.219463586807251,-1.0350810289382935,0.38691768050193787,0.5018959045410156,0.03495382145047188,0.6078852415084839,0.8750033974647522,-0.06346302479505539,0.47995615005493164,0.7756146192550659,0.06381316483020782,0.48123258352279663,0.9558621048927307,0.4610026478767395,0.3904174566268921,0.7464929223060608,0.5996196866035461,0.45152968168258667,1.0139079093933105,1.3406145572662354,0.37115269899368286,0.8852654099464417,1.3804435729980469,0.46493053436279297,1.0061078071594238,1.4315179586410522,0.38656118512153625,0.8855260610580444,1.4628379344940186,0.38795894384384155,1.0898011922836304,1.329972743988037,0.32519295811653137,1.0120868682861328,1.3680946826934814,0.0,0.0,0.0,0.0,0.0,0.0,0.0,0.0,0.0,0.0,0.0,0.0,0.0,0.0,0.0,0.0,0.0,0.0,0.0,0.0,0.0,0.0,0.0,0.0,0.0,0.0,0.0,0.0,0.0,0.0,0.0,0.0,0.0,0.0,0.0,0.0,0.0,0.0,0.0,0.0,0.0,0.0,0.0,0.0,0.0,0.0,0.0,0.0,0.0,0.0,0.0,0.0,0.0,0.0,0.0,0.0,0.0,0.0,0.0,0.0,0.0,0.0,0.0,0.0,0.0,0.0,0.0,0.0,0.0,0.0,0.0,0.0,0.0,0.0,0.0,0.0,0.0,0.0,0.0,0.0,0.0,0.0,0.0,0.0,0.0,0.0,0.0,0.0,0.0,0.0,0.0,0.0,0.0,0.0,0.0,0.0,0.0,0.0,0.0,0.0,0.0,0.0,0.0,0.0,0.0,0.0,0.0,0.0,0.0,0.0,0.0,0.0,0.0,0.0,0.0,0.0,0.0,0.0,0.0,0.0,0.0,0.0,0.0,0.0,0.0,0.0
who,0.0,0.0,0.0,0.0,0.0,0.0,0.0,0.0,0.0,0.0,0.0,0.0,0.0,0.0,0.0,0.0,0.0,0.0,0.0,0.0,0.0,0.0,0.0,0.0,0.0,0.0,0.0,0.0,0.0,0.0,0.0,0.0,0.0,0.0,0.0,0.0,0.0,0.0,0.0,0.0,0.0,0.0,0.0,0.0,0.0,0.0,0.0,0.0,0.0,0.0,0.0,0.0,0.0,0.0,0.0,0.0,0.0,0.0,0.0,0.0,0.0,0.0,0.0,0.0,0.0,0.0,0.0,0.0,0.0,0.0,0.0,0.0,0.0,0.0,0.0,0.0,0.0,0.0,0.0,0.0,0.0,0.0,0.0,0.0,0.0,0.0,0.0,0.0,0.0,0.0,0.0,0.0,0.0,0.0,0.0,0.0,0.0,0.0,0.0,0.0,0.0,0.0,0.0,0.0,0.0,0.0,0.0,0.0,0.0,0.0,0.0,0.0,0.0,0.0,0.0,0.0,0.0,0.0,0.0,0.0,0.0,0.0,0.0,0.0,0.0,0.0,0.0,0.0,0.0,0.0,0.0,0.0,0.0,0.0,0.0,0.0,0.0,0.0,0.0,0.0,0.0,0.0,0.0,0.0,0.0,0.0,0.0,0.0,0.0,0.0,0.0,0.0,0.0,0.0,0.0,0.0,0.0,0.0,0.0,0.0,0.0,0.0,0.0,0.0,0.0,0.0,0.0,0.0,0.0,0.0,0.0,0.0,0.0,0.0,0.0,0.0,0.0,0.0,0.0,0.0,0.0,0.0,0.0,0.0,0.0,0.0,0.0,0.0,0.0,0.0,0.0,0.0,0.0,0.0,0.0,0.0,0.0,0.0,0.0,0.0,0.0,0.0,0.0,0.0,0.0,0.0,0.0,0.0,0.0,0.0,0.0,0.0,0.0,0.0,0.0,0.0,0.0,0.0,0.0,0.0,0.0,0.0,0.0,0.0,0.0
who,0.6499205231666565,0.277541846036911,-0.48819637298583984,0.6710993051528931,0.25478261709213257,-0.4961504340171814,0.6769416332244873,0.26100867986679077,-0.4962548613548279,0.6827035546302795,0.26725995540618896,-0.49650248885154724,0.6565907001495361,0.23790182173252106,-0.5036864280700684,0.6506451368331909,0.230430468916893,-0.503913402557373,0.6447141170501709,0.222977876663208,-0.5044209957122803,0.6825995445251465,0.28049081563949585,-0.4058532118797302,0.6312137842178345,0.22127848863601685,-0.44746747612953186,0.6484946012496948,0.3107300400733948,-0.4403485655784607,0.6279014945030212,0.28702110052108765,-0.45266780257225037,0.6661043763160706,0.4115281105041504,-0.3137756288051605,0.5530526041984558,0.2715815305709839,-0.35621026158332825,0.5933049917221069,0.4931851029396057,-0.2817210257053375,0.48277074098587036,0.3330000042915344,-0.3793101906776428,0.5276660919189453,0.3543112576007843,-0.20196811854839325,0.5105494856834412,0.4174131453037262,-0.37218326330184937,0.5047330856323242,0.3191725015640259,-0.20496773719787598,0.5116198062896729,0.4448969066143036,-0.384258508682251,0.517947793006897,0.30645132064819336,-0.16144700348377228,0.5242451429367065,0.4379652142524719,-0.37588587403297424,0.5197625160217285,0.3178234100341797,-0.18012070655822754,0.5232530832290649,0.4341074228286743,-0.368399977684021,0.4572891592979431,0.7013962268829346,0.0006099467864260077,0.3918468654155731,0.6196423172950745,-0.001132199657149613,0.4288467764854431,0.7828150391578674,0.35325872898101807,0.36396676301956177,0.6990193128585815,0.33521002531051636,0.3748335838317871,0.7991935014724731,0.6870293617248535,0.3493179976940155,0.7903284430503845,0.6769825220108032,0.3766542673110962,0.7988553643226624,0.7207329273223877,0.3526838421821594,0.7966901659965515,0.7128947377204895,0.3351799547672272,0.8464996218681335,0.6881793737411499,0.31076133251190186,0.8580677509307861,0.6598057746887207,0.0,0.0,0.0,0.0,0.0,0.0,0.0,0.0,0.0,0.0,0.0,0.0,0.0,0.0,0.0,0.0,0.0,0.0,0.0,0.0,0.0,0.0,0.0,0.0,0.0,0.0,0.0,0.0,0.0,0.0,0.0,0.0,0.0,0.0,0.0,0.0,0.0,0.0,0.0,0.0,0.0,0.0,0.0,0.0,0.0,0.0,0.0,0.0,0.0,0.0,0.0,0.0,0.0,0.0,0.0,0.0,0.0,0.0,0.0,0.0,0.0,0.0,0.0,0.0,0.0,0.0,0.0,0.0,0.0,0.0,0.0,0.0,0.0,0.0,0.0,0.0,0.0,0.0,0.0,0.0,0.0,0.0,0.0,0.0,0.0,0.0,0.0,0.0,0.0,0.0,0.0,0.0,0.0,0.0,0.0,0.0,0.0,0.0,0.0,0.0,0.0,0.0,0.0,0.0,0.0,0.0,0.0,0.0,0.0,0.0,0.0,0.0,0.0,0.0,0.0,0.0,0.0,0.0,0.0,0.0,0.0,0.0,0.0,0.0,0.0,0.0
who,0.0,0.0,0.0,0.0,0.0,0.0,0.0,0.0,0.0,0.0,0.0,0.0,0.0,0.0,0.0,0.0,0.0,0.0,0.0,0.0,0.0,0.0,0.0,0.0,0.0,0.0,0.0,0.0,0.0,0.0,0.0,0.0,0.0,0.0,0.0,0.0,0.0,0.0,0.0,0.0,0.0,0.0,0.0,0.0,0.0,0.0,0.0,0.0,0.0,0.0,0.0,0.0,0.0,0.0,0.0,0.0,0.0,0.0,0.0,0.0,0.0,0.0,0.0,0.0,0.0,0.0,0.0,0.0,0.0,0.0,0.0,0.0,0.0,0.0,0.0,0.0,0.0,0.0,0.0,0.0,0.0,0.0,0.0,0.0,0.0,0.0,0.0,0.0,0.0,0.0,0.0,0.0,0.0,0.0,0.0,0.0,0.0,0.0,0.0,0.0,0.0,0.0,0.0,0.0,0.0,0.0,0.0,0.0,0.0,0.0,0.0,0.0,0.0,0.0,0.0,0.0,0.0,0.0,0.0,0.0,0.0,0.0,0.0,0.0,0.0,0.0,0.0,0.0,0.0,0.0,0.0,0.0,0.0,0.0,0.0,0.0,0.0,0.0,0.0,0.0,0.0,0.0,0.0,0.0,0.0,0.0,0.0,0.0,0.0,0.0,0.0,0.0,0.0,0.0,0.0,0.0,0.0,0.0,0.0,0.0,0.0,0.0,0.0,0.0,0.0,0.0,0.0,0.0,0.0,0.0,0.0,0.0,0.0,0.0,0.0,0.0,0.0,0.0,0.0,0.0,0.0,0.0,0.0,0.0,0.0,0.0,0.0,0.0,0.0,0.0,0.0,0.0,0.0,0.0,0.0,0.0,0.0,0.0,0.0,0.0,0.0,0.0,0.0,0.0,0.0,0.0,0.0,0.0,0.0,0.0,0.0,0.0,0.0,0.0,0.0,0.0,0.0,0.0,0.0,0.0,0.0,0.0,0.0,0.0,0.0
who,0.0,0.0,0.0,0.0,0.0,0.0,0.0,0.0,0.0,0.0,0.0,0.0,0.0,0.0,0.0,0.0,0.0,0.0,0.0,0.0,0.0,0.0,0.0,0.0,0.0,0.0,0.0,0.0,0.0,0.0,0.0,0.0,0.0,0.0,0.0,0.0,0.0,0.0,0.0,0.0,0.0,0.0,0.0,0.0,0.0,0.0,0.0,0.0,0.0,0.0,0.0,0.0,0.0,0.0,0.0,0.0,0.0,0.0,0.0,0.0,0.0,0.0,0.0,0.0,0.0,0.0,0.0,0.0,0.0,0.0,0.0,0.0,0.0,0.0,0.0,0.0,0.0,0.0,0.0,0.0,0.0,0.0,0.0,0.0,0.0,0.0,0.0,0.0,0.0,0.0,0.0,0.0,0.0,0.0,0.0,0.0,0.0,0.0,0.0,0.0,0.0,0.0,0.0,0.0,0.0,0.0,0.0,0.0,0.0,0.0,0.0,0.0,0.0,0.0,0.0,0.0,0.0,0.0,0.0,0.0,0.0,0.0,0.0,0.0,0.0,0.0,0.0,0.0,0.0,0.0,0.0,0.0,0.0,0.0,0.0,0.0,0.0,0.0,0.0,0.0,0.0,0.0,0.0,0.0,0.0,0.0,0.0,0.0,0.0,0.0,0.0,0.0,0.0,0.0,0.0,0.0,0.0,0.0,0.0,0.0,0.0,0.0,0.0,0.0,0.0,0.0,0.0,0.0,0.0,0.0,0.0,0.0,0.0,0.0,0.0,0.0,0.0,0.0,0.0,0.0,0.0,0.0,0.0,0.0,0.0,0.0,0.0,0.0,0.0,0.0,0.0,0.0,0.0,0.0,0.0,0.0,0.0,0.0,0.0,0.0,0.0,0.0,0.0,0.0,0.0,0.0,0.0,0.0,0.0,0.0,0.0,0.0,0.0,0.0,0.0,0.0,0.0,0.0,0.0,0.0,0.0,0.0,0.0,0.0,0.0
who,0.0,0.0,0.0,0.0,0.0,0.0,0.0,0.0,0.0,0.0,0.0,0.0,0.0,0.0,0.0,0.0,0.0,0.0,0.0,0.0,0.0,0.0,0.0,0.0,0.0,0.0,0.0,0.0,0.0,0.0,0.0,0.0,0.0,0.0,0.0,0.0,0.0,0.0,0.0,0.0,0.0,0.0,0.0,0.0,0.0,0.0,0.0,0.0,0.0,0.0,0.0,0.0,0.0,0.0,0.0,0.0,0.0,0.0,0.0,0.0,0.0,0.0,0.0,0.0,0.0,0.0,0.0,0.0,0.0,0.0,0.0,0.0,0.0,0.0,0.0,0.0,0.0,0.0,0.0,0.0,0.0,0.0,0.0,0.0,0.0,0.0,0.0,0.0,0.0,0.0,0.0,0.0,0.0,0.0,0.0,0.0,0.0,0.0,0.0,0.0,0.0,0.0,0.0,0.0,0.0,0.0,0.0,0.0,0.0,0.0,0.0,0.0,0.0,0.0,0.0,0.0,0.0,0.0,0.0,0.0,0.0,0.0,0.0,0.0,0.0,0.0,0.0,0.0,0.0,0.0,0.0,0.0,0.0,0.0,0.0,0.0,0.0,0.0,0.0,0.0,0.0,0.0,0.0,0.0,0.0,0.0,0.0,0.0,0.0,0.0,0.0,0.0,0.0,0.0,0.0,0.0,0.0,0.0,0.0,0.0,0.0,0.0,0.0,0.0,0.0,0.0,0.0,0.0,0.0,0.0,0.0,0.0,0.0,0.0,0.0,0.0,0.0,0.0,0.0,0.0,0.0,0.0,0.0,0.0,0.0,0.0,0.0,0.0,0.0,0.0,0.0,0.0,0.0,0.0,0.0,0.0,0.0,0.0,0.0,0.0,0.0,0.0,0.0,0.0,0.0,0.0,0.0,0.0,0.0,0.0,0.0,0.0,0.0,0.0,0.0,0.0,0.0,0.0,0.0,0.0,0.0,0.0,0.0,0.0,0.0
