P,0.5327040553092957,0.2598112225532532,-1.1937443017959595,0.5580897331237793,0.21664005517959595,-1.1318224668502808,0.5738452076911926,0.2203773856163025,-1.131664514541626,0.5885677933692932,0.2248479276895523,-1.1318141222000122,0.512207567691803,0.2097349762916565,-1.1351603269577026,0.49814122915267944,0.2084735482931137,-1.1357775926589966,0.4860996603965759,0.20769554376602173,-1.1362828016281128,0.6098580360412598,0.2594764232635498,-0.7649206519126892,0.47017884254455566,0.2358628660440445,-0.7845179438591003,0.5657287240028381,0.33020904660224915,-1.0578089952468872,0.5072308778762817,0.32232964038848877,-1.0657730102539062,0.71532142162323,0.5697994232177734,-0.5947801470756531,0.33688661456108093,0.4995054006576538,-0.5512531399726868,0.7708408832550049,0.9448381066322327,-0.6717254519462585,0.033608853816986084,0.40326106548309326,-1.0878472328186035,0.7822554707527161,1.190708041191101,-0.8136089444160461,0.1940707564353943,0.20563936233520508,-1.579484462738037,0.8010080456733704,1.2778979539871216,-0.8647185564041138,0.22353288531303406,0.19685029983520508,-1.6880182027816772,0.7704751491546631,1.2626266479492188,-0.8751348257064819,0.26345211267471313,0.2266947627067566,-1.575810432434082,0.7538855075836182,1.2323344945907593,-0.8251849412918091,0.2587391436100006,0.23911680281162262,-1.5544813871383667,0.6315633058547974,1.1347414255142212,-0.051129698753356934,0.41836780309677124,1.1299182176589966,0.052333224564790726,0.665535569190979,1.529913306236267,-0.13972419500350952,0.39751648902893066,1.5150139331817627,-0.19401519000530243,0.6400398015975952,1.925534963607788,0.5499060750007629,0.4235127568244934,1.9371711015701294,0.31855452060699463,0.6382245421409607,1.9848346710205078,0.5991864800453186,0.42759567499160767,1.999715805053711,0.36082571744918823,0.6133352518081665,2.08931303024292,0.21014542877674103,0.436657190322876,2.0952515602111816,-0.056665968149900436,0.12672658264636993,0.2734743058681488,0.0,0.16602668166160583,0.2836073637008667,-0.0039333077147603035,0.20847980678081512,0.29035526514053345,-0.013940808363258839,0.2391308844089508,0.2963528037071228,-0.028758462518453598,0.2635285258293152,0.30622613430023193,-0.044169992208480835,0.23674947023391724,0.2510213851928711,-0.0134398452937603,0.2782178819179535,0.2690080404281616,-0.038440972566604614,0.2977640628814697,0.2966315448284149,-0.05536030977964401,0.30485472083091736,0.3225122094154358,-0.06428880989551544,0.22612033784389496,0.23222486674785614,-0.02529849484562874,0.2707325220108032,0.2530689835548401,-0.05744235962629318,0.27443140745162964,0.2970147430896759,-0.07136785238981247,0.26684001088142395,0.33069825172424316,-0.07530692219734192,0.20941314101219177,0.2166978418827057,-0.03868962824344635,0.2522161304950714,0.23325300216674805,-0.06537729501724243,0.24767513573169708,0.2755439579486847,-0.0666656494140625,0.23645442724227905,0.3069607615470886,-0.06293903291225433,0.18851825594902039,0.20503689348697662,-0.05372206121683121,0.2180974930524826,0.22191160917282104,-0.07064071297645569,0.21964582800865173,0.2540406584739685,-0.06954475492238998,0.21499188244342804,0.27932825684547424,-0.06534828245639801
P,0.5165379047393799,0.2688172459602356,-1.1955180168151855,0.5411929488182068,0.21831178665161133,-1.1319009065628052,0.5582276582717896,0.2166827768087387,-1.1317288875579834,0.5729608535766602,0.21628975868225098,-1.1318035125732422,0.4867429733276367,0.22621607780456543,-1.1332844495773315,0.4697416424751282,0.22943323850631714,-1.1337679624557495,0.4564897418022156,0.23295742273330688,-1.1342756748199463,0.5976167917251587,0.24565090239048004,-0.7500025033950806,0.4376388490200043,0.26487410068511963,-0.7600969076156616,0.5579092502593994,0.32885807752609253,-1.0557433366775513,0.4970622658729553,0.3331539034843445,-1.0616117715835571,0.7045426964759827,0.5704948902130127,-0.548739492893219,0.3481166958808899,0.5071563124656677,-0.5296272039413452,0.758525013923645,0.9491316080093384,-0.5857259631156921,0.05081963539123535,0.32000666856765747,-0.9813389778137207,0.7612303495407104,1.192380428314209,-0.6531267762184143,0.24454769492149353,0.2127876877784729,-1.2922526597976685,0.7825391292572021,1.2684963941574097,-0.6980280876159668,0.29332268238067627,0.18144382536411285,-1.395044207572937,0.7536470293998718,1.2568279504776,-0.7063405513763428,0.32614850997924805,0.20504890382289886,-1.2708079814910889,0.7351573705673218,1.2245502471923828,-0.6660711169242859,0.3107474446296692,0.2680858373641968,-1.2687736749649048,0.6482755541801453,1.1552530527114868,-0.0306687168776989,0.42681798338890076,1.1560595035552979,0.03265945240855217,0.6440151333808899,1.6280217170715332,0.06648439913988113,0.4309519827365875,1.61492919921875,-0.07125022262334824,0.629672646522522,2.031489372253418,0.6922765374183655,0.41434216499328613,2.0426313877105713,0.3705171048641205,0.6301354765892029,2.0962564945220947,0.7310686111450195,0.4112643301486969,2.1164262294769287,0.4030970633029938,0.6082135438919067,2.1935811042785645,0.29071056842803955,0.43630677461624146,2.186634063720703,-0.09059002995491028,0.15407198667526245,0.22294320166110992,0.0,0.19505608081817627,0.26625388860702515,-0.00881956610828638,0.24713149666786194,0.3034510314464569,-0.02157997339963913,0.28215736150741577,0.3318716585636139,-0.03651604801416397,0.3092094659805298,0.3531319499015808,-0.051453474909067154,0.3033907413482666,0.21287783980369568,-0.027826722711324692,0.32665830850601196,0.311088889837265,-0.05308276414871216,0.3353893458843231,0.3792755603790283,-0.0690859854221344,0.33925777673721313,0.43141692876815796,-0.0776512548327446,0.2990018129348755,0.19536642730236053,-0.03679274022579193,0.3267210125923157,0.3092798590660095,-0.06638677418231964,0.32184523344039917,0.3794986605644226,-0.07746773213148117,0.3140696585178375,0.42565208673477173,-0.0817793533205986,0.2853798568248749,0.19181078672409058,-0.04651286453008652,0.3120031952857971,0.29749712347984314,-0.07238190621137619,0.28659629821777344,0.3444831371307373,-0.07325781136751175,0.2648852467536926,0.3706386983394623,-0.07011698931455612,0.2638608515262604,0.19611987471580505,-0.05785280838608742,0.27828100323677063,0.2735465466976166,-0.07661823183298111,0.2636187970638275,0.31058040261268616,-0.07524576038122177,0.24948985874652863,0.3332621455192566,-0.07062610238790512
P,0.5072925090789795,0.2610083222389221,-1.1047563552856445,0.5318575501441956,0.20999401807785034,-1.0356618165969849,0.5493980646133423,0.2080187201499939,-1.0355292558670044,0.5640568137168884,0.207164466381073,-1.0355963706970215,0.47680363059043884,0.21832990646362305,-1.037806510925293,0.4612637162208557,0.22187620401382446,-1.0382380485534668,0.4486604332923889,0.22541457414627075,-1.0387821197509766,0.5891371369361877,0.23726963996887207,-0.6381027698516846,0.4357728362083435,0.25677478313446045,-0.6485221982002258,0.5525854825973511,0.32139724493026733,-0.9605094194412231,0.4920739531517029,0.32386329770088196,-0.9663894772529602,0.7088345289230347,0.5690494775772095,-0.4232218861579895,0.3437897562980652,0.503608226776123,-0.45704251527786255,0.7652456760406494,0.9528170824050903,-0.46423864364624023,0.05559006333351135,0.3297046422958374,-0.9686428904533386,0.770048201084137,1.205722451210022,-0.5826244950294495,0.2469186782836914,0.2094150185585022,-1.3706467151641846,0.7878350615501404,1.288333773612976,-0.6357417702674866,0.2946920692920685,0.1773645281791687,-1.5005958080291748,0.7579216957092285,1.2757744789123535,-0.6592738032341003,0.33045071363449097,0.198009192943573,-1.3739595413208008,0.7406077980995178,1.2415827512741089,-0.6034165024757385,0.31573230028152466,0.2641632556915283,-1.3489164113998413,0.6589398384094238,1.1651787757873535,-0.014741584658622742,0.43388500809669495,1.1660887002944946,0.016867484897375107,0.6568120718002319,1.647095799446106,0.0006218558992259204,0.4393143653869629,1.6278399229049683,-0.17633996903896332,0.6486389636993408,2.052243709564209,0.6392225623130798,0.42789942026138306,2.062997341156006,0.26388290524482727,0.6510409712791443,2.114206314086914,0.6779902577400208,0.4254154562950134,2.1362688541412354,0.293379008769989,0.6215254664421082,2.2144174575805664,0.21906256675720215,0.4473060667514801,2.2057762145996094,-0.21468022465705872,0.19095590710639954,0.2195688784122467,0.0,0.22809919714927673,0.27110397815704346,-0.007992802187800407,0.2667684555053711,0.32008132338523865,-0.02396547608077526,0.28930938243865967,0.354606568813324,-0.042689453810453415,0.3058023452758789,0.3809651732444763,-0.06102171912789345,0.3229464590549469,0.25615280866622925,-0.032653722912073135,0.3403141498565674,0.3308406472206116,-0.06152909994125366,0.3474317491054535,0.3876090347766876,-0.07934944331645966,0.3489214777946472,0.43694138526916504,-0.08909033238887787,0.3123069405555725,0.22370995581150055,-0.04357128590345383,0.3254157602787018,0.3132581114768982,-0.07556290179491043,0.3152165412902832,0.37441784143447876,-0.08577106893062592,0.30468374490737915,0.4175015687942505,-0.08948682248592377,0.2913815677165985,0.2014128565788269,-0.055154889822006226,0.2974035143852234,0.28527209162712097,-0.08103403449058533,0.26831504702568054,0.3185456395149231,-0.07881010323762894,0.24710945785045624,0.3369368016719818,-0.07378651946783066,0.26356545090675354,0.1864931881427765,-0.06857015192508698,0.26659315824508667,0.2548571825027466,-0.08621964603662491,0.24965016543865204,0.2842862010002136,-0.08302535861730576,0.23660248517990112,0.2994706630706787,-0.07743853330612183
P,0.5159695148468018,0.2650700807571411,-1.0014034509658813,0.5350136756896973,0.20592713356018066,-0.9226863980293274,0.548754096031189,0.2027639001607895,-0.9226126670837402,0.561147928237915,0.2013227939605713,-0.9228709936141968,0.48696160316467285,0.2210240364074707,-0.9294687509536743,0.4700579047203064,0.22721876204013824,-0.9294706583023071,0.45386114716529846,0.23313570022583008,-0.9298624992370605,0.581146776676178,0.2291630357503891,-0.4548911154270172,0.4308287501335144,0.26482993364334106,-0.48396387696266174,0.550891637802124,0.32436656951904297,-0.8345513343811035,0.49595481157302856,0.33467942476272583,-0.8444440960884094,0.7068476676940918,0.5561425089836121,-0.24611525237560272,0.34429875016212463,0.5016223788261414,-0.3281453847885132,0.7642943859100342,0.9508582353591919,-0.25561824440956116,0.04398864507675171,0.35671675205230713,-0.929247260093689,0.7620416879653931,1.2445839643478394,-0.4099307656288147,0.2221662551164627,0.2049819380044937,-1.4769660234451294,0.776585578918457,1.328722596168518,-0.4757390022277832,0.2549540400505066,0.19546246528625488,-1.637103796005249,0.7559774518013,1.3218995332717896,-0.5135771036148071,0.29125040769577026,0.23151983320713043,-1.5249325037002563,0.7371514439582825,1.2924565076828003,-0.43889132142066956,0.2870563566684723,0.2508031129837036,-1.4649300575256348,0.6818115711212158,1.2519420385360718,-0.05788193270564079,0.43740329146385193,1.2581219673156738,0.06017468124628067,0.6637995839118958,1.8185031414031982,0.17641469836235046,0.433318555355072,1.819496512413025,0.21860352158546448,0.6523329019546509,2.3080222606658936,0.909009575843811,0.42507630586624146,2.3139829635620117,0.7981541752815247,0.6562841534614563,2.372297525405884,0.9522086381912231,0.4202967584133148,2.3774871826171875,0.8436905741691589,0.6206175088882446,2.4794464111328125,0.39441928267478943,0.45065346360206604,2.4903197288513184,0.22304019331932068,0.27093377709388733,0.25705209374427795,0.0,0.29283520579338074,0.28603529930114746,-0.011199703440070152,0.3067576587200165,0.32510676980018616,-0.026186399161815643,0.310898095369339,0.35734158754348755,-0.038861457258462906,0.31487226486206055,0.3844422996044159,-0.0516323447227478,0.3030271530151367,0.2983483672142029,-0.056157905608415604,0.29780495166778564,0.3429340124130249,-0.07329303026199341,0.2901095449924469,0.37459954619407654,-0.07610823959112167,0.28561651706695557,0.40114694833755493,-0.07623853534460068,0.28223830461502075,0.2804221510887146,-0.05729545280337334,0.26957330107688904,0.3439074754714966,-0.0732840821146965,0.27657172083854675,0.3614489734172821,-0.06790715456008911,0.282728910446167,0.37265610694885254,-0.06282983720302582,0.26033616065979004,0.26743701100349426,-0.055881317704916,0.24423792958259583,0.31934216618537903,-0.06928619742393494,0.25258615612983704,0.3101903796195984,-0.05682898312807083,0.26066192984580994,0.29564040899276733,-0.04656045883893967,0.23993587493896484,0.25887244939804077,-0.05472952872514725,0.22684872150421143,0.2998402714729309,-0.06202564388513565,0.2366899847984314,0.2903974950313568,-0.05354224517941475,0.24583370983600616,0.2726896405220032,-0.04595763236284256
P,0.5230075716972351,0.2837371826171875,-0.9910274744033813,0.5514345169067383,0.24546970427036285,-0.9221774935722351,0.5662036538124084,0.2513042092323303,-0.9221874475479126,0.5794203877449036,0.25710439682006836,-0.9223989248275757,0.5078957676887512,0.22739338874816895,-0.927355945110321,0.4911317229270935,0.22095710039138794,-0.9274799227714539,0.4748048186302185,0.21607357263565063,-0.9277589917182922,0.5862278938293457,0.2854756712913513,-0.5224511623382568,0.4392159581184387,0.23947405815124512,-0.5375328063964844,0.5349594354629517,0.3492473363876343,-0.849929928779602,0.48225122690200806,0.33493608236312866,-0.8570965528488159,0.6528189182281494,0.5564102530479431,-0.40525689721107483,0.28742021322250366,0.5079733729362488,-0.3245222568511963,0.7467083930969238,0.9178682565689087,-0.4437057375907898,-0.02609732747077942,0.427234947681427,-0.9523628354072571,0.7740234136581421,1.1631300449371338,-0.6330264806747437,0.1272590458393097,0.2704020142555237,-1.6866337060928345,0.796785831451416,1.2560418844223022,-0.7081542015075684,0.16983579099178314,0.24075990915298462,-1.8363330364227295,0.769101619720459,1.2435154914855957,-0.731086254119873,0.20839819312095642,0.2573133111000061,-1.7394587993621826,0.7505888938903809,1.2186263799667358,-0.6563432216644287,0.20323288440704346,0.28622913360595703,-1.6762487888336182,0.5945059657096863,1.1840567588806152,-0.08598344027996063,0.3476071357727051,1.179287314414978,0.08842874318361282,0.5691064596176147,1.6794062852859497,0.17152035236358643,0.33284515142440796,1.6787395477294922,0.509626030921936,0.5590499639511108,2.124894142150879,0.8675764799118042,0.33584490418434143,2.098072052001953,1.1870826482772827,0.5664103031158447,2.1987719535827637,0.910753071308136,0.329858660697937,2.1578269004821777,1.2477153539657593,0.5157256722450256,2.2740838527679443,0.4074057638645172,0.3681061267852783,2.2665672302246094,0.7304859161376953,0.11233696341514587,0.3524581789970398,0.0,0.1507384479045868,0.38314929604530334,-0.005016629118472338,0.18506422638893127,0.40673381090164185,-0.020383084192872047,0.19862474501132965,0.4325794279575348,-0.04159834235906601,0.19984233379364014,0.4548097848892212,-0.06326927989721298,0.2174750417470932,0.34642294049263,-0.024700846523046494,0.24783633649349213,0.347818523645401,-0.05784215033054352,0.26544976234436035,0.3782244920730591,-0.07939434051513672,0.2736060321331024,0.41400808095932007,-0.09120924770832062,0.19930829107761383,0.3240271508693695,-0.041619788855314255,0.22938388586044312,0.310147762298584,-0.07863811403512955,0.23480573296546936,0.35025447607040405,-0.09307357668876648,0.22841553390026093,0.3911046087741852,-0.0981907844543457,0.17336593568325043,0.3052043914794922,-0.06026251241564751,0.19824674725532532,0.2917498052120209,-0.08938688039779663,0.19313940405845642,0.3258003294467926,-0.08948754519224167,0.18087616562843323,0.35937222838401794,-0.08528603613376617,0.14232516288757324,0.2915361523628235,-0.08091513812541962,0.1599295735359192,0.27632173895835876,-0.09988925606012344,0.16073858737945557,0.2964628040790558,-0.09880676865577698,0.15456333756446838,0.3204313814640045,-0.0948488712310791
P,0.5104732513427734,0.27097463607788086,-1.1111608743667603,0.5411160588264465,0.23541373014450073,-1.0407377481460571,0.5569688677787781,0.24233245849609375,-1.0408166646957397,0.5714609622955322,0.24929414689540863,-1.0410205125808716,0.498329222202301,0.21634000539779663,-1.0437482595443726,0.48335927724838257,0.21084672212600708,-1.0441033840179443,0.46931424736976624,0.20724183320999146,-1.0444973707199097,0.5815364122390747,0.28260552883148193,-0.6396675705909729,0.4377613663673401,0.23589277267456055,-0.65289705991745,0.5261070132255554,0.34086692333221436,-0.9681024551391602,0.4732822775840759,0.32323503494262695,-0.9750372171401978,0.6573289632797241,0.5629307627677917,-0.5143914222717285,0.28816038370132446,0.5115132331848145,-0.39138859510421753,0.7419434785842896,0.9412715435028076,-0.5991040468215942,-0.03023889660835266,0.4393312335014343,-1.0050634145736694,0.7464938163757324,1.199002981185913,-0.8415451049804688,0.12590354681015015,0.2712169885635376,-1.7334582805633545,0.764324426651001,1.292399287223816,-0.9299749135971069,0.15773090720176697,0.2502385973930359,-1.8772897720336914,0.7351802587509155,1.2774298191070557,-0.9459565877914429,0.19933770596981049,0.26082342863082886,-1.7872451543807983,0.7180725336074829,1.247835397720337,-0.8613501787185669,0.19837898015975952,0.2854572534561157,-1.723756194114685,0.6009180545806885,1.1643089056015015,-0.09508286416530609,0.36811333894729614,1.161286473274231,0.09705124795436859,0.5784998536109924,1.645369052886963,0.03923875093460083,0.3446178138256073,1.6420061588287354,0.402020126581192,0.5690299272537231,2.0844321250915527,0.6906763315200806,0.35098153352737427,2.057650566101074,0.9496783018112183,0.5756168365478516,2.161177158355713,0.7292446494102478,0.3475413918495178,2.1227874755859375,0.9934506416320801,0.5362682342529297,2.2217979431152344,0.24107608199119568,0.37539854645729065,2.2082648277282715,0.500427782535553,0.15494036674499512,0.27211958169937134,0.0,0.18018604815006256,0.292105495929718,-0.014652435667812824,0.20640991628170013,0.3215518891811371,-0.037981610745191574,0.21912652254104614,0.350552499294281,-0.061808809638023376,0.23100462555885315,0.3749459683895111,-0.08466634899377823,0.23153044283390045,0.29058271646499634,-0.05813371017575264,0.24760591983795166,0.34231647849082947,-0.09027622640132904,0.25763002038002014,0.3778670132160187,-0.10744576156139374,0.26024195551872253,0.4096370339393616,-0.11636680364608765,0.21025356650352478,0.26283887028694153,-0.06678222119808197,0.2120451182126999,0.32568788528442383,-0.09749113768339157,0.2046399861574173,0.3616510331630707,-0.10149887204170227,0.19097164273262024,0.3846830129623413,-0.10316938906908035,0.18320158123970032,0.24247846007347107,-0.07465066760778427,0.17963260412216187,0.28962138295173645,-0.09535331279039383,0.17196109890937805,0.30390146374702454,-0.08843926340341568,0.16226652264595032,0.3102579116821289,-0.08384633809328079,0.1547451764345169,0.22680708765983582,-0.08478127419948578,0.1506270319223404,0.2639855742454529,-0.09695380181074142,0.14785662293434143,0.2833315134048462,-0.09185641258955002,0.14486125111579895,0.2946838438510895,-0.08768036961555481
P,0.4878970682621002,0.2627979516983032,-1.0902639627456665,0.5186663269996643,0.22388309240341187,-1.015476107597351,0.5351738929748535,0.22764992713928223,-1.015454649925232,0.5512186288833618,0.23148709535598755,-1.0156008005142212,0.4686163067817688,0.21375638246536255,-1.0231642723083496,0.45287251472473145,0.2116432785987854,-1.023733139038086,0.43907028436660767,0.21054302155971527,-1.0241827964782715,0.571115255355835,0.2659922242164612,-0.6218045949935913,0.4182155728340149,0.23589128255844116,-0.6647590398788452,0.5191676616668701,0.33066362142562866,-0.9491797685623169,0.45891958475112915,0.32110241055488586,-0.9638435244560242,0.6637400984764099,0.5664116144180298,-0.46935468912124634,0.29518941044807434,0.517488420009613,-0.4371468424797058,0.7544146776199341,0.950486421585083,-0.5233866572380066,0.006061077117919922,0.3983338475227356,-0.9769355654716492,0.7740775346755981,1.1812092065811157,-0.6740419864654541,0.148574560880661,0.23040145635604858,-1.4970324039459229,0.7965070009231567,1.2637497186660767,-0.7295112013816833,0.18690341711044312,0.20019306242465973,-1.6124159097671509,0.7710548639297485,1.2445570230484009,-0.7471447587013245,0.22491617500782013,0.20465683937072754,-1.5139663219451904,0.7518066167831421,1.2152279615402222,-0.689892590045929,0.20067806541919708,0.25002849102020264,-1.481728196144104,0.6036309599876404,1.1574047803878784,-0.05633248761296272,0.3979479670524597,1.1579300165176392,0.057447414845228195,0.6343087553977966,1.5538476705551147,-0.10783235728740692,0.3741821050643921,1.5319308042526245,-0.19436334073543549,0.6173402667045593,1.9523890018463135,0.5697853565216064,0.40968209505081177,1.9679865837097168,0.3318915069103241,0.6174453496932983,2.011920213699341,0.6172677874565125,0.4173082709312439,2.0290961265563965,0.37404555082321167,0.5970427989959717,2.1059582233428955,0.22453805804252625,0.4179769456386566,2.1233880519866943,-0.04719044640660286,0.16352009773254395,0.2221156656742096,0.0,0.19330789148807526,0.26539182662963867,-0.0019984329119324684,0.212972030043602,0.3152162730693817,-0.01672985777258873,0.2111269235610962,0.3673114478588104,-0.03287775069475174,0.20251065492630005,0.40754592418670654,-0.046819236129522324,0.2477736473083496,0.30479440093040466,-0.030206361785531044,0.258655309677124,0.36514854431152344,-0.04876082390546799,0.2628077268600464,0.4061794877052307,-0.05949440225958824,0.26755449175834656,0.4449833035469055,-0.06687122583389282,0.2314663827419281,0.2868448793888092,-0.04157672077417374,0.20934343338012695,0.36511659622192383,-0.06073763594031334,0.1984301060438156,0.3887981176376343,-0.06100567430257797,0.19922761619091034,0.4054916203022003,-0.061862729489803314,0.20624634623527527,0.2730894386768341,-0.05198925361037254,0.17941176891326904,0.33973246812820435,-0.061378445476293564,0.17399965226650238,0.32178136706352234,-0.04850132763385773,0.1812414824962616,0.2985549569129944,-0.04211362823843956,0.1803419142961502,0.26534080505371094,-0.06433417648077011,0.1618378758430481,0.31935495138168335,-0.06908402591943741,0.15870848298072815,0.30499744415283203,-0.05990616977214813,0.1654745638370514,0.28454893827438354,-0.054032351821660995
P,0.5033370852470398,0.2724387049674988,-1.1875401735305786,0.5271897315979004,0.22497926652431488,-1.1095067262649536,0.5416374206542969,0.22661004960536957,-1.1094777584075928,0.5557079911231995,0.22864127159118652,-1.1096335649490356,0.47803348302841187,0.2217453569173813,-1.125141978263855,0.45900529623031616,0.2211238294839859,-1.1257303953170776,0.44194895029067993,0.2211882472038269,-1.1261810064315796,0.5690885186195374,0.25836241245269775,-0.6835234761238098,0.41313090920448303,0.2471141815185547,-0.7611016631126404,0.5315245985984802,0.3373974561691284,-1.0325555801391602,0.4744313359260559,0.33404991030693054,-1.0572932958602905,0.6674467325210571,0.56428062915802,-0.47097617387771606,0.29433441162109375,0.5203508138656616,-0.5356987714767456,0.7549110651016235,0.9498594999313354,-0.5275804400444031,-0.01725590229034424,0.39782798290252686,-1.0604655742645264,0.7790452241897583,1.1818807125091553,-0.7276977896690369,0.15376275777816772,0.2420482635498047,-1.5264064073562622,0.8024066686630249,1.2635639905929565,-0.7891244888305664,0.19580033421516418,0.2144538313150406,-1.6505199670791626,0.7758316993713379,1.2474583387374878,-0.8119179010391235,0.22481569647789001,0.2603250741958618,-1.5356462001800537,0.7561963796615601,1.2185381650924683,-0.7484527826309204,0.22092695534229279,0.2804160714149475,-1.503313422203064,0.6225981116294861,1.164665699005127,-0.01869785599410534,0.4024234712123871,1.1753629446029663,0.020230157300829887,0.6544333100318909,1.6291842460632324,-0.0861084833741188,0.3995102643966675,1.5924696922302246,-0.35291051864624023,0.6381442546844482,2.02897310256958,0.581159770488739,0.42666250467300415,2.0490365028381348,0.1668105572462082,0.635119616985321,2.0870425701141357,0.6258379220962524,0.42779573798179626,2.1171693801879883,0.20791175961494446,0.6194210052490234,2.188694715499878,0.20440129935741425,0.4541873037815094,2.199770927429199,-0.2594968378543854,0.14301536977291107,0.3149564266204834,0.0,0.183246910572052,0.34703177213668823,-0.002685959916561842,0.2177199423313141,0.37533968687057495,-0.016275834292173386,0.23580007255077362,0.4089014530181885,-0.033276863396167755,0.24749720096588135,0.44011572003364563,-0.04953276738524437,0.2441815584897995,0.3154366910457611,-0.024027163162827492,0.25692611932754517,0.3518229126930237,-0.04886864870786667,0.2656909227371216,0.3913975656032562,-0.06326882541179657,0.2673482298851013,0.42773327231407166,-0.07078913599252701,0.22141212224960327,0.2923571765422821,-0.03740433603525162,0.21658724546432495,0.3372017443180084,-0.06249329075217247,0.21188019216060638,0.37157660722732544,-0.06633803248405457,0.20423009991645813,0.39303746819496155,-0.06744992733001709,0.19009336829185486,0.27837616205215454,-0.051223523914813995,0.18741901218891144,0.31381067633628845,-0.07188663631677628,0.18428762257099152,0.33215606212615967,-0.06593766808509827,0.1810748428106308,0.34050992131233215,-0.06033116579055786,0.15687721967697144,0.27156558632850647,-0.06636498868465424,0.1579502522945404,0.2941054403781891,-0.0815974622964859,0.1606285572052002,0.30785036087036133,-0.07726159691810608,0.16163566708564758,0.31358882784843445,-0.0718500018119812
P,0.5095715522766113,0.27535581588745117,-1.1072728633880615,0.5323173999786377,0.22662299871444702,-1.0337682962417603,0.5467151999473572,0.2278090864419937,-1.0337210893630981,0.560137152671814,0.22950869798660278,-1.033820629119873,0.4835118353366852,0.2255116105079651,-1.0489367246627808,0.4637632369995117,0.2259255051612854,-1.0494451522827148,0.4459604322910309,0.22666335105895996,-1.0498473644256592,0.5701590776443481,0.2581865191459656,-0.6333167552947998,0.41518306732177734,0.2520495057106018,-0.7124775648117065,0.5349560379981995,0.3396826386451721,-0.9611099362373352,0.4799571633338928,0.3374789357185364,-0.9862743616104126,0.6690675020217896,0.5604770183563232,-0.4558294713497162,0.2946673035621643,0.5180816650390625,-0.48885098099708557,0.7575517892837524,0.9455051422119141,-0.5063991546630859,-0.009931862354278564,0.40296828746795654,-1.025073528289795,0.7770487666130066,1.1885250806808472,-0.6657825112342834,0.15642401576042175,0.23725563287734985,-1.4843635559082031,0.8016363382339478,1.2733514308929443,-0.7144503593444824,0.1973266303539276,0.21383506059646606,-1.5860406160354614,0.7739782333374023,1.2572788000106812,-0.7276259064674377,0.229160875082016,0.2584550976753235,-1.4758453369140625,0.7529414296150208,1.2265865802764893,-0.6800097227096558,0.226749449968338,0.27782487869262695,-1.460669994354248,0.6189167499542236,1.155803918838501,-0.03823808580636978,0.40854471921920776,1.164621353149414,0.039479512721300125,0.6676769852638245,1.5637694597244263,-0.24506740272045135,0.3890630304813385,1.5498822927474976,-0.3650294840335846,0.6318017244338989,1.9772160053253174,0.3096262216567993,0.43379124999046326,2.005239963531494,0.03522379323840141,0.6247117519378662,2.035550117492676,0.34507864713668823,0.4404200613498688,2.066439151763916,0.06473816931247711,0.6137566566467285,2.133425235748291,-0.056438423693180084,0.4507388472557068,2.1616287231445312,-0.35347598791122437,0.15895268321037292,0.24997469782829285,0.0,0.19661015272140503,0.274047315120697,-0.002491846214979887,0.22401589155197144,0.30580320954322815,-0.016893431544303894,0.23509129881858826,0.3362619876861572,-0.03385428711771965,0.24004071950912476,0.360360324382782,-0.05057377368211746,0.25131475925445557,0.28066202998161316,-0.03397057205438614,0.2555714249610901,0.32827091217041016,-0.06069843843579292,0.2601623833179474,0.36463093757629395,-0.07708040624856949,0.2611527144908905,0.39863014221191406,-0.0862148106098175,0.22964251041412354,0.2576630115509033,-0.046718351542949677,0.22484953701496124,0.31641238927841187,-0.07402924448251724,0.22060339152812958,0.34929901361465454,-0.08019421249628067,0.21403168141841888,0.37076231837272644,-0.08357802033424377,0.20125874876976013,0.24095089733600616,-0.05896742641925812,0.1935947835445404,0.29700222611427307,-0.08055856078863144,0.18755632638931274,0.31602323055267334,-0.0763087347149849,0.18180091679096222,0.32515397667884827,-0.07206764072179794,0.1712028831243515,0.23042815923690796,-0.07233475148677826,0.16610482335090637,0.27442535758018494,-0.0880466103553772,0.164092019200325,0.289298951625824,-0.0852711945772171,0.16167853772640228,0.29247617721557617,-0.08150207996368408
P,0.49546241760253906,0.2720932960510254,-1.1037007570266724,0.5215500593185425,0.22249378263950348,-1.0314927101135254,0.536967396736145,0.2242676168680191,-1.031435251235962,0.552096962928772,0.2269180864095688,-1.03159499168396,0.4720901548862457,0.21926671266555786,-1.0410165786743164,0.45470792055130005,0.21875691413879395,-1.0415592193603516,0.4396889805793762,0.21893787384033203,-1.0420072078704834,0.5698071122169495,0.255607008934021,-0.6412112712860107,0.41493135690689087,0.24509061872959137,-0.6915104985237122,0.5274354219436646,0.3361474275588989,-0.9626909494400024,0.4686933159828186,0.33115455508232117,-0.9796856045722961,0.6709504127502441,0.5642720460891724,-0.4707718789577484,0.30269545316696167,0.518343448638916,-0.4711107313632965,0.7579453587532043,0.9555162787437439,-0.5238848328590393,-0.01133236289024353,0.3932510018348694,-0.9921916723251343,0.7797383069992065,1.2039893865585327,-0.6671363115310669,0.1574004888534546,0.24173277616500854,-1.4365234375,0.8037505149841309,1.2865147590637207,-0.7198264598846436,0.20335760712623596,0.2212543487548828,-1.5439327955245972,0.775236964225769,1.273679256439209,-0.7317646741867065,0.23130354285240173,0.25650519132614136,-1.4318957328796387,0.754750669002533,1.2439597845077515,-0.6813033819198608,0.23052266240119934,0.2758450508117676,-1.4137121438980103,0.6217639446258545,1.1594043970108032,-0.043984927237033844,0.40899592638015747,1.1666233539581299,0.045124851167201996,0.6615257263183594,1.605005145072937,-0.18193171918392181,0.39509662985801697,1.589975357055664,-0.2844417989253998,0.6457681655883789,2.0129501819610596,0.4689768850803375,0.43537062406539917,2.0380265712738037,0.18772229552268982,0.6449116468429565,2.070150852203369,0.5133873224258423,0.4425358176231384,2.0982723236083984,0.22494342923164368,0.6245777606964111,2.17297625541687,0.10050041973590851,0.4518217146396637,2.1964898109436035,-0.21820314228534698,0.20690642297267914,0.22430434823036194,0.0,0.23519223928451538,0.2494354546070099,-0.0017289725365117192,0.2450348436832428,0.29630985856056213,-0.015124719589948654,0.23352181911468506,0.33802586793899536,-0.028621163219213486,0.22730888426303864,0.3632272481918335,-0.04104382172226906,0.25990650057792664,0.29395633935928345,-0.04458198696374893,0.2689804136753082,0.36040470004081726,-0.06401804834604263,0.27309688925743103,0.39925819635391235,-0.07414078712463379,0.2770165503025055,0.43120214343070984,-0.08102066069841385,0.23322680592536926,0.2849459648132324,-0.05389062315225601,0.21486896276474,0.3675597310066223,-0.0751151591539383,0.2021019607782364,0.406414270401001,-0.07743752002716064,0.19556504487991333,0.43336549401283264,-0.07898632436990738,0.20593073964118958,0.2760013937950134,-0.0601724311709404,0.1909908801317215,0.3373320996761322,-0.06852229684591293,0.1895638406276703,0.3250703513622284,-0.05377691984176636,0.1940445452928543,0.3065061867237091,-0.04589974507689476,0.18080416321754456,0.2706988751888275,-0.06769537180662155,0.1717371642589569,0.31876030564308167,-0.07023515552282333,0.1734350174665451,0.31015127897262573,-0.0589451938867569,0.17775216698646545,0.29378828406333923,-0.05144680663943291
P,0.506289005279541,0.26918697357177734,-1.1800214052200317,0.5310553312301636,0.22300182282924652,-1.106795072555542,0.5454769134521484,0.22407831251621246,-1.1067101955413818,0.5595083832740784,0.22563153505325317,-1.1068271398544312,0.48076558113098145,0.22138041257858276,-1.1188160181045532,0.46112126111984253,0.22093558311462402,-1.1193444728851318,0.4436364769935608,0.22104167938232422,-1.1197534799575806,0.5739346742630005,0.2545682191848755,-0.6947932839393616,0.4158194661140442,0.2467041015625,-0.7553369998931885,0.5344005823135376,0.33280378580093384,-1.0316966772079468,0.47573718428611755,0.3313451409339905,-1.052163004875183,0.6717607975006104,0.5657771825790405,-0.504459798336029,0.2953212857246399,0.5186970233917236,-0.5217275619506836,0.761475682258606,0.9618229269981384,-0.5127745866775513,-0.008765965700149536,0.40187984704971313,-1.0452635288238525,0.7779656648635864,1.2311100959777832,-0.6250329613685608,0.16308310627937317,0.23689961433410645,-1.5087224245071411,0.8035256266593933,1.323021411895752,-0.6813905239105225,0.20870943367481232,0.21750956773757935,-1.6310632228851318,0.7720794677734375,1.314500331878662,-0.7049066424369812,0.2343560755252838,0.2656117081642151,-1.5234977006912231,0.7510486841201782,1.2809803485870361,-0.6453092098236084,0.2330089509487152,0.2804861068725586,-1.4898700714111328,0.622129499912262,1.1672255992889404,-0.03845619037747383,0.3956982493400574,1.1774204969406128,0.04020269960165024,0.628807544708252,1.6533787250518799,0.029941219836473465,0.4085349440574646,1.6580383777618408,0.01699198968708515,0.6247856616973877,2.075594902038574,0.6643619537353516,0.40892916917800903,2.0871894359588623,0.44112998247146606,0.6260138154029846,2.14066743850708,0.7028895616531372,0.40515226125717163,2.1568243503570557,0.4712545871734619,0.6050108671188354,2.2348222732543945,0.24566033482551575,0.4379926323890686,2.234363079071045,-0.03439251706004143,0.2193678319454193,0.23936545848846436,0.0,0.2440284937620163,0.25919368863105774,-0.005616652313619852,0.2520116865634918,0.3014684319496155,-0.0178749430924654,0.23875826597213745,0.33701249957084656,-0.02848006598651409,0.22770315408706665,0.3608516454696655,-0.03897992521524429,0.2584598660469055,0.29903164505958557,-0.048343706876039505,0.2662307322025299,0.3632342517375946,-0.06755039840936661,0.272391676902771,0.3989473581314087,-0.07730507105588913,0.2776452600955963,0.42695632576942444,-0.08323277533054352,0.2340538054704666,0.2874869704246521,-0.053288232535123825,0.21519458293914795,0.36314836144447327,-0.07154873013496399,0.20345230400562286,0.4005466103553772,-0.07293600589036942,0.19795861840248108,0.4266485571861267,-0.07388856261968613,0.2103821486234665,0.27987271547317505,-0.055742308497428894,0.20109784603118896,0.3434647023677826,-0.06484418362379074,0.2005929946899414,0.35415422916412354,-0.05462011694908142,0.20416250824928284,0.3546575605869293,-0.049376651644706726,0.18958525359630585,0.27663856744766235,-0.05895967781543732,0.18849721550941467,0.3228777050971985,-0.06373858451843262,0.19210900366306305,0.3266845941543579,-0.05616205930709839,0.19559955596923828,0.3211076557636261,-0.05106069892644882
P,0.5099236369132996,0.26848846673965454,-1.0535470247268677,0.5344851613044739,0.22619765996932983,-0.9821246266365051,0.5500625371932983,0.22873765230178833,-0.9821674227714539,0.5651739835739136,0.2313079833984375,-0.982300877571106,0.4884862005710602,0.21816658973693848,-0.9892555475234985,0.4726852476596832,0.21669167280197144,-0.9895919561386108,0.4579920768737793,0.21665328741073608,-0.9899183511734009,0.5785519480705261,0.2614361047744751,-0.5988812446594238,0.42615729570388794,0.24678832292556763,-0.6293311715126038,0.5353069305419922,0.3373609781265259,-0.9194551706314087,0.4800809919834137,0.329732209444046,-0.9311875104904175,0.6690701246261597,0.5633195638656616,-0.4996539056301117,0.29759979248046875,0.5196607708930969,-0.42104488611221313,0.757138729095459,0.9471312761306763,-0.5770767331123352,-0.012858599424362183,0.41821372509002686,-0.9828082323074341,0.7583903074264526,1.1699758768081665,-0.7454825043678284,0.14472582936286926,0.245358407497406,-1.5675411224365234,0.7778530120849609,1.2609435319900513,-0.8167508244514465,0.16682547330856323,0.2311604619026184,-1.6905437707901,0.7471547722816467,1.2466412782669067,-0.8267332911491394,0.20828452706336975,0.25231218338012695,-1.600210189819336,0.7298097014427185,1.217958927154541,-0.7608801126480103,0.21006247401237488,0.2733210325241089,-1.555205225944519,0.6211400628089905,1.1475409269332886,-0.07099802047014236,0.39386600255966187,1.1611474752426147,0.07295507937669754,0.6221262216567993,1.621561050415039,0.06658146530389786,0.40580883622169495,1.6305527687072754,0.2539447546005249,0.6220228672027588,2.0362682342529297,0.7508005499839783,0.41806560754776,2.032757520675659,0.78582364320755,0.6274517774581909,2.1055448055267334,0.7938674688339233,0.4141696095466614,2.097900867462158,0.8296297192573547,0.598914384841919,2.182774305343628,0.34029555320739746,0.45025357604026794,2.1810972690582275,0.34183698892593384,0.17284587025642395,0.21694034337997437,0.0,0.20374920964241028,0.24445834755897522,-0.0020359449554234743,0.2202831506729126,0.2880522310733795,-0.018926018849015236,0.21793648600578308,0.3311496078968048,-0.03697933256626129,0.21955356001853943,0.3595990240573883,-0.05281051620841026,0.24549280107021332,0.2870641052722931,-0.03826016187667847,0.26043522357940674,0.35343652963638306,-0.05537789687514305,0.2670039236545563,0.39683863520622253,-0.06406155973672867,0.27440404891967773,0.4321065843105316,-0.07072806358337402,0.22197957336902618,0.2775594890117645,-0.0503527894616127,0.20727498829364777,0.3657386004924774,-0.0711217150092125,0.1986387073993683,0.40536433458328247,-0.07239387929439545,0.19694174826145172,0.4326547086238861,-0.0733521580696106,0.19454309344291687,0.27052855491638184,-0.05995092913508415,0.17560796439647675,0.3354784846305847,-0.06802216917276382,0.1711501181125641,0.3170233368873596,-0.05192526429891586,0.17649881541728973,0.29347097873687744,-0.04358223080635071,0.1676027625799179,0.2684859335422516,-0.07135674357414246,0.15673114359378815,0.32561829686164856,-0.07297167181968689,0.15468180179595947,0.30878517031669617,-0.06025441363453865,0.15958738327026367,0.2859897017478943,-0.05237462371587753
P,0.5131158232688904,0.26047229766845703,-1.1323366165161133,0.5397067070007324,0.22135895490646362,-1.061562180519104,0.5549392104148865,0.22580260038375854,-1.0615822076797485,0.5696763396263123,0.2304965853691101,-1.061877727508545,0.4963127076625824,0.21032100915908813,-1.0650123357772827,0.4821963906288147,0.2082930952310562,-1.065325379371643,0.4688577651977539,0.20774078369140625,-1.065611481666565,0.5817639827728271,0.27024906873703003,-0.6547245383262634,0.4369717240333557,0.23969823122024536,-0.664448618888855,0.5346617698669434,0.33169156312942505,-0.9884082078933716,0.479938805103302,0.3192288279533386,-0.994507908821106,0.6693471074104309,0.5603780150413513,-0.5401565432548523,0.29882103204727173,0.5149939060211182,-0.42740219831466675,0.7646876573562622,0.9486579895019531,-0.6099095344543457,-0.02208128571510315,0.4284161925315857,-1.042482614517212,0.7850580811500549,1.21298086643219,-0.778440535068512,0.13642603158950806,0.23161453008651733,-1.7372394800186157,0.8112243413925171,1.3089516162872314,-0.8604998588562012,0.16243931651115417,0.238084614276886,-1.8827171325683594,0.7740024924278259,1.3047831058502197,-0.8743678331375122,0.2085346281528473,0.2574653625488281,-1.7893356084823608,0.7542039155960083,1.2751768827438354,-0.7963649034500122,0.20860514044761658,0.27058112621307373,-1.7262872457504272,0.6211227178573608,1.1700758934020996,-0.09306586533784866,0.3833447992801666,1.1834038496017456,0.09503692388534546,0.6165692210197449,1.6725437641143799,0.19380530714988708,0.38856956362724304,1.6831600666046143,0.4182552397251129,0.6213621497154236,2.1085000038146973,0.9954842329025269,0.4054737985134125,2.1026408672332764,1.0702238082885742,0.6297858953475952,2.18469500541687,1.048918604850769,0.4020351469516754,2.1702139377593994,1.1264512538909912,0.5839632749557495,2.2615411281585693,0.5558240413665771,0.4410337805747986,2.266451835632324,0.6018949151039124,0.13533443212509155,0.2442755401134491,0.0,0.16861671209335327,0.26512712240219116,-0.007337646558880806,0.19847379624843597,0.28745996952056885,-0.02556275762617588,0.21341705322265625,0.31218963861465454,-0.04713837429881096,0.22791646420955658,0.32850801944732666,-0.06840863078832626,0.22088412940502167,0.22938373684883118,-0.04296381026506424,0.22304153442382812,0.28178292512893677,-0.07323861867189407,0.2212391048669815,0.31699153780937195,-0.09100817143917084,0.21555323898792267,0.347314715385437,-0.1004318967461586,0.20217078924179077,0.2052842676639557,-0.056398868560791016,0.2030709832906723,0.28794586658477783,-0.08835931867361069,0.19861453771591187,0.337182879447937,-0.09567049890756607,0.18913893401622772,0.3747045397758484,-0.09932167828083038,0.17791064083576202,0.19014818966388702,-0.06901304423809052,0.18069201707839966,0.2615264058113098,-0.0910034105181694,0.17757298052310944,0.29522308707237244,-0.08659996837377548,0.172157883644104,0.32120993733406067,-0.08343315124511719,0.15207654237747192,0.18285363912582397,-0.08355402946472168,0.15983539819717407,0.24202600121498108,-0.09618327021598816,0.16273652017116547,0.27791717648506165,-0.09167982637882233,0.163332000374794,0.3067372441291809,-0.08774448931217194
P,0.5138916969299316,0.26254594326019287,-1.0201414823532104,0.5353717803955078,0.2128857970237732,-0.9460727572441101,0.5486704111099243,0.21291238069534302,-0.9460464715957642,0.561255156993866,0.21380840241909027,-0.9462326765060425,0.4853818416595459,0.2148948311805725,-0.9539086222648621,0.4666740894317627,0.21661639213562012,-0.9540778398513794,0.44985491037368774,0.21875858306884766,-0.9543268084526062,0.5746658444404602,0.24181467294692993,-0.5428227782249451,0.4215192198753357,0.2496832013130188,-0.5743305683135986,0.5404012203216553,0.3269934058189392,-0.8800910115242004,0.48356762528419495,0.3280525207519531,-0.8918231129646301,0.6777622699737549,0.5591022372245789,-0.40741485357284546,0.3037159740924835,0.5248352885246277,-0.3799484372138977,0.7671316266059875,0.9394752979278564,-0.41487565636634827,-0.011435776948928833,0.44521886110305786,-0.942369282245636,0.7806445360183716,1.193518877029419,-0.5569044947624207,0.13146016001701355,0.23351377248764038,-1.5217229127883911,0.8078458905220032,1.2838590145111084,-0.6247134208679199,0.16351082921028137,0.19622434675693512,-1.6631906032562256,0.7770394086837769,1.2765672206878662,-0.6520678400993347,0.20577988028526306,0.22586120665073395,-1.5616415739059448,0.7563542127609253,1.2477667331695557,-0.5821872353553772,0.2014319896697998,0.24904900789260864,-1.5092991590499878,0.6415243744850159,1.176673173904419,-0.057800788432359695,0.4048742651939392,1.1958245038986206,0.060071684420108795,0.6456890106201172,1.6879884004592896,0.11916430294513702,0.4192201495170593,1.710757851600647,0.23925793170928955,0.6490548849105835,2.137421131134033,0.7895966172218323,0.4357149600982666,2.149200439453125,0.7154063582420349,0.6559213995933533,2.2085843086242676,0.8300243616104126,0.4333592355251312,2.213808298110962,0.7521284818649292,0.624670684337616,2.2896687984466553,0.3415135443210602,0.46756044030189514,2.3088815212249756,0.22142067551612854,0.1802401840686798,0.18105925619602203,0.0,0.21489736437797546,0.21122968196868896,0.0030782276298850775,0.2306699901819229,0.26610150933265686,-0.008198506198823452,0.2243536412715912,0.3182961046695709,-0.02098817192018032,0.22154034674167633,0.3519066274166107,-0.03171548247337341,0.24643540382385254,0.2703959345817566,-0.03244568780064583,0.2588390111923218,0.3424113988876343,-0.04684467986226082,0.2670005261898041,0.38099443912506104,-0.05299979820847511,0.2755608856678009,0.4137752652168274,-0.05811908841133118,0.22119426727294922,0.2679193913936615,-0.04548351839184761,0.20837171375751495,0.35715600848197937,-0.06401728093624115,0.1991601586341858,0.4060933291912079,-0.0656723827123642,0.19446545839309692,0.44544532895088196,-0.06743243336677551,0.19271749258041382,0.2622092664241791,-0.055514488369226456,0.17770002782344818,0.3258107602596283,-0.06266845017671585,0.17490072548389435,0.30429360270500183,-0.048315029591321945,0.17765626311302185,0.2807878851890564,-0.04074599966406822,0.16519342362880707,0.258331298828125,-0.06664616614580154,0.15875914692878723,0.30820393562316895,-0.06835995614528656,0.1593582034111023,0.29166948795318604,-0.057447679340839386,0.1624118685722351,0.2702571749687195,-0.05056963488459587
P,0.5130212306976318,0.27815377712249756,-1.099361777305603,0.5327118635177612,0.22641587257385254,-1.0281094312667847,0.5454227328300476,0.22585636377334595,-1.028121829032898,0.5570158958435059,0.22618025541305542,-1.0282771587371826,0.4828982949256897,0.22966653108596802,-1.034816861152649,0.46320047974586487,0.23128199577331543,-1.0351126194000244,0.4453994333744049,0.23306573927402496,-1.0354089736938477,0.5694727301597595,0.2502298951148987,-0.6027242541313171,0.4173743724822998,0.25945228338241577,-0.6269795894622803,0.5377144813537598,0.33888113498687744,-0.9473118782043457,0.48302167654037476,0.3428252041339874,-0.9571797251701355,0.6777997612953186,0.5552491545677185,-0.43084579706192017,0.2988218367099762,0.5203531384468079,-0.4041569232940674,0.7756987810134888,0.9313426613807678,-0.43620485067367554,-0.026233911514282227,0.43420493602752686,-1.0057258605957031,0.7953603267669678,1.1872646808624268,-0.6155458688735962,0.13288098573684692,0.23166900873184204,-1.6635481119155884,0.8210183382034302,1.282921314239502,-0.6953679323196411,0.17142724990844727,0.22605834901332855,-1.8192436695098877,0.7899147272109985,1.273759126663208,-0.7230439186096191,0.21640953421592712,0.2537990212440491,-1.720806360244751,0.7693164348602295,1.2446982860565186,-0.6406956911087036,0.21314844489097595,0.2682499885559082,-1.6521670818328857,0.6427509784698486,1.1935131549835205,-0.06594934314489365,0.40126973390579224,1.2142482995986938,0.06786307692527771,0.6472381353378296,1.7010455131530762,0.21438005566596985,0.41689056158065796,1.7248483896255493,0.37376177310943604,0.6526321172714233,2.1506285667419434,0.9633861780166626,0.4335947632789612,2.164792537689209,0.9780929684638977,0.6595737934112549,2.222750186920166,1.0115734338760376,0.43131494522094727,2.2317872047424316,1.029317021369934,0.6252310276031494,2.312225103378296,0.5110931992530823,0.4699784815311432,2.3297958374023438,0.49103277921676636,0.09620130807161331,0.2716291546821594,0.0,0.10344985872507095,0.24917733669281006,-0.012461232952773571,0.12076485902070999,0.23461511731147766,-0.027546657249331474,0.14421825110912323,0.242885023355484,-0.045102231204509735,0.1701170951128006,0.25943857431411743,-0.06225382164120674,0.171265110373497,0.17489613592624664,-0.0393468514084816,0.1948104053735733,0.2426011860370636,-0.06829917430877686,0.19906939566135406,0.30337387323379517,-0.08381339907646179,0.1946786344051361,0.3545665144920349,-0.09113041311502457,0.19204403460025787,0.18438935279846191,-0.048240285366773605,0.21078723669052124,0.27582210302352905,-0.08187948912382126,0.21042455732822418,0.3468489944934845,-0.09200906753540039,0.2028631865978241,0.4004690945148468,-0.09619089961051941,0.20266097784042358,0.20261743664741516,-0.057081349194049835,0.2228906899690628,0.28943195939064026,-0.0857117548584938,0.21509677171707153,0.35274848341941833,-0.08495094627141953,0.2043701410293579,0.3998379111289978,-0.08115313202142715,0.20829930901527405,0.23181644082069397,-0.06809274107217789,0.22494161128997803,0.29507097601890564,-0.08804027736186981,0.22000214457511902,0.33947765827178955,-0.08624589443206787,0.21333838999271393,0.3746855854988098,-0.08133608102798462
P,0.5096202492713928,0.27522918581962585,-1.0680354833602905,0.530904233455658,0.2215697169303894,-0.9959132075309753,0.5449079275131226,0.22119635343551636,-0.9959571957588196,0.5569760203361511,0.22177952527999878,-0.9961141347885132,0.47860679030418396,0.22465062141418457,-1.0014945268630981,0.45908865332603455,0.22664056718349457,-1.0018070936203003,0.4427869915962219,0.229167640209198,-1.0021007061004639,0.5710820555686951,0.24794936180114746,-0.58536297082901,0.418437659740448,0.2575863003730774,-0.6053415536880493,0.5381993055343628,0.3389958143234253,-0.9235722422599792,0.4806167185306549,0.342366486787796,-0.9322952032089233,0.6802890300750732,0.5600771307945251,-0.4296322464942932,0.30244123935699463,0.5245816707611084,-0.39252179861068726,0.7762985229492188,0.9354254603385925,-0.4298716187477112,-0.026101410388946533,0.42641258239746094,-0.9676125645637512,0.794584333896637,1.2124218940734863,-0.5689033269882202,0.13484936952590942,0.23557411134243011,-1.5678576231002808,0.8211407661437988,1.3089638948440552,-0.6409701704978943,0.17423602938652039,0.22216755151748657,-1.712855577468872,0.7881799936294556,1.3025637865066528,-0.6664076447486877,0.21533134579658508,0.24878841638565063,-1.6108802556991577,0.7669141888618469,1.270615816116333,-0.5922698974609375,0.2097022533416748,0.2661108374595642,-1.5552335977554321,0.6473292112350464,1.190480351448059,-0.07186593860387802,0.41236981749534607,1.2133197784423828,0.0736212506890297,0.6591428518295288,1.6993435621261597,0.12123725563287735,0.43700966238975525,1.7259962558746338,0.33713704347610474,0.6706119775772095,2.152111053466797,0.8116763830184937,0.4593542516231537,2.1680073738098145,0.8954766988754272,0.677478015422821,2.2239553928375244,0.8537465333938599,0.45817214250564575,2.2352912425994873,0.9417994618415833,0.6493192315101624,2.3094820976257324,0.35679519176483154,0.49195927381515503,2.3263745307922363,0.41562023758888245,0.13681480288505554,0.23145590722560883,0.0,0.18330413103103638,0.25957679748535156,-0.0028365140315145254,0.21944133937358856,0.2965266704559326,-0.020166831091046333,0.23460258543491364,0.33560049533843994,-0.04096847027540207,0.24608927965164185,0.3703659176826477,-0.06108277663588524,0.25510045886039734,0.26464736461639404,-0.04079333692789078,0.2590303421020508,0.3374679386615753,-0.07231096178293228,0.26637503504753113,0.387135773897171,-0.09121700376272202,0.27137693762779236,0.4324251413345337,-0.10161715000867844,0.23094560205936432,0.23666265606880188,-0.05618444085121155,0.21671724319458008,0.3345112204551697,-0.08788347989320755,0.2070394605398178,0.38379400968551636,-0.09249728173017502,0.19965457916259766,0.4151343107223511,-0.09487873315811157,0.197548508644104,0.21679329872131348,-0.07092328369617462,0.18954025208950043,0.296321839094162,-0.09397076070308685,0.18040452897548676,0.32169684767723083,-0.08484064042568207,0.17213918268680573,0.33523643016815186,-0.07822483032941818,0.1611659824848175,0.2034059464931488,-0.08738046139478683,0.16200903058052063,0.2642861306667328,-0.10341177135705948,0.1609475314617157,0.2923555374145508,-0.09634734690189362,0.15797197818756104,0.30884310603141785,-0.08952764421701431
P,0.5084823966026306,0.28479740023612976,-1.094746708869934,0.5300177931785583,0.2327016443014145,-1.025342583656311,0.5440908074378967,0.23250800371170044,-1.0253981351852417,0.5557131767272949,0.23320627212524414,-1.025541067123413,0.4791153073310852,0.23508191108703613,-1.0284018516540527,0.460061639547348,0.2367001175880432,-1.0288541316986084,0.4439845681190491,0.23884552717208862,-1.0292607545852661,0.5709742903709412,0.2576364278793335,-0.6275058388710022,0.4198746681213379,0.2658942937850952,-0.6424095034599304,0.5364226698875427,0.3466603457927704,-0.9525785446166992,0.4803822636604309,0.3504069149494171,-0.959915041923523,0.6829029321670532,0.5638479590415955,-0.4623967707157135,0.30343133211135864,0.5219956040382385,-0.4099845886230469,0.7785152196884155,0.9545696377754211,-0.4911278784275055,-0.008210748434066772,0.44194114208221436,-0.9901129603385925,0.805762767791748,1.2080767154693604,-0.6437545418739319,0.13413932919502258,0.22554731369018555,-1.5823529958724976,0.8339332342147827,1.2997866868972778,-0.7118762731552124,0.16634255647659302,0.20327019691467285,-1.7212594747543335,0.8062170147895813,1.2912366390228271,-0.7400380373001099,0.20326778292655945,0.22704339027404785,-1.6265939474105835,0.7836366295814514,1.2609950304031372,-0.6675983667373657,0.19845697283744812,0.24815726280212402,-1.5721317529678345,0.6354818344116211,1.1810402870178223,-0.06145934388041496,0.4048153758049011,1.1968896389007568,0.06333829462528229,0.6495640277862549,1.6704661846160889,-0.007095775101333857,0.4212457537651062,1.6858843564987183,0.08148437738418579,0.650253415107727,2.113009452819824,0.620142936706543,0.4315488934516907,2.126254081726074,0.4955475926399231,0.6536569595336914,2.182447910308838,0.6564491987228394,0.4289373457431793,2.1963844299316406,0.5244789719581604,0.6298771500587463,2.2678022384643555,0.1770774871110916,0.46283507347106934,2.274564504623413,0.0050074392929673195,0.14744384586811066,0.23907993733882904,0.0,0.1793072372674942,0.2665138840675354,-0.012020648457109928,0.21073545515537262,0.2958941161632538,-0.03247760608792305,0.22712445259094238,0.3219839036464691,-0.05506769195199013,0.24073748290538788,0.3442344665527344,-0.0772237777709961,0.2394522875547409,0.2517320215702057,-0.04821719601750374,0.24865427613258362,0.3056342601776123,-0.08137968182563782,0.2531289756298065,0.3458250164985657,-0.10004103183746338,0.2554546892642975,0.3788468539714813,-0.10999636352062225,0.21536590158939362,0.22213596105575562,-0.059605445712804794,0.2187943309545517,0.28691595792770386,-0.09431512653827667,0.2107146978378296,0.33418962359428406,-0.10055150836706161,0.2007969468832016,0.363846093416214,-0.10235456377267838,0.1850542575120926,0.20194736123085022,-0.07107801735401154,0.18791675567626953,0.26507386565208435,-0.09831365942955017,0.17846716940402985,0.3038060963153839,-0.09210309386253357,0.16865721344947815,0.32687243819236755,-0.08546239882707596,0.15327076613903046,0.1895231008529663,-0.08454208076000214,0.15703260898590088,0.2400694340467453,-0.10204354673624039,0.15435968339443207,0.2740406095981598,-0.09711211174726486,0.15035974979400635,0.29562681913375854,-0.09117555618286133
P,0.5169805288314819,0.27614349126815796,-1.1177842617034912,0.5377811193466187,0.2224494367837906,-1.0466967821121216,0.5513484477996826,0.22192400693893433,-1.046718716621399,0.5641159415245056,0.22232723236083984,-1.0468381643295288,0.4867139756679535,0.22408634424209595,-1.057307481765747,0.46763506531715393,0.22519010305404663,-1.0578635931015015,0.4517647624015808,0.2272396683692932,-1.0583183765411377,0.5775623321533203,0.2506062984466553,-0.6511189341545105,0.4239270091056824,0.2571503520011902,-0.7026956677436829,0.5440612435340881,0.33811134099960327,-0.9750394821166992,0.4886431097984314,0.3379369378089905,-0.9928728938102722,0.6869988441467285,0.5576258897781372,-0.48968109488487244,0.30424991250038147,0.5265929698944092,-0.47123146057128906,0.7806978225708008,0.9459772109985352,-0.53705233335495,-0.0076868534088134766,0.43321487307548523,-1.0287398099899292,0.8009851574897766,1.1786293983459473,-0.7158635854721069,0.14418047666549683,0.22637319564819336,-1.563062310218811,0.8238950967788696,1.269819974899292,-0.7770294547080994,0.17116528749465942,0.21861368417739868,-1.6846050024032593,0.797795295715332,1.2541149854660034,-0.7940725088119507,0.21526022255420685,0.24557703733444214,-1.5787290334701538,0.7785544395446777,1.2237509489059448,-0.7342186570167542,0.21241798996925354,0.26046133041381836,-1.5441657304763794,0.6383160352706909,1.158624291419983,-0.03973628208041191,0.40915483236312866,1.1772481203079224,0.041488587856292725,0.6602972745895386,1.6218810081481934,-0.028020311146974564,0.41752663254737854,1.6325607299804688,-0.04487111419439316,0.6580490469932556,2.0405945777893066,0.601347804069519,0.4442550539970398,2.058077335357666,0.41240185499191284,0.6597006320953369,2.1091866493225098,0.6412202715873718,0.44430190324783325,2.1254754066467285,0.4468892216682434,0.6421709656715393,2.19427227973938,0.20387522876262665,0.4784262776374817,2.206798553466797,-0.03231069818139076,0.14783479273319244,0.24790987372398376,0.0,0.18403425812721252,0.2790118157863617,-0.010768475942313671,0.21495918929576874,0.31586310267448425,-0.03409898653626442,0.22622880339622498,0.35657232999801636,-0.061197903007268906,0.2367236316204071,0.3994016647338867,-0.08832670003175735,0.2494373619556427,0.2604205906391144,-0.05292949825525284,0.2567998766899109,0.32062122225761414,-0.09282613545656204,0.2643257975578308,0.36903804540634155,-0.11720196902751923,0.26689401268959045,0.41456764936447144,-0.1303614377975464,0.22569847106933594,0.22826358675956726,-0.06782719492912292,0.22481338679790497,0.2985362410545349,-0.10888649523258209,0.21121740341186523,0.3531423807144165,-0.11906824260950089,0.1953394114971161,0.3907719850540161,-0.12296799570322037,0.19502028822898865,0.20432451367378235,-0.08282168954610825,0.1966819316148758,0.2639063000679016,-0.1136103942990303,0.1831202656030655,0.30679360032081604,-0.10864494740962982,0.16899701952934265,0.33690863847732544,-0.10286862403154373,0.16113291680812836,0.18839305639266968,-0.10008633136749268,0.16540339589118958,0.23347920179367065,-0.11938629299402237,0.15949389338493347,0.2678075432777405,-0.11464224755764008,0.15097498893737793,0.29352229833602905,-0.10898561030626297
P,0.5120971202850342,0.2702508568763733,-1.1601659059524536,0.533206582069397,0.2179884910583496,-1.0904489755630493,0.548518717288971,0.21723198890686035,-1.0903486013412476,0.5615971088409424,0.21747750043869019,-1.0903743505477905,0.4802927076816559,0.2228342443704605,-1.1000418663024902,0.4621010720729828,0.22520285844802856,-1.1005250215530396,0.4477601647377014,0.22806793451309204,-1.1009294986724854,0.5782991647720337,0.2472846508026123,-0.6998829245567322,0.4239756166934967,0.2568567395210266,-0.7491634488105774,0.5457760691642761,0.33068710565567017,-1.0196716785430908,0.48466140031814575,0.33200883865356445,-1.0366591215133667,0.6872702836990356,0.5536797642707825,-0.5304988622665405,0.3056260347366333,0.5242888331413269,-0.5212656855583191,0.7899326086044312,0.9431890249252319,-0.5775296092033386,-0.00999295711517334,0.42787331342697144,-1.0713036060333252,0.8227981328964233,1.1865460872650146,-0.7179633975028992,0.14115822315216064,0.23988890647888184,-1.5740288496017456,0.8532785177230835,1.2738302946090698,-0.7702525854110718,0.16820749640464783,0.2235264778137207,-1.691907286643982,0.8251519203186035,1.2652713060379028,-0.7890710830688477,0.2011869251728058,0.24800843000411987,-1.5838332176208496,0.8021544218063354,1.2359579801559448,-0.7366688847541809,0.19885611534118652,0.2680318057537079,-1.5549867153167725,0.6380013227462769,1.1495944261550903,-0.04319034144282341,0.41171661019325256,1.1668308973312378,0.045020364224910736,0.6597872376441956,1.622657060623169,-0.05532601475715637,0.4286002516746521,1.6351172924041748,-0.07597268372774124,0.6586048603057861,2.044701099395752,0.5343135595321655,0.4426443576812744,2.065546751022339,0.3077008128166199,0.6604201197624207,2.1102046966552734,0.568597674369812,0.44206348061561584,2.1350009441375732,0.3332158029079437,0.6401872634887695,2.200098991394043,0.12056635320186615,0.4695170521736145,2.209224224090576,-0.1551482230424881,0.09896533191204071,0.2952542006969452,0.0,0.1489514857530594,0.33195003867149353,-0.0010179158998653293,0.19722755253314972,0.3675380349159241,-0.01390113402158022,0.22881974279880524,0.4015810489654541,-0.03294503688812256,0.2542073428630829,0.43345406651496887,-0.051549218595027924,0.23716986179351807,0.2881978154182434,-0.016296207904815674,0.25418251752853394,0.34100064635276794,-0.0439700186252594,0.26225143671035767,0.38783207535743713,-0.061109066009521484,0.263285368680954,0.4334889054298401,-0.06961797177791595,0.2187480628490448,0.2535134255886078,-0.032804615795612335,0.2277209460735321,0.31139254570007324,-0.062477562576532364,0.21877242624759674,0.366874635219574,-0.0708293691277504,0.20441760122776031,0.41110217571258545,-0.0730949267745018,0.1901445984840393,0.22676503658294678,-0.05058800056576729,0.19855552911758423,0.278803288936615,-0.07364628463983536,0.1881350576877594,0.3224170506000519,-0.07064762711524963,0.17581607401371002,0.3564857840538025,-0.06554216891527176,0.1556636095046997,0.20817869901657104,-0.07046239078044891,0.16360878944396973,0.24860653281211853,-0.0844663679599762,0.16250117123126984,0.28326886892318726,-0.08050163090229034,0.15795409679412842,0.3113091289997101,-0.07481437921524048
P,0.5255710482597351,0.26956707239151,-1.1500496864318848,0.5456691384315491,0.21891921758651733,-1.075486183166504,0.5599609613418579,0.21806341409683228,-1.0753669738769531,0.5718774795532227,0.21799291670322418,-1.075528621673584,0.49629291892051697,0.2235392928123474,-1.0809712409973145,0.4776252806186676,0.22540269792079926,-1.0811530351638794,0.4615456461906433,0.22769290208816528,-1.0813390016555786,0.5859706401824951,0.2435448169708252,-0.6441047191619873,0.43545299768447876,0.25651007890701294,-0.6628423929214478,0.5541571378707886,0.3296937346458435,-0.9986588358879089,0.4982175827026367,0.3334457278251648,-1.0064846277236938,0.6918975710868835,0.5581956505775452,-0.48252835869789124,0.3196530342102051,0.5157111287117004,-0.4599967896938324,0.7915489077568054,0.9322667717933655,-0.494149386882782,-0.007671535015106201,0.3806542158126831,-1.0490565299987793,0.8102415800094604,1.2026724815368652,-0.6422304511070251,0.17594283819198608,0.2121337503194809,-1.6464593410491943,0.8398734927177429,1.2966970205307007,-0.7222056984901428,0.22543957829475403,0.18426527082920074,-1.798545241355896,0.8061888813972473,1.2895598411560059,-0.7542980909347534,0.2742651402950287,0.19752801954746246,-1.6973034143447876,0.7850108742713928,1.259413242340088,-0.6688414216041565,0.2514350414276123,0.2557368874549866,-1.6341116428375244,0.6491983532905579,1.192314863204956,-0.06162493675947189,0.4063529968261719,1.2087547779083252,0.06373805552721024,0.6458396315574646,1.6996121406555176,0.26755115389823914,0.41804131865501404,1.7204288244247437,0.40254372358322144,0.6432294249534607,2.144221067428589,1.047208309173584,0.4256748557090759,2.1546576023101807,1.0771571397781372,0.6495550274848938,2.215867042541504,1.0968506336212158,0.422159343957901,2.219985246658325,1.1354469060897827,0.6130247116088867,2.307515859603882,0.581825852394104,0.46163445711135864,2.324606418609619,0.5772828459739685,0.2166125476360321,0.3059471845626831,0.0,0.2385016530752182,0.33113548159599304,-0.02216177061200142,0.26282814145088196,0.3617079555988312,-0.0468621701002121,0.2786961495876312,0.4002436697483063,-0.06997504085302353,0.2938615083694458,0.43396836519241333,-0.09304807335138321,0.273068904876709,0.30264461040496826,-0.07121860235929489,0.27391254901885986,0.33982107043266296,-0.10635969787836075,0.27846968173980713,0.38028377294540405,-0.12411830574274063,0.27789947390556335,0.41653722524642944,-0.13319000601768494,0.2497488558292389,0.28067079186439514,-0.07645776867866516,0.2416377067565918,0.3283253014087677,-0.11185520887374878,0.2412240356206894,0.36297842860221863,-0.11832752078771591,0.23755772411823273,0.3877567648887634,-0.12208123505115509,0.22469627857208252,0.26782193779945374,-0.08089487254619598,0.21824076771736145,0.3034879267215729,-0.10824529826641083,0.21952959895133972,0.3211422562599182,-0.10635614395141602,0.2220444679260254,0.32996413111686707,-0.10468956083059311,0.19901300966739655,0.2622441351413727,-0.08721823990345001,0.19775232672691345,0.2852284610271454,-0.10744008421897888,0.1971011757850647,0.29679545760154724,-0.10769641399383545,0.19707706570625305,0.3030206561088562,-0.10665331035852432
P,0.5334086418151855,0.2820836901664734,-1.1470803022384644,0.5535350441932678,0.22419637441635132,-1.0746911764144897,0.5675512552261353,0.22444820404052734,-1.074637770652771,0.5814284682273865,0.22585166990756989,-1.0748966932296753,0.5060026049613953,0.22644734382629395,-1.082157850265503,0.4870797097682953,0.22831040620803833,-1.0825364589691162,0.46926742792129517,0.23077750205993652,-1.0828405618667603,0.5938459038734436,0.2520449757575989,-0.6397497057914734,0.43461745977401733,0.2558063864707947,-0.6725873351097107,0.5586128234863281,0.3473002314567566,-0.9907113313674927,0.5064282417297363,0.3471945524215698,-1.0028254985809326,0.6930745840072632,0.5619269013404846,-0.4567684531211853,0.3230380117893219,0.5143486261367798,-0.4528551697731018,0.7961455583572388,0.936874270439148,-0.4779244065284729,-0.008419334888458252,0.36413949728012085,-1.0610640048980713,0.8225682973861694,1.1985111236572266,-0.6552533507347107,0.18283230066299438,0.21449245512485504,-1.6652183532714844,0.8533336520195007,1.2886265516281128,-0.7393254041671753,0.22504711151123047,0.18693365156650543,-1.8203046321868896,0.8237166404724121,1.2806063890457153,-0.7709963321685791,0.279011070728302,0.198283851146698,-1.7152421474456787,0.8008554577827454,1.251983642578125,-0.6831196546554565,0.24850860238075256,0.24120444059371948,-1.6516166925430298,0.654569149017334,1.2043159008026123,-0.06440962851047516,0.4169119894504547,1.2229052782058716,0.06615602970123291,0.6609477400779724,1.7250049114227295,0.16701632738113403,0.4335343837738037,1.7497971057891846,0.32700031995773315,0.6648329496383667,2.186683416366577,0.883050799369812,0.44836050271987915,2.205937385559082,0.9003239870071411,0.6692544221878052,2.257767677307129,0.9282571077346802,0.4462350010871887,2.273099660873413,0.947201132774353,0.6415243148803711,2.3510003089904785,0.4206048548221588,0.4806613326072693,2.369882822036743,0.40023431181907654,0.20234382152557373,0.21634913980960846,0.0,0.23696109652519226,0.25079163908958435,-0.0017650093650445342,0.2600073218345642,0.29693618416786194,-0.017690880224108696,0.2649247646331787,0.3417411148548126,-0.0345478393137455,0.26677295565605164,0.37192070484161377,-0.04896458610892296,0.2941023111343384,0.2951280176639557,-0.037560295313596725,0.3083949387073517,0.35820457339286804,-0.060563359409570694,0.31905585527420044,0.39983272552490234,-0.0748843178153038,0.3299074172973633,0.43880295753479004,-0.08461412042379379,0.2771689295768738,0.2810000777244568,-0.05014859884977341,0.24899496138095856,0.36571887135505676,-0.07441595941781998,0.23850484192371368,0.3908036947250366,-0.0761498436331749,0.2412090003490448,0.40670356154441833,-0.0779419094324112,0.24924030900001526,0.26928484439849854,-0.061280507594347,0.21825040876865387,0.3416474759578705,-0.07541033625602722,0.21363800764083862,0.31994324922561646,-0.06232837960124016,0.22266770899295807,0.2923392057418823,-0.05546325817704201,0.2199922502040863,0.260484516620636,-0.07422991096973419,0.2008029818534851,0.3172485828399658,-0.08258195966482162,0.19756969809532166,0.3004806935787201,-0.0734594538807869,0.2055562287569046,0.27842795848846436,-0.06734901666641235
P,0.5078852772712708,0.2755053639411926,-1.1629934310913086,0.5280494093894958,0.21622633934020996,-1.0990314483642578,0.5424594879150391,0.21398085355758667,-1.0987801551818848,0.556121289730072,0.21271377801895142,-1.0988779067993164,0.47468066215515137,0.22497135400772095,-1.1096464395523071,0.45502543449401855,0.2284102439880371,-1.1099517345428467,0.43930181860923767,0.2321305274963379,-1.1102935075759888,0.5733909010887146,0.23750805854797363,-0.7113574147224426,0.415396124124527,0.2608925700187683,-0.7631334662437439,0.5407645106315613,0.33662253618240356,-1.0217549800872803,0.4836576581001282,0.341081440448761,-1.0386885404586792,0.6825253367424011,0.548342764377594,-0.516491711139679,0.30313998460769653,0.5126078724861145,-0.5714893341064453,0.7847957015037537,0.9160019755363464,-0.490713506937027,-0.006010711193084717,0.3859608769416809,-1.0901674032211304,0.8151679039001465,1.161620020866394,-0.5538071393966675,0.156589537858963,0.217803955078125,-1.4908596277236938,0.8440738916397095,1.2432397603988647,-0.5989417433738708,0.19448021054267883,0.18535637855529785,-1.6011148691177368,0.816475510597229,1.2336281538009644,-0.6138405799865723,0.23863787949085236,0.17613595724105835,-1.4987276792526245,0.7925999164581299,1.2072871923446655,-0.5693398118019104,0.21954110264778137,0.23912262916564941,-1.4722826480865479,0.632644772529602,1.1460109949111938,-0.026723593473434448,0.40643906593322754,1.155718207359314,0.02851482667028904,0.6302749514579773,1.6204745769500732,0.291405588388443,0.41488903760910034,1.631127953529358,0.3036629259586334,0.6339514255523682,2.0224990844726562,1.005251407623291,0.4186154305934906,2.0372681617736816,0.8632055521011353,0.6387823224067688,2.085878372192383,1.0559492111206055,0.41603508591651917,2.099343776702881,0.9110162854194641,0.6141905188560486,2.183738946914673,0.6361649036407471,0.45008283853530884,2.197140693664551,0.4446747899055481,0.18362215161323547,0.2111874669790268,0.0,0.2096490114927292,0.2630060613155365,-0.0034289630129933357,0.22841866314411163,0.31658056378364563,-0.02166868932545185,0.22971071302890778,0.3734128773212433,-0.04172011464834213,0.22451484203338623,0.41980648040771484,-0.059526603668928146,0.2721726596355438,0.2875666320323944,-0.03684486821293831,0.287326455116272,0.3491325378417969,-0.060913316905498505,0.29472455382347107,0.38845255970954895,-0.07506520301103592,0.3018975257873535,0.4256158173084259,-0.08455035835504532,0.25619035959243774,0.2619669437408447,-0.050282128155231476,0.2360168695449829,0.3389206528663635,-0.07417904585599899,0.22510220110416412,0.3529697060585022,-0.07484667003154755,0.2284664660692215,0.3577013909816742,-0.07590620964765549,0.22933919727802277,0.24293476343154907,-0.06294065713882446,0.20118409395217896,0.31996849179267883,-0.07758909463882446,0.19456747174263,0.30429428815841675,-0.06460743397474289,0.20216017961502075,0.27893272042274475,-0.0578303299844265,0.20136497914791107,0.23302200436592102,-0.07757639139890671,0.18067896366119385,0.293964147567749,-0.08667439967393875,0.17723645269870758,0.2846367359161377,-0.07792863994836807,0.18436706066131592,0.26467862725257874,-0.07220973074436188
P,0.5133941769599915,0.27563178539276123,-1.131809949874878,0.5331783294677734,0.21453547477722168,-1.0547888278961182,0.5475608706474304,0.21125827729701996,-1.0549030303955078,0.5598770380020142,0.20944827795028687,-1.0550788640975952,0.4825378358364105,0.2279832363128662,-1.0575932264328003,0.46420127153396606,0.2330336570739746,-1.0581721067428589,0.447578489780426,0.2374916672706604,-1.0586658716201782,0.5775721669197083,0.2346516251564026,-0.6146982908248901,0.4240143299102783,0.26417917013168335,-0.6289644837379456,0.5457350015640259,0.3340831995010376,-0.9729323387145996,0.49334517121315,0.34301483631134033,-0.9798210859298706,0.6990574598312378,0.5616652965545654,-0.40145188570022583,0.32694464921951294,0.5129872560501099,-0.39531925320625305,0.7981249094009399,0.9435659646987915,-0.45053133368492126,0.012335360050201416,0.35403335094451904,-0.9843195080757141,0.8072832226753235,1.2080312967300415,-0.6848395466804504,0.1855240762233734,0.19243036210536957,-1.5802301168441772,0.8255730867385864,1.2959870100021362,-0.7723609209060669,0.21955342590808868,0.14716219902038574,-1.7474582195281982,0.8009269833564758,1.2793141603469849,-0.8207162618637085,0.248606875538826,0.18188701570034027,-1.6351053714752197,0.7819339036941528,1.2479331493377686,-0.7183531522750854,0.24296769499778748,0.22044910490512848,-1.5676517486572266,0.6564785242080688,1.222650170326233,-0.048707667738199234,0.42739158868789673,1.2359684705734253,0.050527043640613556,0.6764547228813171,1.7295644283294678,-0.056720614433288574,0.4534482955932617,1.7368251085281372,-0.015603259205818176,0.6848759055137634,2.174293279647827,0.6637184619903564,0.46505266427993774,2.196039915084839,0.46680134534835815,0.6866277456283569,2.2370035648345947,0.7106471657752991,0.4634864330291748,2.26629638671875,0.5005617737770081,0.6692972183227539,2.3405206203460693,0.22614207863807678,0.49153047800064087,2.3442420959472656,-0.02969740889966488,0.21369898319244385,0.22626230120658875,0.0,0.24171914160251617,0.25651422142982483,-0.003228520741686225,0.2576335072517395,0.2948765754699707,-0.020381882786750793,0.25966712832450867,0.32908153533935547,-0.03686073422431946,0.26507240533828735,0.34774574637413025,-0.051543381065130234,0.28365445137023926,0.2851594388484955,-0.048731423914432526,0.2925279438495636,0.33954745531082153,-0.07283802330493927,0.2982568144798279,0.3826488256454468,-0.08663102239370346,0.30289047956466675,0.4218275249004364,-0.09531266987323761,0.26344162225723267,0.2693789303302765,-0.058549486100673676,0.23935416340827942,0.35021308064460754,-0.08202477544546127,0.22903549671173096,0.37469929456710815,-0.08250635862350464,0.2291451394557953,0.3887527883052826,-0.08336423337459564,0.23623815178871155,0.2574007511138916,-0.06602860987186432,0.21301786601543427,0.3237777352333069,-0.07798018306493759,0.2134624868631363,0.3081154525279999,-0.06197750195860863,0.22323553264141083,0.2850012481212616,-0.053730763494968414,0.21002265810966492,0.25017356872558594,-0.07481410354375839,0.19631482660770416,0.3024204969406128,-0.0811609998345375,0.19592677056789398,0.2872637212276459,-0.069420225918293,0.20367155969142914,0.2666510343551636,-0.061676207929849625
P,0.5119720101356506,0.2750101089477539,-1.128285527229309,0.5299187898635864,0.21490751206874847,-1.0494476556777954,0.5447195172309875,0.21204566955566406,-1.0495622158050537,0.5576421022415161,0.2103932946920395,-1.0497311353683472,0.48074012994766235,0.2267511487007141,-1.0538121461868286,0.4631834626197815,0.2313714623451233,-1.0544220209121704,0.44760483503341675,0.23581081628799438,-1.054927110671997,0.5762338042259216,0.23657430708408356,-0.6041443943977356,0.4257926046848297,0.2641264796257019,-0.6262887716293335,0.5457444787025452,0.33460140228271484,-0.9666935205459595,0.4933462142944336,0.342373788356781,-0.9753302335739136,0.7008040547370911,0.5592948198318481,-0.37709787487983704,0.32492467761039734,0.5074234008789062,-0.3954043388366699,0.8041286468505859,0.9469239711761475,-0.41645655035972595,0.01932692527770996,0.33430391550064087,-0.9867376089096069,0.8211051225662231,1.2216044664382935,-0.6545801758766174,0.19513991475105286,0.17969192564487457,-1.5488814115524292,0.8319802284240723,1.3139119148254395,-0.7395918369293213,0.23182563483715057,0.13767732679843903,-1.709787368774414,0.818534255027771,1.297493815422058,-0.7935513854026794,0.2595933675765991,0.16769671440124512,-1.5924947261810303,0.7986315488815308,1.2657356262207031,-0.6894089579582214,0.25328776240348816,0.20091009140014648,-1.5314878225326538,0.6452666521072388,1.2322497367858887,-0.05705826357007027,0.4277074933052063,1.2390910387039185,0.058283545076847076,0.6604461669921875,1.6978124380111694,-0.13933800160884857,0.4417521357536316,1.6990854740142822,-0.0235182736068964,0.6759539842605591,2.1583333015441895,0.5098442435264587,0.4623169004917145,2.1731019020080566,0.4637083411216736,0.6794126629829407,2.22275972366333,0.5507102608680725,0.4654124677181244,2.240225076675415,0.496868371963501,0.659538209438324,2.316232919692993,0.07701044529676437,0.4733361303806305,2.3228042125701904,0.0037782557774335146,0.27483710646629333,0.22816896438598633,0.0,0.2972053289413452,0.2551700174808502,-0.010510656982660294,0.29939204454421997,0.29668837785720825,-0.023692317306995392,0.28202947974205017,0.32568296790122986,-0.03324131667613983,0.266781210899353,0.3446985185146332,-0.04237842187285423,0.29714614152908325,0.2945508360862732,-0.05528513342142105,0.3053301274776459,0.3546930253505707,-0.07846298813819885,0.31075865030288696,0.39307212829589844,-0.09197203814983368,0.314518541097641,0.4248616099357605,-0.10005500912666321,0.2735464870929718,0.28128695487976074,-0.05546032264828682,0.25106582045555115,0.34788113832473755,-0.07531479746103287,0.23951473832130432,0.38816115260124207,-0.08071843534708023,0.23196125030517578,0.4220356345176697,-0.08545278012752533,0.2532902657985687,0.27199748158454895,-0.053342197090387344,0.2358800619840622,0.33178478479385376,-0.06620562821626663,0.24163249135017395,0.34328505396842957,-0.06158360093832016,0.24822336435317993,0.349405974149704,-0.059453900903463364,0.2374946027994156,0.2678649127483368,-0.05165815353393555,0.23150624334812164,0.31199103593826294,-0.05920547619462013,0.2414362132549286,0.31407245993614197,-0.055410951375961304,0.25063976645469666,0.3084896206855774,-0.05291176587343216
P,0.5153610110282898,0.2749003767967224,-1.124009132385254,0.5348589420318604,0.2232540249824524,-1.0484285354614258,0.5505620241165161,0.2219718098640442,-1.048155665397644,0.5654767155647278,0.22189603745937347,-1.0486055612564087,0.4838266372680664,0.22910910844802856,-1.0564746856689453,0.465242475271225,0.2311600297689438,-1.0564824342727661,0.4481111168861389,0.23329681158065796,-1.0568119287490845,0.58067387342453,0.2478230595588684,-0.5965049862861633,0.4213733673095703,0.25743263959884644,-0.6309001445770264,0.5495825409889221,0.3323746919631958,-0.9625496864318848,0.49545687437057495,0.3370433449745178,-0.9744312167167664,0.6966966390609741,0.5531801581382751,-0.39200344681739807,0.32406169176101685,0.5053151845932007,-0.4667885899543762,0.803530216217041,0.9479838013648987,-0.3577044904232025,0.010084927082061768,0.31772834062576294,-1.1049293279647827,0.8763391375541687,1.2201863527297974,-0.4363725781440735,0.20655255019664764,0.18637622892856598,-1.6048078536987305,0.9212442636489868,1.3078739643096924,-0.4987331032752991,0.23626220226287842,0.14725756645202637,-1.7495759725570679,0.8879505395889282,1.3172520399093628,-0.5296286940574646,0.3001023232936859,0.16470275819301605,-1.6370484828948975,0.8591823577880859,1.2853493690490723,-0.46237048506736755,0.2744918763637543,0.23210519552230835,-1.5893301963806152,0.6633996963500977,1.2260715961456299,-0.04781940206885338,0.4173109531402588,1.2376679182052612,0.05055011436343193,0.6668071746826172,1.7619976997375488,0.19415448606014252,0.4318716526031494,1.7707839012145996,0.36506545543670654,0.6586595773696899,2.2250983715057373,0.9046205282211304,0.418820321559906,2.2407586574554443,1.037534475326538,0.6636922359466553,2.2970643043518066,0.9478728175163269,0.40993744134902954,2.314990758895874,1.0938276052474976,0.6273360252380371,2.4010398387908936,0.41575655341148376,0.45690399408340454,2.4151625633239746,0.5180535316467285,0.2927034795284271,0.2528373599052429,0.0,0.31794339418411255,0.2915637493133545,-0.006067292299121618,0.3243717849254608,0.34052079916000366,-0.019045641645789146,0.3100593388080597,0.37513467669487,-0.03115672618150711,0.29704171419143677,0.40489327907562256,-0.0426383912563324,0.32118773460388184,0.31261852383613586,-0.047187644988298416,0.3247479498386383,0.37017014622688293,-0.06697343289852142,0.3271934390068054,0.4065374732017517,-0.07612944394350052,0.3296594023704529,0.43816903233528137,-0.080819271504879,0.29750150442123413,0.28674715757369995,-0.05166178196668625,0.26698848605155945,0.3511373996734619,-0.06979115307331085,0.25588446855545044,0.3838549852371216,-0.0692436471581459,0.25026828050613403,0.4081127345561981,-0.06840109825134277,0.27396368980407715,0.26800230145454407,-0.0534183531999588,0.24601753056049347,0.31586185097694397,-0.06309211999177933,0.25250208377838135,0.31470364332199097,-0.04873642697930336,0.2619769275188446,0.3068927526473999,-0.03946356475353241,0.25206321477890015,0.2559650242328644,-0.056334782391786575,0.22929996252059937,0.29400435090065,-0.06073158234357834,0.2363051176071167,0.29360389709472656,-0.050039276480674744,0.24479451775550842,0.281353622674942,-0.041476547718048096
P,0.5284425020217896,0.28690576553344727,-1.086788296699524,0.5468987822532654,0.2270575910806656,-1.0146868228912354,0.5608120560646057,0.22589220106601715,-1.0146015882492065,0.5742329359054565,0.22600579261779785,-1.014891266822815,0.5013434886932373,0.23185552656650543,-1.0120536088943481,0.4843442440032959,0.23298096656799316,-1.0121665000915527,0.4692283570766449,0.23477697372436523,-1.012367844581604,0.5893720984458923,0.25428926944732666,-0.5428581833839417,0.43853211402893066,0.25845766067504883,-0.5275586247444153,0.5534586906433105,0.3492313027381897,-0.9172391891479492,0.5026878118515015,0.34743982553482056,-0.9144672155380249,0.6980939507484436,0.556228756904602,-0.34050944447517395,0.32956767082214355,0.5015338063240051,-0.31605690717697144,0.793287992477417,0.9270846843719482,-0.3096124827861786,0.006262838840484619,0.3399655222892761,-1.0055742263793945,0.7963231801986694,1.246684193611145,-0.470930278301239,0.18358227610588074,0.22681689262390137,-1.8055431842803955,0.8217658996582031,1.3654242753982544,-0.5618224143981934,0.2250046283006668,0.20454621315002441,-2.0012619495391846,0.7897706031799316,1.3597338199615479,-0.6137198209762573,0.261221706867218,0.24363064765930176,-1.9138290882110596,0.7711428999900818,1.3265070915222168,-0.5059176683425903,0.26073139905929565,0.2691359519958496,-1.804954171180725,0.6763467788696289,1.2791187763214111,-0.09336689859628677,0.420887291431427,1.2908066511154175,0.09524865448474884,0.6483258605003357,1.8775856494903564,0.17085589468479156,0.40268176794052124,1.8925726413726807,0.3715735375881195,0.6405801773071289,2.417487621307373,0.937411904335022,0.40855783224105835,2.4295220375061035,1.0591070652008057,0.6482228636741638,2.4882969856262207,0.9808343052864075,0.4080654978752136,2.4954566955566406,1.1156047582626343,0.598853349685669,2.5916192531585693,0.37207651138305664,0.43322062492370605,2.6099038124084473,0.4539310038089752,0.140264093875885,0.2884719669818878,0.0,0.1852627843618393,0.32973119616508484,-0.0010431837290525436,0.22898320853710175,0.3631388545036316,-0.013191086240112782,0.256551057100296,0.38396602869033813,-0.030326342210173607,0.2761171758174896,0.39877942204475403,-0.046950146555900574,0.26850610971450806,0.33738973736763,-0.018318554386496544,0.3033936023712158,0.36437734961509705,-0.0458669476211071,0.32370108366012573,0.40055251121520996,-0.06371255964040756,0.3351835310459137,0.4369705021381378,-0.07384612411260605,0.25701284408569336,0.3049648702144623,-0.03369716554880142,0.2884134352207184,0.3067004978656769,-0.06386321038007736,0.2927106022834778,0.3412097692489624,-0.0748930424451828,0.28759726881980896,0.37837207317352295,-0.07945609092712402,0.2361007034778595,0.2723861336708069,-0.05036907270550728,0.2606900930404663,0.27969950437545776,-0.07548273354768753,0.2517540752887726,0.3044542968273163,-0.07410569489002228,0.23756293952465057,0.3282218277454376,-0.07007979601621628,0.20892232656478882,0.24294209480285645,-0.06849362701177597,0.22770880162715912,0.2534717917442322,-0.0855233371257782,0.22267930209636688,0.2727581858634949,-0.0832231342792511,0.21255439519882202,0.2895449101924896,-0.07882390171289444
P,0.5375404357910156,0.28557559847831726,-0.961273193359375,0.5670003294944763,0.24571532011032104,-0.8879667520523071,0.5825661420822144,0.252408504486084,-0.8880907297134399,0.5961858630180359,0.2592129111289978,-0.8884333372116089,0.520803689956665,0.2255064845085144,-0.8938330411911011,0.503649890422821,0.21870452165603638,-0.8940145373344421,0.48703616857528687,0.2136693000793457,-0.8942798376083374,0.6030347347259521,0.28727060556411743,-0.46827906370162964,0.45470762252807617,0.2368738055229187,-0.4872729778289795,0.5501338243484497,0.3543151617050171,-0.8139427304267883,0.4957987666130066,0.3351246118545532,-0.8219631314277649,0.6627124547958374,0.5685601830482483,-0.3604651689529419,0.2938687205314636,0.5037516355514526,-0.29461148381233215,0.7639151215553284,0.9299635291099548,-0.4013064503669739,-0.05388936400413513,0.37984323501586914,-0.9712751507759094,0.7772642374038696,1.1854735612869263,-0.5969482660293579,0.1443050354719162,0.28822585940361023,-1.7761433124542236,0.7959214448928833,1.2859282493591309,-0.6755625009536743,0.19050022959709167,0.258517861366272,-1.9363075494766235,0.7668570280075073,1.2708935737609863,-0.699105441570282,0.23488858342170715,0.2873203158378601,-1.8476603031158447,0.7502790093421936,1.2447398900985718,-0.6194992065429688,0.23277334868907928,0.3207853436470032,-1.7684834003448486,0.5979264378547668,1.2347687482833862,-0.08039655536413193,0.34235525131225586,1.2246688604354858,0.08248444646596909,0.5704007148742676,1.769420862197876,0.23876145482063293,0.3262849450111389,1.7641823291778564,0.5079032778739929,0.553707480430603,2.248720407485962,0.9933351278305054,0.32210615277290344,2.2243781089782715,1.2244937419891357,0.5574253797531128,2.3265838623046875,1.0412770509719849,0.31463348865509033,2.289196014404297,1.2883968353271484,0.5125740766525269,2.4117698669433594,0.5196399092674255,0.35400938987731934,2.4056434631347656,0.7340871691703796,0.11617197096347809,0.25804010033607483,0.0,0.1586696207523346,0.3061258792877197,0.000983566977083683,0.20259034633636475,0.3450557589530945,-0.010088296607136726,0.23207266628742218,0.3706550598144531,-0.02770298905670643,0.2536185681819916,0.3913089632987976,-0.04591415822505951,0.24318991601467133,0.30944734811782837,-0.014665430411696434,0.2770383358001709,0.3685888350009918,-0.04483024403452873,0.2984132468700409,0.4180918037891388,-0.06577302515506744,0.31214639544487,0.4609385132789612,-0.077680304646492,0.23480232059955597,0.2828185558319092,-0.0321476124227047,0.27165183424949646,0.3476685881614685,-0.06864505261182785,0.27662983536720276,0.40763652324676514,-0.08508630096912384,0.2750396728515625,0.4515479505062103,-0.09134334325790405,0.21870532631874084,0.25820910930633545,-0.05095336213707924,0.2451452761888504,0.3246428370475769,-0.08168540894985199,0.2193104326725006,0.36078476905822754,-0.08074158430099487,0.19555959105491638,0.3812294900417328,-0.07468222826719284,0.19562982022762299,0.2383582592010498,-0.07133711874485016,0.21241042017936707,0.29243403673171997,-0.09115300327539444,0.1972123384475708,0.3220432698726654,-0.08783213049173355,0.18119311332702637,0.3382863998413086,-0.08134981989860535
